cond_x,cond_y,activator_x,activator_y,family_x,family_y,n_subpairs,n_acids_hetero,n_acids_nonarom,diff_enumeration_order,group,diff_oriented,is_target
C10,C11,TNTU,TPTU,other,other,560,21,32,-0.012754003632750033,background,,False
C10,C12,TNTU,TSTU,other,other,562,21,32,-0.012415691825281818,background,,False
C10,C13,TNTU,EDC-HCl,other,carbodiimide,565,21,32,-0.07639462964562482,background,,False
C10,C14,TNTU,BOP,other,other,565,20,32,-0.07389362557482454,background,,False
C10,C15,TNTU,PyClOP,other,other,569,21,32,-0.051259444039536195,background,,False
C10,C16,TNTU,PyClOP,other,other,562,21,32,-0.052266756302577974,background,,False
C10,C17,TNTU,(EtO)2P(O)CN,other,other,540,21,31,-0.044254811527185384,background,,False
C10,C18,TNTU,FDPP,other,other,566,21,32,-0.013882911825399205,background,,False
C10,C19,TNTU,HATU,other,other,570,21,32,-0.0068091199391158985,background,,False
C10,C2,TNTU,TFFH,other,haloformamidinium,562,21,32,-0.029593467523941375,background,,False
C10,C20,TNTU,HATU,other,other,569,21,32,-0.080887075424118,background,,False
C10,C21,TNTU,HBTU,other,other,570,21,32,-0.06602711111922888,background,,False
C10,C22,TNTU,HBTU,other,other,564,21,32,-0.09848512221889977,background,,False
C10,C23,TNTU,HCTU,other,other,567,21,32,-0.1078788654237623,background,,False
C10,C24,TNTU,TOTU,other,other,560,21,32,-0.03876644686774122,background,,False
C10,C25,TNTU,EDC-HCl,other,carbodiimide,532,21,31,0.031907704968752185,background,,False
C10,C26,TNTU,EDC-HCl,other,carbodiimide,567,21,32,-0.020222789478990873,background,,False
C10,C27,TNTU,EDC-HCl,other,carbodiimide,563,21,32,0.000474621368579503,background,,False
C10,C28,TNTU,EDC-HCl,other,carbodiimide,567,21,32,-0.03005175485919074,background,,False
C10,C29,TNTU,DCC,other,carbodiimide,547,21,32,-0.016223906739043864,background,,False
C10,C3,TNTU,BTFFH,other,haloformamidinium,557,21,31,0.0332005541522569,background,,False
C10,C30,TNTU,DCC,other,carbodiimide,561,21,32,-0.015120181279483037,background,,False
C10,C31,TNTU,DCC,other,carbodiimide,568,21,32,0.007042026928209856,background,,False
C10,C32,TNTU,DCC,other,carbodiimide,565,21,32,-0.02971845498166714,background,,False
C10,C33,TNTU,PyAOP,other,other,552,21,32,-0.0657342292542624,background,,False
C10,C34,TNTU,PyAOP,other,other,567,21,32,-0.0553510487692673,background,,False
C10,C35,TNTU,PyBOP,other,other,567,21,32,-0.09036943204965334,background,,False
C10,C36,TNTU,PyBOP,other,other,565,21,32,-0.06667697340995057,background,,False
C10,C37,TNTU,PyOxim,other,other,570,21,32,-0.11834241791644773,background,,False
C10,C38,TNTU,PyBrOP,other,other,565,21,32,-0.026694752794373278,background,,False
C10,C39,TNTU,PyBrOP,other,other,558,21,32,-0.026380101182225252,background,,False
C10,C4,TNTU,DCMT,other,other,564,21,31,-0.03827693633659243,background,,False
C10,C40,TNTU,PyClocK,other,other,566,21,32,-0.06980580530501702,background,,False
C10,C41,TNTU,EEDQ,other,quinoline,560,21,32,-0.15262230390695783,background,,False
C10,C42,TNTU,DEPBT,other,other,566,21,32,-0.13226391195708959,background,,False
C10,C43,TNTU,DPP-Cl,other,other,566,21,32,-0.024384330538431587,background,,False
C10,C44,TNTU,DMTMM,other,other,567,21,31,-0.03543812257565715,background,,False
C10,C45,TNTU,PyCIU,other,other,567,21,32,-0.03769879195001648,background,,False
C10,C46,TNTU,BOPCl,other,other,564,21,32,-0.05624814684891716,background,,False
C10,C47,TNTU,EDC-HCl,other,carbodiimide,563,21,32,-0.021491631478081724,background,,False
C10,C48,TNTU,TFFH,other,haloformamidinium,568,21,31,-0.018166651190656635,background,,False
C10,C49,TNTU,BTFFH,other,haloformamidinium,532,21,31,0.0419008335715221,background,,False
C10,C5,TNTU,COMU,other,other,554,21,32,-0.016915279313337195,background,,False
C10,C50,TNTU,DCMT,other,other,568,21,32,-0.049427816834340804,background,,False
C10,C51,TNTU,EDC-HCl,other,carbodiimide,546,21,32,0.035897370211314006,background,,False
C10,C52,TNTU,EDC-HCl,other,carbodiimide,565,21,32,-0.004859216467907428,background,,False
C10,C53,TNTU,EDC-HCl,other,carbodiimide,560,21,32,0.015838291142961147,background,,False
C10,C54,TNTU,EDC-HCl,other,carbodiimide,560,21,32,-0.034084975419062684,background,,False
C10,C55,TNTU,DCC,other,carbodiimide,544,21,31,-0.02186976736623472,background,,False
C10,C56,TNTU,DCC,other,carbodiimide,565,21,32,0.013744698690550339,background,,False
C10,C57,TNTU,DCC,other,carbodiimide,560,21,32,0.026401834694509595,background,,False
C10,C58,TNTU,DCC,other,carbodiimide,564,21,31,-0.004263374638008421,background,,False
C10,C59,TNTU,CITU,other,other,556,21,32,-0.026501704077459207,background,,False
C10,C6,TNTU,TBTU,other,other,552,21,32,-0.07662081971779533,background,,False
C10,C60,TNTU,EDC-HCl,other,carbodiimide,566,21,32,-0.07544500102040452,background,,False
C10,C61,TNTU,PyAOP,other,other,566,21,32,-0.04621508724795653,background,,False
C10,C62,TNTU,TFFH,other,haloformamidinium,565,21,32,-0.05199206340567458,background,,False
C10,C63,TNTU,CDI,other,other,559,21,32,0.019898462196628303,background,,False
C10,C64,TNTU,CDMT,other,other,550,21,32,-0.15584914435634023,background,,False
C10,C65,TNTU,CIP,other,other,524,21,31,-0.007202010114923163,background,,False
C10,C66,TNTU,DIC,other,carbodiimide,565,21,32,-0.12328964018545241,background,,False
C10,C67,TNTU,EDC-HCl,other,carbodiimide,565,21,32,-0.022565532206148313,background,,False
C10,C68,TNTU,EDC-HCl,other,carbodiimide,567,21,32,0.015328893864586935,background,,False
C10,C69,TNTU,EDC-HCl,other,carbodiimide,559,21,32,-0.012962589570732423,background,,False
C10,C7,TNTU,HDMC,other,other,551,21,32,-0.10456398084879098,background,,False
C10,C70,TNTU,DCC,other,carbodiimide,560,21,32,0.0606860601296884,background,,False
C10,C71,TNTU,DCC,other,carbodiimide,562,21,32,-0.006734968581270671,background,,False
C10,C72,TNTU,IBCF,other,other,541,21,32,-0.062071079929967465,background,,False
C10,C73,TNTU,DCC,other,carbodiimide,544,21,32,-0.020789115982547974,background,,False
C10,C74,TNTU,EDC-HCl,other,carbodiimide,565,21,32,-0.09695806316268954,background,,False
C10,C76,TNTU,TCFH,other,haloformamidinium,564,21,32,-0.03209300935483497,background,,False
C10,C77,TNTU,DCC,other,carbodiimide,567,21,32,-0.032321824648756076,background,,False
C10,C78,TNTU,DCC,other,carbodiimide,565,21,32,-0.1332453218471294,background,,False
C10,C79,TNTU,DCC,other,carbodiimide,563,21,32,-0.05703313143326666,background,,False
C10,C8,TNTU,TCTU,other,other,547,21,32,-0.09220964583496563,background,,False
C10,C80,TNTU,DCC,other,carbodiimide,551,21,32,-0.0996574060032795,background,,False
C10,C81,TNTU,DCC,other,carbodiimide,533,20,31,-0.06359022533282023,background,,False
C10,C82,TNTU,DCC,other,carbodiimide,557,21,32,-0.023454594688910757,background,,False
C10,C83,TNTU,DIC,other,carbodiimide,559,21,31,-0.09808819043435094,background,,False
C10,C84,TNTU,DIC,other,carbodiimide,566,21,32,-0.05173740831068238,background,,False
C10,C85,TNTU,DIC,other,carbodiimide,564,21,32,-0.06992418255273221,background,,False
C10,C86,TNTU,DIC,other,carbodiimide,567,21,32,-0.07519899181575765,background,,False
C10,C87,TNTU,EDC-HCl,other,carbodiimide,565,21,32,0.0034935445279357033,background,,False
C10,C88,TNTU,EDC-HCl,other,carbodiimide,555,21,32,-0.11353434062650336,background,,False
C10,C89,TNTU,EDC-HCl,other,carbodiimide,545,20,32,-0.06164157851559385,background,,False
C10,C9,TNTU,TDBTU,other,other,534,21,31,-0.0363326628298698,background,,False
C10,C90,TNTU,EDC-HCl,other,carbodiimide,560,21,32,-0.07324808326325746,background,,False
C10,C91,TNTU,EDC-HCl,other,carbodiimide,564,21,32,-0.08297280620245029,background,,False
C10,C92,TNTU,HATU,other,other,568,21,32,-0.016822226043418216,background,,False
C10,C93,TNTU,TPTU,other,other,562,21,32,-0.011627262604502975,background,,False
C10,C94,TNTU,HBPYU,other,other,568,21,31,-0.01148076605269454,background,,False
C10,C95,TNTU,IIDQ,other,quinoline,566,21,31,-0.1274613408706875,background,,False
C10,C96,TNTU,TOTU,other,other,539,21,32,-0.07826527804272662,background,,False
C11,C12,TPTU,TSTU,other,other,557,21,32,-0.005056486843593694,background,,False
C11,C13,TPTU,EDC-HCl,other,carbodiimide,561,21,32,-0.059363409580959155,background,,False
C11,C14,TPTU,BOP,other,other,561,20,32,-0.07657642334835224,background,,False
C11,C15,TPTU,PyClOP,other,other,565,21,32,-0.03661872111086639,background,,False
C11,C16,TPTU,PyClOP,other,other,558,21,32,-0.0373447551147677,background,,False
C11,C17,TPTU,(EtO)2P(O)CN,other,other,536,21,31,-0.03254912527821652,background,,False
C11,C18,TPTU,FDPP,other,other,562,21,32,4.639420377618164e-05,background,,False
C11,C19,TPTU,HATU,other,other,566,21,32,0.00893162860216368,background,,False
C11,C2,TPTU,TFFH,other,haloformamidinium,558,21,32,-0.014545343383962461,background,,False
C11,C20,TPTU,HATU,other,other,565,21,32,-0.06517217970841288,background,,False
C11,C21,TPTU,HBTU,other,other,566,21,32,-0.051153647095439264,background,,False
C11,C22,TPTU,HBTU,other,other,561,21,32,-0.08189143248386538,background,,False
C11,C23,TPTU,HCTU,other,other,563,21,32,-0.0932517069840114,background,,False
C11,C24,TPTU,TOTU,other,other,556,21,32,-0.02577120042856977,background,,False
C11,C25,TPTU,EDC-HCl,other,carbodiimide,529,21,31,0.046006280975249725,background,,False
C11,C26,TPTU,EDC-HCl,other,carbodiimide,563,21,32,-0.004163761825208834,background,,False
C11,C27,TPTU,EDC-HCl,other,carbodiimide,559,21,32,0.010299529677003816,background,,False
C11,C28,TPTU,EDC-HCl,other,carbodiimide,563,21,32,-0.01619594107960695,background,,False
C11,C29,TPTU,DCC,other,carbodiimide,541,21,32,-0.002394673602313102,background,,False
C11,C3,TPTU,BTFFH,other,haloformamidinium,553,21,31,0.04149792518099943,background,,False
C11,C30,TPTU,DCC,other,carbodiimide,558,21,32,0.004020550640178172,background,,False
C11,C31,TPTU,DCC,other,carbodiimide,563,21,32,0.015069241444136017,background,,False
C11,C32,TPTU,DCC,other,carbodiimide,561,21,32,-0.014605361704981917,background,,False
C11,C33,TPTU,PyAOP,other,other,549,21,32,-0.05703314349480703,background,,False
C11,C34,TPTU,PyAOP,other,other,563,21,32,-0.042174096105840275,background,,False
C11,C35,TPTU,PyBOP,other,other,563,21,32,-0.07580084520519433,background,,False
C11,C36,TPTU,PyBOP,other,other,562,21,32,-0.05427434062951021,background,,False
C11,C37,TPTU,PyOxim,other,other,566,21,32,-0.10420947282315123,background,,False
C11,C38,TPTU,PyBrOP,other,other,561,21,32,-0.01575008281823692,background,,False
C11,C39,TPTU,PyBrOP,other,other,553,21,32,-0.019943709929800657,background,,False
C11,C4,TPTU,DCMT,other,other,559,21,31,-0.023676928207183978,background,,False
C11,C40,TPTU,PyClocK,other,other,562,21,32,-0.05688371809744473,background,,False
C11,C41,TPTU,EEDQ,other,quinoline,555,21,32,-0.14865346648151406,background,,False
C11,C42,TPTU,DEPBT,other,other,562,21,32,-0.12086689779075256,background,,False
C11,C43,TPTU,DPP-Cl,other,other,562,21,32,-0.012381407013871193,background,,False
C11,C44,TPTU,DMTMM,other,other,563,21,31,-0.02227077885545692,background,,False
C11,C45,TPTU,PyCIU,other,other,563,21,32,-0.02273710107716792,background,,False
C11,C46,TPTU,BOPCl,other,other,560,21,32,-0.042579237843047846,background,,False
C11,C47,TPTU,EDC-HCl,other,carbodiimide,559,21,32,-0.008657918952470811,background,,False
C11,C48,TPTU,TFFH,other,haloformamidinium,563,21,31,-0.0021981518421723134,background,,False
C11,C49,TPTU,BTFFH,other,haloformamidinium,529,21,31,0.049604010434821044,background,,False
C11,C5,TPTU,COMU,other,other,551,21,32,-0.0008622571290483327,background,,False
C11,C50,TPTU,DCMT,other,other,564,21,32,-0.034816328671922636,background,,False
C11,C51,TPTU,EDC-HCl,other,carbodiimide,540,21,32,0.052603413082769224,background,,False
C11,C52,TPTU,EDC-HCl,other,carbodiimide,561,21,32,-0.0008313858420882919,background,,False
C11,C53,TPTU,EDC-HCl,other,carbodiimide,556,21,32,0.021151155930172222,background,,False
C11,C54,TPTU,EDC-HCl,other,carbodiimide,556,21,32,-0.020219357867126503,background,,False
C11,C55,TPTU,DCC,other,carbodiimide,539,21,31,-0.014621388236621402,background,,False
C11,C56,TPTU,DCC,other,carbodiimide,561,21,32,0.03047402022193793,background,,False
C11,C57,TPTU,DCC,other,carbodiimide,557,21,32,0.0374251514949864,background,,False
C11,C58,TPTU,DCC,other,carbodiimide,560,21,31,0.006944680869873432,background,,False
C11,C59,TPTU,CITU,other,other,551,21,32,-0.0164583382846612,background,,False
C11,C6,TPTU,TBTU,other,other,549,21,32,-0.06195845903884205,background,,False
C11,C60,TPTU,EDC-HCl,other,carbodiimide,562,21,32,-0.05795951343285004,background,,False
C11,C61,TPTU,PyAOP,other,other,562,21,32,-0.03735673347315923,background,,False
C11,C62,TPTU,TFFH,other,haloformamidinium,561,21,32,-0.035217289638996396,background,,False
C11,C63,TPTU,CDI,other,other,555,21,32,0.03339229165902402,background,,False
C11,C64,TPTU,CDMT,other,other,546,21,32,-0.13454855509258234,background,,False
C11,C65,TPTU,CIP,other,other,520,21,31,0.010804350886121028,background,,False
C11,C66,TPTU,DIC,other,carbodiimide,561,21,32,-0.10427732319439342,background,,False
C11,C67,TPTU,EDC-HCl,other,carbodiimide,559,21,32,-0.008094567804520642,background,,False
C11,C68,TPTU,EDC-HCl,other,carbodiimide,562,21,32,0.026721743057825514,background,,False
C11,C69,TPTU,EDC-HCl,other,carbodiimide,555,21,32,0.001162722017587381,background,,False
C11,C7,TPTU,HDMC,other,other,547,21,32,-0.0858929347395932,background,,False
C11,C70,TPTU,DCC,other,carbodiimide,556,21,32,0.07819828314515043,background,,False
C11,C71,TPTU,DCC,other,carbodiimide,558,21,32,0.009671346042046558,background,,False
C11,C72,TPTU,IBCF,other,other,536,21,32,-0.04484852707249182,background,,False
C11,C73,TPTU,DCC,other,carbodiimide,540,21,32,-0.003979892821247555,background,,False
C11,C74,TPTU,EDC-HCl,other,carbodiimide,561,21,32,-0.08133975136919953,background,,False
C11,C76,TPTU,TCFH,other,haloformamidinium,560,21,32,-0.018716606346757814,background,,False
C11,C77,TPTU,DCC,other,carbodiimide,563,21,32,-0.022835001284608025,background,,False
C11,C78,TPTU,DCC,other,carbodiimide,561,21,32,-0.1187847534292375,background,,False
C11,C79,TPTU,DCC,other,carbodiimide,560,21,32,-0.03439301006102651,background,,False
C11,C8,TPTU,TCTU,other,other,543,21,32,-0.07579531261129147,background,,False
C11,C80,TPTU,DCC,other,carbodiimide,547,21,32,-0.07179539117813845,background,,False
C11,C81,TPTU,DCC,other,carbodiimide,529,20,31,-0.0617683577787835,background,,False
C11,C82,TPTU,DCC,other,carbodiimide,553,21,32,-0.008755645446632265,background,,False
C11,C83,TPTU,DIC,other,carbodiimide,554,21,31,-0.08558991579261208,background,,False
C11,C84,TPTU,DIC,other,carbodiimide,562,21,32,-0.03651571201091934,background,,False
C11,C85,TPTU,DIC,other,carbodiimide,560,21,32,-0.05530477329535697,background,,False
C11,C86,TPTU,DIC,other,carbodiimide,563,21,32,-0.06214134771263677,background,,False
C11,C87,TPTU,EDC-HCl,other,carbodiimide,561,21,32,0.018749058630087162,background,,False
C11,C88,TPTU,EDC-HCl,other,carbodiimide,550,21,32,-0.09667102255616819,background,,False
C11,C89,TPTU,EDC-HCl,other,carbodiimide,541,20,32,-0.048782391315952536,background,,False
C11,C9,TPTU,TDBTU,other,other,531,21,31,-0.0277498268943382,background,,False
C11,C90,TPTU,EDC-HCl,other,carbodiimide,556,21,32,-0.060797027794511654,background,,False
C11,C91,TPTU,EDC-HCl,other,carbodiimide,559,21,32,-0.06662064937305849,background,,False
C11,C92,TPTU,HATU,other,other,564,21,32,-0.005470381409181185,background,,False
C11,C93,TPTU,TPTU,other,other,560,21,32,-0.004280301366526267,background,,False
C11,C94,TPTU,HBPYU,other,other,564,21,31,0.004119388672951918,background,,False
C11,C95,TPTU,IIDQ,other,quinoline,562,21,31,-0.11284107439381963,background,,False
C11,C96,TPTU,TOTU,other,other,535,21,32,-0.05788612189232484,background,,False
C12,C13,TSTU,EDC-HCl,other,carbodiimide,562,21,32,-0.05474764642691085,background,,False
C12,C14,TSTU,BOP,other,other,562,20,32,-0.06065252011401187,background,,False
C12,C15,TSTU,PyClOP,other,other,566,21,32,-0.029375520562278573,background,,False
C12,C16,TSTU,PyClOP,other,other,559,21,32,-0.029524059684981466,background,,False
C12,C17,TSTU,(EtO)2P(O)CN,other,other,537,21,31,-0.029833834250489494,background,,False
C12,C18,TSTU,FDPP,other,other,563,21,32,0.0006651299031809887,background,,False
C12,C19,TSTU,HATU,other,other,567,21,32,0.008073487805871249,background,,False
C12,C2,TSTU,TFFH,other,haloformamidinium,558,21,32,-0.0047526031373270605,background,,False
C12,C20,TSTU,HATU,other,other,566,21,32,-0.0697598101319809,background,,False
C12,C21,TSTU,HBTU,other,other,567,21,32,-0.04756995563221386,background,,False
C12,C22,TSTU,HBTU,other,other,561,21,32,-0.0714786120218796,background,,False
C12,C23,TSTU,HCTU,other,other,564,21,32,-0.08396311416162355,background,,False
C12,C24,TSTU,TOTU,other,other,557,21,32,-0.022583575503404826,background,,False
C12,C25,TSTU,EDC-HCl,other,carbodiimide,528,21,31,0.04498085190580263,background,,False
C12,C26,TSTU,EDC-HCl,other,carbodiimide,564,21,32,0.0035167457787118883,background,,False
C12,C27,TSTU,EDC-HCl,other,carbodiimide,561,21,32,0.017137633412924673,background,,False
C12,C28,TSTU,EDC-HCl,other,carbodiimide,564,21,32,-0.007488785363467314,background,,False
C12,C29,TSTU,DCC,other,carbodiimide,543,21,32,0.00930430632001375,background,,False
C12,C3,TSTU,BTFFH,other,haloformamidinium,555,21,31,0.05378387082986074,background,,False
C12,C30,TSTU,DCC,other,carbodiimide,559,21,32,0.009117244154623193,background,,False
C12,C31,TSTU,DCC,other,carbodiimide,567,21,32,0.020242055893716446,background,,False
C12,C32,TSTU,DCC,other,carbodiimide,562,21,32,-0.01199459257903757,background,,False
C12,C33,TSTU,PyAOP,other,other,551,21,32,-0.05483463055794571,background,,False
C12,C34,TSTU,PyAOP,other,other,564,21,32,-0.039002706906189816,background,,False
C12,C35,TSTU,PyBOP,other,other,564,21,32,-0.07675683844181039,background,,False
C12,C36,TSTU,PyBOP,other,other,562,21,32,-0.055262177834874,background,,False
C12,C37,TSTU,PyOxim,other,other,567,21,32,-0.10330361874287047,background,,False
C12,C38,TSTU,PyBrOP,other,other,562,21,32,-0.006513356526463648,background,,False
C12,C39,TSTU,PyBrOP,other,other,555,21,32,-0.007874653590463077,background,,False
C12,C4,TSTU,DCMT,other,other,560,21,31,-0.016296416821208137,background,,False
C12,C40,TSTU,PyClocK,other,other,563,21,32,-0.054730289810481614,background,,False
C12,C41,TSTU,EEDQ,other,quinoline,557,21,32,-0.13181844951674215,background,,False
C12,C42,TSTU,DEPBT,other,other,563,21,32,-0.11830713013028361,background,,False
C12,C43,TSTU,DPP-Cl,other,other,563,21,32,-0.004513225536647514,background,,False
C12,C44,TSTU,DMTMM,other,other,564,21,31,-0.013791098265061724,background,,False
C12,C45,TSTU,PyCIU,other,other,564,21,32,-0.017821268241817928,background,,False
C12,C46,TSTU,BOPCl,other,other,561,21,32,-0.03766701540704617,background,,False
C12,C47,TSTU,EDC-HCl,other,carbodiimide,560,21,32,-0.0011345733282817072,background,,False
C12,C48,TSTU,TFFH,other,haloformamidinium,564,21,31,0.0021692326257107264,background,,False
C12,C49,TSTU,BTFFH,other,haloformamidinium,529,21,31,0.05403611886921315,background,,False
C12,C5,TSTU,COMU,other,other,552,21,32,0.003344323882213904,background,,False
C12,C50,TSTU,DCMT,other,other,565,21,32,-0.025057879369456082,background,,False
C12,C51,TSTU,EDC-HCl,other,carbodiimide,541,21,32,0.05897445793248664,background,,False
C12,C52,TSTU,EDC-HCl,other,carbodiimide,562,21,32,0.005729033347463858,background,,False
C12,C53,TSTU,EDC-HCl,other,carbodiimide,560,21,32,0.02932665636458108,background,,False
C12,C54,TSTU,EDC-HCl,other,carbodiimide,557,21,32,-0.012331797483938225,background,,False
C12,C55,TSTU,DCC,other,carbodiimide,540,21,31,0.004810480147968921,background,,False
C12,C56,TSTU,DCC,other,carbodiimide,562,21,32,0.03099745171408507,background,,False
C12,C57,TSTU,DCC,other,carbodiimide,559,21,32,0.04364033214270874,background,,False
C12,C58,TSTU,DCC,other,carbodiimide,561,21,31,0.0039045337408052105,background,,False
C12,C59,TSTU,CITU,other,other,552,21,32,0.0023598611273206588,background,,False
C12,C6,TSTU,TBTU,other,other,550,21,32,-0.05905361865333453,background,,False
C12,C60,TSTU,EDC-HCl,other,carbodiimide,563,21,32,-0.060405735739394284,background,,False
C12,C61,TSTU,PyAOP,other,other,563,21,32,-0.0324956964650685,background,,False
C12,C62,TSTU,TFFH,other,haloformamidinium,562,21,32,-0.02633315455799423,background,,False
C12,C63,TSTU,CDI,other,other,557,21,32,0.03929429534291392,background,,False
C12,C64,TSTU,CDMT,other,other,548,21,32,-0.13522914671916522,background,,False
C12,C65,TSTU,CIP,other,other,520,21,31,0.007881972275443822,background,,False
C12,C66,TSTU,DIC,other,carbodiimide,562,21,32,-0.10822629876119402,background,,False
C12,C67,TSTU,EDC-HCl,other,carbodiimide,561,21,32,-0.006405092531372544,background,,False
C12,C68,TSTU,EDC-HCl,other,carbodiimide,564,21,32,0.03311746489077631,background,,False
C12,C69,TSTU,EDC-HCl,other,carbodiimide,557,21,32,0.0029015759778744333,background,,False
C12,C7,TSTU,HDMC,other,other,549,21,32,-0.09053487571551705,background,,False
C12,C70,TSTU,DCC,other,carbodiimide,557,21,32,0.09003893988833044,background,,False
C12,C71,TSTU,DCC,other,carbodiimide,559,21,32,0.012748730103673785,background,,False
C12,C72,TSTU,IBCF,other,other,537,21,32,-0.03454533089089423,background,,False
C12,C73,TSTU,DCC,other,carbodiimide,542,21,32,-0.002945661096694633,background,,False
C12,C74,TSTU,EDC-HCl,other,carbodiimide,562,21,32,-0.08139454773727642,background,,False
C12,C76,TSTU,TCFH,other,haloformamidinium,561,21,32,-0.008381215102446077,background,,False
C12,C77,TSTU,DCC,other,carbodiimide,564,21,32,-0.00787245846299181,background,,False
C12,C78,TSTU,DCC,other,carbodiimide,562,21,32,-0.11850105422282353,background,,False
C12,C79,TSTU,DCC,other,carbodiimide,560,21,32,-0.036904360920881646,background,,False
C12,C8,TSTU,TCTU,other,other,544,21,32,-0.0727760702512627,background,,False
C12,C80,TSTU,DCC,other,carbodiimide,548,21,32,-0.08237625637984028,background,,False
C12,C81,TSTU,DCC,other,carbodiimide,530,20,31,-0.05143704352442169,background,,False
C12,C82,TSTU,DCC,other,carbodiimide,554,21,32,-0.0007826678998925501,background,,False
C12,C83,TSTU,DIC,other,carbodiimide,555,21,31,-0.09213249037344878,background,,False
C12,C84,TSTU,DIC,other,carbodiimide,563,21,32,-0.03591923354688781,background,,False
C12,C85,TSTU,DIC,other,carbodiimide,561,21,32,-0.0590953571567473,background,,False
C12,C86,TSTU,DIC,other,carbodiimide,564,21,32,-0.06568331836139366,background,,False
C12,C87,TSTU,EDC-HCl,other,carbodiimide,562,21,32,0.023667880940158488,background,,False
C12,C88,TSTU,EDC-HCl,other,carbodiimide,551,21,32,-0.0965295304143228,background,,False
C12,C89,TSTU,EDC-HCl,other,carbodiimide,542,20,32,-0.04819662711354264,background,,False
C12,C9,TSTU,TDBTU,other,other,530,21,31,-0.016321567189885672,background,,False
C12,C90,TSTU,EDC-HCl,other,carbodiimide,557,21,32,-0.05919749470150576,background,,False
C12,C91,TSTU,EDC-HCl,other,carbodiimide,560,21,32,-0.06775327539266679,background,,False
C12,C92,TSTU,HATU,other,other,565,21,32,-0.0013790585647309363,background,,False
C12,C93,TSTU,TPTU,other,other,560,21,32,-0.0019410090975563454,background,,False
C12,C94,TSTU,HBPYU,other,other,565,21,31,0.0005387671885525441,background,,False
C12,C95,TSTU,IIDQ,other,quinoline,563,21,31,-0.11276326412792122,background,,False
C12,C96,TSTU,TOTU,other,other,535,21,32,-0.05426031645050583,background,,False
C13,C14,EDC-HCl,BOP,carbodiimide,other,567,20,32,-0.013500525859008516,background,,False
C13,C15,EDC-HCl,PyClOP,carbodiimide,other,571,21,32,0.027921155021446487,background,,False
C13,C16,EDC-HCl,PyClOP,carbodiimide,other,563,21,32,0.026800073500862498,background,,False
C13,C17,EDC-HCl,(EtO)2P(O)CN,carbodiimide,other,541,21,31,0.014190913912396907,background,,False
C13,C18,EDC-HCl,FDPP,carbodiimide,other,568,21,32,0.05955914421998108,background,,False
C13,C19,EDC-HCl,HATU,carbodiimide,other,571,21,32,0.06849544386965757,background,,False
C13,C2,EDC-HCl,TFFH,carbodiimide,haloformamidinium,562,21,32,0.04715352913152021,background,,False
C13,C20,EDC-HCl,HATU,carbodiimide,other,570,21,32,-0.00749453359579999,background,,False
C13,C21,EDC-HCl,HBTU,carbodiimide,other,571,21,32,0.007250407701197517,background,,False
C13,C22,EDC-HCl,HBTU,carbodiimide,other,566,21,32,-0.025020688314418768,background,,False
C13,C23,EDC-HCl,HCTU,carbodiimide,other,568,21,32,-0.033748751272439176,background,,False
C13,C24,EDC-HCl,TOTU,carbodiimide,other,562,21,32,0.035024392674086954,background,,False
C13,C25,EDC-HCl,EDC-HCl,carbodiimide,carbodiimide,532,21,31,0.08422561938177467,background,,False
C13,C26,EDC-HCl,EDC-HCl,carbodiimide,carbodiimide,568,21,32,0.055231707372486796,background,,False
C13,C27,EDC-HCl,EDC-HCl,carbodiimide,carbodiimide,563,21,32,0.07590492860934488,background,,False
C13,C28,EDC-HCl,EDC-HCl,carbodiimide,carbodiimide,569,21,32,0.04746470591780064,background,,False
C13,C29,EDC-HCl,DCC,carbodiimide,carbodiimide,546,21,32,0.05403614063519713,background,,False
C13,C3,EDC-HCl,BTFFH,carbodiimide,haloformamidinium,559,21,31,0.10338083441076149,background,,False
C13,C30,EDC-HCl,DCC,carbodiimide,carbodiimide,562,21,32,0.06470613695811418,background,,False
C13,C31,EDC-HCl,DCC,carbodiimide,carbodiimide,568,21,32,0.08149765315144672,background,,False
C13,C32,EDC-HCl,DCC,carbodiimide,carbodiimide,566,21,32,0.047040983999947245,background,,False
C13,C33,EDC-HCl,PyAOP,carbodiimide,other,554,21,32,0.007076963256461871,background,,False
C13,C34,EDC-HCl,PyAOP,carbodiimide,other,568,21,32,0.019124141339014557,background,,False
C13,C35,EDC-HCl,PyBOP,carbodiimide,other,569,21,32,-0.015169411997529109,background,,False
C13,C36,EDC-HCl,PyBOP,carbodiimide,other,566,21,32,0.004670677225601105,background,,False
C13,C37,EDC-HCl,PyOxim,carbodiimide,other,572,21,32,-0.04546838127928145,background,,False
C13,C38,EDC-HCl,PyBrOP,carbodiimide,other,566,21,32,0.050533229606907704,background,,False
C13,C39,EDC-HCl,PyBrOP,carbodiimide,other,558,21,32,0.038781453697565915,background,,False
C13,C4,EDC-HCl,DCMT,carbodiimide,other,564,21,31,0.04124335563970799,background,,False
C13,C40,EDC-HCl,PyClocK,carbodiimide,other,567,21,32,0.004344654837488228,background,,False
C13,C41,EDC-HCl,EEDQ,carbodiimide,quinoline,560,21,32,-0.07923981592594923,target,0.07923981592594923,True
C13,C42,EDC-HCl,DEPBT,carbodiimide,other,567,21,32,-0.06009401615736125,background,,False
C13,C43,EDC-HCl,DPP-Cl,carbodiimide,other,568,21,32,0.05128768577878423,background,,False
C13,C44,EDC-HCl,DMTMM,carbodiimide,other,568,21,31,0.045143292033112736,background,,False
C13,C45,EDC-HCl,PyCIU,carbodiimide,other,569,21,32,0.03854042232605831,background,,False
C13,C46,EDC-HCl,BOPCl,carbodiimide,other,565,21,32,0.02121480308158702,background,,False
C13,C47,EDC-HCl,EDC-HCl,carbodiimide,carbodiimide,564,21,32,0.05646811970337878,background,,False
C13,C48,EDC-HCl,TFFH,carbodiimide,haloformamidinium,568,21,31,0.06231848269269896,background,,False
C13,C49,EDC-HCl,BTFFH,carbodiimide,haloformamidinium,533,21,31,0.10303751314204207,background,,False
C13,C5,EDC-HCl,COMU,carbodiimide,other,555,21,32,0.059064161686460975,background,,False
C13,C50,EDC-HCl,DCMT,carbodiimide,other,569,21,32,0.02830247581467582,background,,False
C13,C51,EDC-HCl,EDC-HCl,carbodiimide,carbodiimide,545,21,32,0.10616403806338254,background,,False
C13,C52,EDC-HCl,EDC-HCl,carbodiimide,carbodiimide,566,21,32,0.06192424326185578,background,,False
C13,C53,EDC-HCl,EDC-HCl,carbodiimide,carbodiimide,561,21,32,0.08885005084523973,background,,False
C13,C54,EDC-HCl,EDC-HCl,carbodiimide,carbodiimide,561,21,32,0.04549064179119375,background,,False
C13,C55,EDC-HCl,DCC,carbodiimide,carbodiimide,544,21,31,0.04373380422392492,background,,False
C13,C56,EDC-HCl,DCC,carbodiimide,carbodiimide,566,21,32,0.09043535034311012,background,,False
C13,C57,EDC-HCl,DCC,carbodiimide,carbodiimide,561,21,32,0.1047028221986947,background,,False
C13,C58,EDC-HCl,DCC,carbodiimide,carbodiimide,565,21,31,0.05201784380117644,background,,False
C13,C59,EDC-HCl,CITU,carbodiimide,other,556,21,32,0.04962670430445898,background,,False
C13,C6,EDC-HCl,TBTU,carbodiimide,other,554,21,32,-0.0034083146752677956,background,,False
C13,C60,EDC-HCl,EDC-HCl,carbodiimide,carbodiimide,567,21,32,0.0024074415823149738,background,,False
C13,C61,EDC-HCl,PyAOP,carbodiimide,other,567,21,32,0.026720714491822707,background,,False
C13,C62,EDC-HCl,TFFH,carbodiimide,haloformamidinium,566,21,32,0.02833862764866457,background,,False
C13,C63,EDC-HCl,CDI,carbodiimide,other,560,21,32,0.08741716728153792,background,,False
C13,C64,EDC-HCl,CDMT,carbodiimide,other,551,21,32,-0.0733531169719557,background,,False
C13,C65,EDC-HCl,CIP,carbodiimide,other,524,21,31,0.06259212681593512,background,,False
C13,C66,EDC-HCl,DIC,carbodiimide,carbodiimide,566,21,32,-0.048572596272976054,background,,False
C13,C67,EDC-HCl,EDC-HCl,carbodiimide,carbodiimide,564,21,32,0.051142511598421064,background,,False
C13,C68,EDC-HCl,EDC-HCl,carbodiimide,carbodiimide,567,21,32,0.09223365927327364,background,,False
C13,C69,EDC-HCl,EDC-HCl,carbodiimide,carbodiimide,560,21,32,0.0548166939067766,background,,False
C13,C7,EDC-HCl,HDMC,carbodiimide,other,553,21,32,-0.028318707774522514,background,,False
C13,C70,EDC-HCl,DCC,carbodiimide,carbodiimide,561,21,32,0.1405040644079491,background,,False
C13,C71,EDC-HCl,DCC,carbodiimide,carbodiimide,564,21,32,0.07070757677143263,background,,False
C13,C72,EDC-HCl,IBCF,carbodiimide,other,541,21,32,0.012218761384625021,background,,False
C13,C73,EDC-HCl,DCC,carbodiimide,carbodiimide,546,21,32,0.06647684119520442,background,,False
C13,C74,EDC-HCl,EDC-HCl,carbodiimide,carbodiimide,568,21,32,-0.022275323120908054,background,,False
C13,C76,EDC-HCl,TCFH,carbodiimide,haloformamidinium,565,21,32,0.04553228130240111,background,,False
C13,C77,EDC-HCl,DCC,carbodiimide,carbodiimide,568,21,32,0.04571003500409132,background,,False
C13,C78,EDC-HCl,DCC,carbodiimide,carbodiimide,566,21,32,-0.062188718525049175,background,,False
C13,C79,EDC-HCl,DCC,carbodiimide,carbodiimide,564,21,32,0.019695522302315534,background,,False
C13,C8,EDC-HCl,TCTU,carbodiimide,other,548,21,32,-0.01740281755805037,background,,False
C13,C80,EDC-HCl,DCC,carbodiimide,carbodiimide,553,21,32,-0.013343110780627377,background,,False
C13,C81,EDC-HCl,DCC,carbodiimide,carbodiimide,534,20,31,0.005807188437483471,background,,False
C13,C82,EDC-HCl,DCC,carbodiimide,carbodiimide,558,21,32,0.05739101470753655,background,,False
C13,C83,EDC-HCl,DIC,carbodiimide,carbodiimide,559,21,31,-0.04482052153990081,background,,False
C13,C84,EDC-HCl,DIC,carbodiimide,carbodiimide,567,21,32,0.024361982285717718,background,,False
C13,C85,EDC-HCl,DIC,carbodiimide,carbodiimide,565,21,32,0.006318558579456839,background,,False
C13,C86,EDC-HCl,DIC,carbodiimide,carbodiimide,568,21,32,-0.002736193079856449,background,,False
C13,C87,EDC-HCl,EDC-HCl,carbodiimide,carbodiimide,566,21,32,0.08181357183790183,background,,False
C13,C88,EDC-HCl,EDC-HCl,carbodiimide,carbodiimide,555,21,32,-0.039408043143783614,background,,False
C13,C89,EDC-HCl,EDC-HCl,carbodiimide,carbodiimide,546,20,32,0.007518473778845444,background,,False
C13,C9,EDC-HCl,TDBTU,carbodiimide,other,534,21,31,0.01748832565625142,background,,False
C13,C90,EDC-HCl,EDC-HCl,carbodiimide,carbodiimide,561,21,32,-0.0017084189811643019,background,,False
C13,C91,EDC-HCl,EDC-HCl,carbodiimide,carbodiimide,564,21,32,-0.008358428056284155,background,,False
C13,C92,EDC-HCl,HATU,carbodiimide,other,569,21,32,0.05762279297985384,background,,False
C13,C93,EDC-HCl,TPTU,carbodiimide,other,563,21,32,0.05078160157960475,background,,False
C13,C94,EDC-HCl,HBPYU,carbodiimide,other,569,21,31,0.06713868589100694,background,,False
C13,C95,EDC-HCl,IIDQ,carbodiimide,quinoline,567,21,31,-0.05025951901735967,target,0.05025951901735967,True
C13,C96,EDC-HCl,TOTU,carbodiimide,other,539,21,32,0.004531335144629611,background,,False
C14,C15,BOP,PyClOP,other,other,571,20,32,0.0327493796004657,background,,False
C14,C16,BOP,PyClOP,other,other,563,20,32,0.03160170466641993,background,,False
C14,C17,BOP,(EtO)2P(O)CN,other,other,540,20,31,0.02088399500828053,background,,False
C14,C18,BOP,FDPP,other,other,567,20,32,0.06961319913286713,background,,False
C14,C19,BOP,HATU,other,other,571,20,32,0.07802661828183155,background,,False
C14,C2,BOP,TFFH,other,haloformamidinium,562,20,32,0.05722035678149906,background,,False
C14,C20,BOP,HATU,other,other,570,20,32,0.003075679913641563,background,,False
C14,C21,BOP,HBTU,other,other,571,20,32,0.017672898019203548,background,,False
C14,C22,BOP,HBTU,other,other,565,20,32,-0.011547975134271523,background,,False
C14,C23,BOP,HCTU,other,other,568,20,32,-0.02462949009624605,background,,False
C14,C24,BOP,TOTU,other,other,561,20,32,0.04356280218458,background,,False
C14,C25,BOP,EDC-HCl,other,carbodiimide,532,20,31,0.09000013721799466,background,,False
C14,C26,BOP,EDC-HCl,other,carbodiimide,568,20,32,0.06704787811337865,background,,False
C14,C27,BOP,EDC-HCl,other,carbodiimide,563,20,32,0.07766423644804038,background,,False
C14,C28,BOP,EDC-HCl,other,carbodiimide,568,20,32,0.06263971990249001,background,,False
C14,C29,BOP,DCC,other,carbodiimide,547,20,32,0.0602409301398345,background,,False
C14,C3,BOP,BTFFH,other,haloformamidinium,558,20,31,0.11104090183640358,background,,False
C14,C30,BOP,DCC,other,carbodiimide,563,20,32,0.07740130428503192,background,,False
C14,C31,BOP,DCC,other,carbodiimide,568,20,32,0.09044276183201366,background,,False
C14,C32,BOP,DCC,other,carbodiimide,567,20,32,0.06466027433553206,background,,False
C14,C33,BOP,PyAOP,other,other,553,20,32,0.02033337950440863,background,,False
C14,C34,BOP,PyAOP,other,other,568,20,32,0.03500835474519853,background,,False
C14,C35,BOP,PyBOP,other,other,568,20,32,-0.004983882355460363,background,,False
C14,C36,BOP,PyBOP,other,other,566,20,32,0.015592229737483348,background,,False
C14,C37,BOP,PyOxim,other,other,571,20,32,-0.03768554602255524,background,,False
C14,C38,BOP,PyBrOP,other,other,566,20,32,0.05519673467087183,background,,False
C14,C39,BOP,PyBrOP,other,other,560,20,32,0.05282625740172575,background,,False
C14,C4,BOP,DCMT,other,other,564,20,31,0.04812639501932847,background,,False
C14,C40,BOP,PyClocK,other,other,567,20,32,0.012303951055450263,background,,False
C14,C41,BOP,EEDQ,other,quinoline,560,20,32,-0.08469213211740942,background,,False
C14,C42,BOP,DEPBT,other,other,567,20,32,-0.04279834167804877,background,,False
C14,C43,BOP,DPP-Cl,other,other,567,20,32,0.05543962843051681,background,,False
C14,C44,BOP,DMTMM,other,other,568,20,31,0.050939985693197465,background,,False
C14,C45,BOP,PyCIU,other,other,568,20,32,0.0424017065434536,background,,False
C14,C46,BOP,BOPCl,other,other,565,20,32,0.0260702047187108,background,,False
C14,C47,BOP,EDC-HCl,other,carbodiimide,564,20,32,0.06178029551777159,background,,False
C14,C48,BOP,TFFH,other,haloformamidinium,568,20,31,0.06992109087063508,background,,False
C14,C49,BOP,BTFFH,other,haloformamidinium,533,20,31,0.11047069066278045,background,,False
C14,C5,BOP,COMU,other,other,555,20,32,0.05879550324991081,background,,False
C14,C50,BOP,DCMT,other,other,569,20,32,0.035091268308934165,background,,False
C14,C51,BOP,EDC-HCl,other,carbodiimide,545,20,32,0.10945510211783427,background,,False
C14,C52,BOP,EDC-HCl,other,carbodiimide,566,20,32,0.061526730256952336,background,,False
C14,C53,BOP,EDC-HCl,other,carbodiimide,562,20,32,0.08748171225858062,background,,False
C14,C54,BOP,EDC-HCl,other,carbodiimide,562,20,32,0.041685783031611606,background,,False
C14,C55,BOP,DCC,other,carbodiimide,544,20,31,0.04834541729204428,background,,False
C14,C56,BOP,DCC,other,carbodiimide,566,20,32,0.10174793543066929,background,,False
C14,C57,BOP,DCC,other,carbodiimide,561,20,32,0.10254440124891506,background,,False
C14,C58,BOP,DCC,other,carbodiimide,565,20,31,0.07277647662657269,background,,False
C14,C59,BOP,CITU,other,other,556,20,32,0.04622753204877039,background,,False
C14,C6,BOP,TBTU,other,other,553,20,32,0.009937574195131794,background,,False
C14,C60,BOP,EDC-HCl,other,carbodiimide,567,20,32,0.01366804295903469,background,,False
C14,C61,BOP,PyAOP,other,other,567,20,32,0.03613030140765269,background,,False
C14,C62,BOP,TFFH,other,haloformamidinium,566,20,32,0.03469477581235858,background,,False
C14,C63,BOP,CDI,other,other,561,20,32,0.09614442001949086,background,,False
C14,C64,BOP,CDMT,other,other,551,20,32,-0.05017423231367156,background,,False
C14,C65,BOP,CIP,other,other,524,20,31,0.06799600021986268,background,,False
C14,C66,BOP,DIC,other,carbodiimide,566,20,32,-0.04154959235306435,background,,False
C14,C67,BOP,EDC-HCl,other,carbodiimide,564,20,32,0.0585748701108261,background,,False
C14,C68,BOP,EDC-HCl,other,carbodiimide,567,20,32,0.0915563961726305,background,,False
C14,C69,BOP,EDC-HCl,other,carbodiimide,561,20,32,0.07881762129005987,background,,False
C14,C7,BOP,HDMC,other,other,552,20,32,-0.016983807303372102,background,,False
C14,C70,BOP,DCC,other,carbodiimide,561,20,32,0.14176448300313185,background,,False
C14,C71,BOP,DCC,other,carbodiimide,563,20,32,0.07995884072425383,background,,False
C14,C72,BOP,IBCF,other,other,541,20,32,0.017279728776265213,background,,False
C14,C73,BOP,DCC,other,carbodiimide,545,20,32,0.07591728897083327,background,,False
C14,C74,BOP,EDC-HCl,other,carbodiimide,566,20,32,-0.010354593388995179,background,,False
C14,C76,BOP,TCFH,other,haloformamidinium,565,20,32,0.05361423440806595,background,,False
C14,C77,BOP,DCC,other,carbodiimide,568,20,32,0.05667100646810663,background,,False
C14,C78,BOP,DCC,other,carbodiimide,566,20,32,-0.057833563899958806,background,,False
C14,C79,BOP,DCC,other,carbodiimide,564,20,32,0.03037822971154573,background,,False
C14,C8,BOP,TCTU,other,other,548,20,32,-0.006091623455557596,background,,False
C14,C80,BOP,DCC,other,carbodiimide,552,20,32,0.0012685381448496874,background,,False
C14,C81,BOP,DCC,other,carbodiimide,535,20,31,0.017093811828628118,background,,False
C14,C82,BOP,DCC,other,carbodiimide,558,20,32,0.06342909520500606,background,,False
C14,C83,BOP,DIC,other,carbodiimide,559,20,31,-0.03356574257016518,background,,False
C14,C84,BOP,DIC,other,carbodiimide,567,20,32,0.02491901696616116,background,,False
C14,C85,BOP,DIC,other,carbodiimide,565,20,32,0.010454227946627231,background,,False
C14,C86,BOP,DIC,other,carbodiimide,568,20,32,0.0032448859473764163,background,,False
C14,C87,BOP,EDC-HCl,other,carbodiimide,566,20,32,0.08653394908459716,background,,False
C14,C88,BOP,EDC-HCl,other,carbodiimide,555,20,32,-0.03593751132205337,background,,False
C14,C89,BOP,EDC-HCl,other,carbodiimide,547,20,32,0.014403742888737407,background,,False
C14,C9,BOP,TDBTU,other,other,534,20,31,0.038068528310966174,background,,False
C14,C90,BOP,EDC-HCl,other,carbodiimide,561,20,32,0.014763817625950082,background,,False
C14,C91,BOP,EDC-HCl,other,carbodiimide,564,20,32,-0.0050512107825789465,background,,False
C14,C92,BOP,HATU,other,other,569,20,32,0.05773817651317992,background,,False
C14,C93,BOP,TPTU,other,other,563,20,32,0.06913394046803836,background,,False
C14,C94,BOP,HBPYU,other,other,569,20,31,0.06750051403926438,background,,False
C14,C95,BOP,IIDQ,other,quinoline,567,20,31,-0.05057520947728461,background,,False
C14,C96,BOP,TOTU,other,other,539,20,32,0.008228234516123978,background,,False
C15,C16,PyClOP,PyClOP,other,other,567,21,32,-0.001540436545590303,background,,False
C15,C17,PyClOP,(EtO)2P(O)CN,other,other,544,21,31,-0.007073367601920979,background,,False
C15,C18,PyClOP,FDPP,other,other,571,21,32,0.033553005992442986,background,,False
C15,C19,PyClOP,HATU,other,other,575,21,32,0.040666881630548324,background,,False
C15,C2,PyClOP,TFFH,other,haloformamidinium,566,21,32,0.02318764229697412,background,,False
C15,C20,PyClOP,HATU,other,other,574,21,32,-0.0336189565476569,background,,False
C15,C21,PyClOP,HBTU,other,other,575,21,32,-0.0164093764794907,background,,False
C15,C22,PyClOP,HBTU,other,other,569,21,32,-0.04546666459694293,background,,False
C15,C23,PyClOP,HCTU,other,other,572,21,32,-0.05829859787174929,background,,False
C15,C24,PyClOP,TOTU,other,other,565,21,32,0.007878090773201063,background,,False
C15,C25,PyClOP,EDC-HCl,other,carbodiimide,536,21,31,0.07212859361733168,background,,False
C15,C26,PyClOP,EDC-HCl,other,carbodiimide,572,21,32,0.02858028032914628,background,,False
C15,C27,PyClOP,EDC-HCl,other,carbodiimide,567,21,32,0.04792884045659841,background,,False
C15,C28,PyClOP,EDC-HCl,other,carbodiimide,572,21,32,0.01988020350724254,background,,False
C15,C29,PyClOP,DCC,other,carbodiimide,550,21,32,0.029571011482657235,background,,False
C15,C3,PyClOP,BTFFH,other,haloformamidinium,562,21,31,0.08583264512570044,background,,False
C15,C30,PyClOP,DCC,other,carbodiimide,566,21,32,0.03784052129685003,background,,False
C15,C31,PyClOP,DCC,other,carbodiimide,572,21,32,0.054091172112524274,background,,False
C15,C32,PyClOP,DCC,other,carbodiimide,570,21,32,0.019761082647796357,background,,False
C15,C33,PyClOP,PyAOP,other,other,557,21,32,-0.02174798794655397,background,,False
C15,C34,PyClOP,PyAOP,other,other,572,21,32,-0.0074961352950135285,background,,False
C15,C35,PyClOP,PyBOP,other,other,572,21,32,-0.04356377744918388,background,,False
C15,C36,PyClOP,PyBOP,other,other,570,21,32,-0.01990624089412324,background,,False
C15,C37,PyClOP,PyOxim,other,other,575,21,32,-0.07143349420710471,background,,False
C15,C38,PyClOP,PyBrOP,other,other,570,21,32,0.020455923668709054,background,,False
C15,C39,PyClOP,PyBrOP,other,other,562,21,32,0.016279726136727984,background,,False
C15,C4,PyClOP,DCMT,other,other,568,21,31,0.007058607828218155,background,,False
C15,C40,PyClOP,PyClocK,other,other,571,21,32,-0.022547800410077645,background,,False
C15,C41,PyClOP,EEDQ,other,quinoline,564,21,32,-0.1064231761692442,background,,False
C15,C42,PyClOP,DEPBT,other,other,571,21,32,-0.08697172086928931,background,,False
C15,C43,PyClOP,DPP-Cl,other,other,571,21,32,0.023861246219124436,background,,False
C15,C44,PyClOP,DMTMM,other,other,572,21,31,0.008382790436489013,background,,False
C15,C45,PyClOP,PyCIU,other,other,572,21,32,0.009701447145392103,background,,False
C15,C46,PyClOP,BOPCl,other,other,569,21,32,-0.008623082780685291,background,,False
C15,C47,PyClOP,EDC-HCl,other,carbodiimide,568,21,32,0.024696832488016497,background,,False
C15,C48,PyClOP,TFFH,other,haloformamidinium,572,21,31,0.02557023116532088,background,,False
C15,C49,PyClOP,BTFFH,other,haloformamidinium,537,21,31,0.0767080340044347,background,,False
C15,C5,PyClOP,COMU,other,other,559,21,32,0.037139511870232025,background,,False
C15,C50,PyClOP,DCMT,other,other,573,21,32,-0.0019159818894545488,background,,False
C15,C51,PyClOP,EDC-HCl,other,carbodiimide,549,21,32,0.08058252872726314,background,,False
C15,C52,PyClOP,EDC-HCl,other,carbodiimide,570,21,32,0.03974944559767371,background,,False
C15,C53,PyClOP,EDC-HCl,other,carbodiimide,565,21,32,0.06063608453579304,background,,False
C15,C54,PyClOP,EDC-HCl,other,carbodiimide,565,21,32,0.014334824390749588,background,,False
C15,C55,PyClOP,DCC,other,carbodiimide,548,21,31,0.030547676152470796,background,,False
C15,C56,PyClOP,DCC,other,carbodiimide,570,21,32,0.06263132192347345,background,,False
C15,C57,PyClOP,DCC,other,carbodiimide,565,21,32,0.07579588478062194,background,,False
C15,C58,PyClOP,DCC,other,carbodiimide,569,21,31,0.035089840143482404,background,,False
C15,C59,PyClOP,CITU,other,other,560,21,32,0.027477611172442816,background,,False
C15,C6,PyClOP,TBTU,other,other,557,21,32,-0.026001583170534248,background,,False
C15,C60,PyClOP,EDC-HCl,other,carbodiimide,571,21,32,-0.02521552871635796,background,,False
C15,C61,PyClOP,PyAOP,other,other,571,21,32,0.0028371977937916015,background,,False
C15,C62,PyClOP,TFFH,other,haloformamidinium,570,21,32,0.0022530179128339156,background,,False
C15,C63,PyClOP,CDI,other,other,564,21,32,0.06491434953957967,background,,False
C15,C64,PyClOP,CDMT,other,other,556,21,32,-0.11306261136158272,background,,False
C15,C65,PyClOP,CIP,other,other,528,21,31,0.03321677429161644,background,,False
C15,C66,PyClOP,DIC,other,carbodiimide,570,21,32,-0.07520315152453755,background,,False
C15,C67,PyClOP,EDC-HCl,other,carbodiimide,568,21,32,0.028491222177865205,background,,False
C15,C68,PyClOP,EDC-HCl,other,carbodiimide,571,21,32,0.06436386250003252,background,,False
C15,C69,PyClOP,EDC-HCl,other,carbodiimide,564,21,32,0.027630503404688006,background,,False
C15,C7,PyClOP,HDMC,other,other,556,21,32,-0.0546000833801869,background,,False
C15,C70,PyClOP,DCC,other,carbodiimide,565,21,32,0.11680262044223522,background,,False
C15,C71,PyClOP,DCC,other,carbodiimide,567,21,32,0.046092184044604245,background,,False
C15,C72,PyClOP,IBCF,other,other,545,21,32,-0.011545600016833454,background,,False
C15,C73,PyClOP,DCC,other,carbodiimide,549,21,32,0.028498923089898764,background,,False
C15,C74,PyClOP,EDC-HCl,other,carbodiimide,570,21,32,-0.046824516739547906,background,,False
C15,C76,PyClOP,TCFH,other,haloformamidinium,569,21,32,0.01618979533098243,background,,False
C15,C77,PyClOP,DCC,other,carbodiimide,572,21,32,0.015865410873854457,background,,False
C15,C78,PyClOP,DCC,other,carbodiimide,570,21,32,-0.08841279351974268,background,,False
C15,C79,PyClOP,DCC,other,carbodiimide,568,21,32,-0.006520043989072022,background,,False
C15,C8,PyClOP,TCTU,other,other,552,21,32,-0.042401326178206244,background,,False
C15,C80,PyClOP,DCC,other,carbodiimide,556,21,32,-0.049078030463190925,background,,False
C15,C81,PyClOP,DCC,other,carbodiimide,538,20,31,-0.02951061848610259,background,,False
C15,C82,PyClOP,DCC,other,carbodiimide,562,21,32,0.02329855750340682,background,,False
C15,C83,PyClOP,DIC,other,carbodiimide,563,21,31,-0.05684309999125786,background,,False
C15,C84,PyClOP,DIC,other,carbodiimide,571,21,32,-0.003425876382885662,background,,False
C15,C85,PyClOP,DIC,other,carbodiimide,569,21,32,-0.022288534165551183,background,,False
C15,C86,PyClOP,DIC,other,carbodiimide,572,21,32,-0.0288323327042945,background,,False
C15,C87,PyClOP,EDC-HCl,other,carbodiimide,570,21,32,0.05101137014479747,background,,False
C15,C88,PyClOP,EDC-HCl,other,carbodiimide,559,21,32,-0.06636135453976039,background,,False
C15,C89,PyClOP,EDC-HCl,other,carbodiimide,550,20,32,-0.016707959529890015,background,,False
C15,C9,PyClOP,TDBTU,other,other,538,21,31,0.0006564041631786366,background,,False
C15,C90,PyClOP,EDC-HCl,other,carbodiimide,565,21,32,-0.026100238134932674,background,,False
C15,C91,PyClOP,EDC-HCl,other,carbodiimide,568,21,32,-0.03374485703191432,background,,False
C15,C92,PyClOP,HATU,other,other,573,21,32,0.030795112224129215,background,,False
C15,C93,PyClOP,TPTU,other,other,567,21,32,0.03331454482378021,background,,False
C15,C94,PyClOP,HBPYU,other,other,573,21,31,0.03294711149918997,background,,False
C15,C95,PyClOP,IIDQ,other,quinoline,571,21,31,-0.08161620379883222,background,,False
C15,C96,PyClOP,TOTU,other,other,543,21,32,-0.017740053345318328,background,,False
C16,C17,PyClOP,(EtO)2P(O)CN,other,other,537,21,31,-0.007103572935084127,background,,False
C16,C18,PyClOP,FDPP,other,other,564,21,32,0.037012052218213604,background,,False
C16,C19,PyClOP,HATU,other,other,568,21,32,0.04115845282003122,background,,False
C16,C2,PyClOP,TFFH,other,haloformamidinium,559,21,32,0.024380334679555395,background,,False
C16,C20,PyClOP,HATU,other,other,567,21,32,-0.0338715754365011,background,,False
C16,C21,PyClOP,HBTU,other,other,568,21,32,-0.01762795494058572,background,,False
C16,C22,PyClOP,HBTU,other,other,562,21,32,-0.04362269660289142,background,,False
C16,C23,PyClOP,HCTU,other,other,565,21,32,-0.05876616179061578,background,,False
C16,C24,PyClOP,TOTU,other,other,559,21,32,0.010551328702513685,background,,False
C16,C25,PyClOP,EDC-HCl,other,carbodiimide,530,21,31,0.07199958044867878,background,,False
C16,C26,PyClOP,EDC-HCl,other,carbodiimide,565,21,32,0.03029299842260172,background,,False
C16,C27,PyClOP,EDC-HCl,other,carbodiimide,560,21,32,0.05183342038955317,background,,False
C16,C28,PyClOP,EDC-HCl,other,carbodiimide,565,21,32,0.0237783813715578,background,,False
C16,C29,PyClOP,DCC,other,carbodiimide,544,21,32,0.03008667136103542,background,,False
C16,C3,PyClOP,BTFFH,other,haloformamidinium,555,21,31,0.08707386425691775,background,,False
C16,C30,PyClOP,DCC,other,carbodiimide,559,21,32,0.04235850520188966,background,,False
C16,C31,PyClOP,DCC,other,carbodiimide,565,21,32,0.05907593133729942,background,,False
C16,C32,PyClOP,DCC,other,carbodiimide,563,21,32,0.025494725162705345,background,,False
C16,C33,PyClOP,PyAOP,other,other,550,21,32,-0.02076785814377391,background,,False
C16,C34,PyClOP,PyAOP,other,other,565,21,32,-0.006430094721331825,background,,False
C16,C35,PyClOP,PyBOP,other,other,565,21,32,-0.042412481235073296,background,,False
C16,C36,PyClOP,PyBOP,other,other,563,21,32,-0.02026466123226739,background,,False
C16,C37,PyClOP,PyOxim,other,other,568,21,32,-0.07232458840070438,background,,False
C16,C38,PyClOP,PyBrOP,other,other,563,21,32,0.02279486877165822,background,,False
C16,C39,PyClOP,PyBrOP,other,other,555,21,32,0.017794735554798442,background,,False
C16,C4,PyClOP,DCMT,other,other,561,21,31,0.0059847672862309576,background,,False
C16,C40,PyClOP,PyClocK,other,other,564,21,32,-0.022299148780887762,background,,False
C16,C41,PyClOP,EEDQ,other,quinoline,557,21,32,-0.10814132904058037,background,,False
C16,C42,PyClOP,DEPBT,other,other,564,21,32,-0.0887206655554463,background,,False
C16,C43,PyClOP,DPP-Cl,other,other,564,21,32,0.027095488590146065,background,,False
C16,C44,PyClOP,DMTMM,other,other,565,21,31,0.00829794122721475,background,,False
C16,C45,PyClOP,PyCIU,other,other,565,21,32,0.010588227830622347,background,,False
C16,C46,PyClOP,BOPCl,other,other,562,21,32,-0.0074589462110583975,background,,False
C16,C47,PyClOP,EDC-HCl,other,carbodiimide,561,21,32,0.02732095950335598,background,,False
C16,C48,PyClOP,TFFH,other,haloformamidinium,565,21,31,0.02683018423454271,background,,False
C16,C49,PyClOP,BTFFH,other,haloformamidinium,530,21,31,0.07558441109146194,background,,False
C16,C5,PyClOP,COMU,other,other,552,21,32,0.03722381625005425,background,,False
C16,C50,PyClOP,DCMT,other,other,566,21,32,0.00032217732875944316,background,,False
C16,C51,PyClOP,EDC-HCl,other,carbodiimide,543,21,32,0.08276567964330593,background,,False
C16,C52,PyClOP,EDC-HCl,other,carbodiimide,563,21,32,0.04158521646291638,background,,False
C16,C53,PyClOP,EDC-HCl,other,carbodiimide,558,21,32,0.06036586721969399,background,,False
C16,C54,PyClOP,EDC-HCl,other,carbodiimide,558,21,32,0.012684340361284623,background,,False
C16,C55,PyClOP,DCC,other,carbodiimide,542,21,31,0.033325794928099756,background,,False
C16,C56,PyClOP,DCC,other,carbodiimide,563,21,32,0.06402227058304102,background,,False
C16,C57,PyClOP,DCC,other,carbodiimide,558,21,32,0.07689957149256406,background,,False
C16,C58,PyClOP,DCC,other,carbodiimide,562,21,31,0.03557823194803417,background,,False
C16,C59,PyClOP,CITU,other,other,553,21,32,0.027802108289890597,background,,False
C16,C6,PyClOP,TBTU,other,other,550,21,32,-0.02589707615694875,background,,False
C16,C60,PyClOP,EDC-HCl,other,carbodiimide,564,21,32,-0.025168205041133207,background,,False
C16,C61,PyClOP,PyAOP,other,other,564,21,32,0.00489166748637887,background,,False
C16,C62,PyClOP,TFFH,other,haloformamidinium,563,21,32,0.0073906819913756305,background,,False
C16,C63,PyClOP,CDI,other,other,557,21,32,0.06777323656555077,background,,False
C16,C64,PyClOP,CDMT,other,other,548,21,32,-0.11333926433587091,background,,False
C16,C65,PyClOP,CIP,other,other,522,21,31,0.034675591640470474,background,,False
C16,C66,PyClOP,DIC,other,carbodiimide,563,21,32,-0.07586143145281904,background,,False
C16,C67,PyClOP,EDC-HCl,other,carbodiimide,561,21,32,0.02721573688557946,background,,False
C16,C68,PyClOP,EDC-HCl,other,carbodiimide,564,21,32,0.06293171557487687,background,,False
C16,C69,PyClOP,EDC-HCl,other,carbodiimide,557,21,32,0.02915092009971744,background,,False
C16,C7,PyClOP,HDMC,other,other,549,21,32,-0.05500205986819878,background,,False
C16,C70,PyClOP,DCC,other,carbodiimide,558,21,32,0.12192233667182928,background,,False
C16,C71,PyClOP,DCC,other,carbodiimide,561,21,32,0.050854881017260684,background,,False
C16,C72,PyClOP,IBCF,other,other,539,21,32,-0.006416928201692068,background,,False
C16,C73,PyClOP,DCC,other,carbodiimide,542,21,32,0.03157184078454646,background,,False
C16,C74,PyClOP,EDC-HCl,other,carbodiimide,563,21,32,-0.047635790950158186,background,,False
C16,C76,PyClOP,TCFH,other,haloformamidinium,562,21,32,0.018043858606170547,background,,False
C16,C77,PyClOP,DCC,other,carbodiimide,565,21,32,0.017118309320072113,background,,False
C16,C78,PyClOP,DCC,other,carbodiimide,563,21,32,-0.0874672288616542,background,,False
C16,C79,PyClOP,DCC,other,carbodiimide,561,21,32,-0.002491438545966007,background,,False
C16,C8,PyClOP,TCTU,other,other,550,21,32,-0.04349906352903965,background,,False
C16,C80,PyClOP,DCC,other,carbodiimide,549,21,32,-0.048586868560161034,background,,False
C16,C81,PyClOP,DCC,other,carbodiimide,531,20,31,-0.030777129464127917,background,,False
C16,C82,PyClOP,DCC,other,carbodiimide,556,21,32,0.025211836765144754,background,,False
C16,C83,PyClOP,DIC,other,carbodiimide,556,21,31,-0.06045820251164202,background,,False
C16,C84,PyClOP,DIC,other,carbodiimide,565,21,32,-0.0027253804727674913,background,,False
C16,C85,PyClOP,DIC,other,carbodiimide,563,21,32,-0.023224001104390657,background,,False
C16,C86,PyClOP,DIC,other,carbodiimide,565,21,32,-0.02842708952935763,background,,False
C16,C87,PyClOP,EDC-HCl,other,carbodiimide,563,21,32,0.053796862332127195,background,,False
C16,C88,PyClOP,EDC-HCl,other,carbodiimide,552,21,32,-0.06793162484802673,background,,False
C16,C89,PyClOP,EDC-HCl,other,carbodiimide,544,20,32,-0.014137753244268136,background,,False
C16,C9,PyClOP,TDBTU,other,other,531,21,31,-0.005324321647806662,background,,False
C16,C90,PyClOP,EDC-HCl,other,carbodiimide,558,21,32,-0.026565277541195254,background,,False
C16,C91,PyClOP,EDC-HCl,other,carbodiimide,561,21,32,-0.032189481542910736,background,,False
C16,C92,PyClOP,HATU,other,other,566,21,32,0.03344045002884649,background,,False
C16,C93,PyClOP,TPTU,other,other,560,21,32,0.03479101938529222,background,,False
C16,C94,PyClOP,HBPYU,other,other,566,21,31,0.03219312333722815,background,,False
C16,C95,PyClOP,IIDQ,other,quinoline,564,21,31,-0.08357438692601311,background,,False
C16,C96,PyClOP,TOTU,other,other,537,21,32,-0.016656911202859753,background,,False
C17,C18,(EtO)2P(O)CN,FDPP,other,other,541,21,31,0.04885055706584018,background,,False
C17,C19,(EtO)2P(O)CN,HATU,other,other,545,21,31,0.051314019705495595,background,,False
C17,C2,(EtO)2P(O)CN,TFFH,other,haloformamidinium,536,21,31,0.02460472803817319,background,,False
C17,C20,(EtO)2P(O)CN,HATU,other,other,544,21,31,-0.017205693640777953,background,,False
C17,C21,(EtO)2P(O)CN,HBTU,other,other,545,21,31,-0.011052370886575569,background,,False
C17,C22,(EtO)2P(O)CN,HBTU,other,other,539,21,31,-0.03184575880865326,background,,False
C17,C23,(EtO)2P(O)CN,HCTU,other,other,542,21,31,-0.04272898488154797,background,,False
C17,C24,(EtO)2P(O)CN,TOTU,other,other,535,21,31,0.02477271875193454,background,,False
C17,C25,(EtO)2P(O)CN,EDC-HCl,other,carbodiimide,515,21,31,0.08108889901375654,background,,False
C17,C26,(EtO)2P(O)CN,EDC-HCl,other,carbodiimide,543,21,31,0.04126941493421435,background,,False
C17,C27,(EtO)2P(O)CN,EDC-HCl,other,carbodiimide,538,21,31,0.04337928606633451,background,,False
C17,C28,(EtO)2P(O)CN,EDC-HCl,other,carbodiimide,542,21,31,0.008692326887935531,background,,False
C17,C29,(EtO)2P(O)CN,DCC,other,carbodiimide,521,21,31,0.030089071435245307,background,,False
C17,C3,(EtO)2P(O)CN,BTFFH,other,haloformamidinium,532,21,30,0.09143223994966522,background,,False
C17,C30,(EtO)2P(O)CN,DCC,other,carbodiimide,536,21,31,0.04807712935944117,background,,False
C17,C31,(EtO)2P(O)CN,DCC,other,carbodiimide,542,21,31,0.045506463521891166,background,,False
C17,C32,(EtO)2P(O)CN,DCC,other,carbodiimide,540,21,31,0.00980531806411325,background,,False
C17,C33,(EtO)2P(O)CN,PyAOP,other,other,530,21,31,-0.003169046700746747,background,,False
C17,C34,(EtO)2P(O)CN,PyAOP,other,other,542,21,31,-0.005946734155925781,background,,False
C17,C35,(EtO)2P(O)CN,PyBOP,other,other,542,21,31,-0.034216944413339834,background,,False
C17,C36,(EtO)2P(O)CN,PyBOP,other,other,541,21,31,-0.016140582437968065,background,,False
C17,C37,(EtO)2P(O)CN,PyOxim,other,other,546,21,31,-0.052526263994156164,background,,False
C17,C38,(EtO)2P(O)CN,PyBrOP,other,other,540,21,31,0.028084084714637813,background,,False
C17,C39,(EtO)2P(O)CN,PyBrOP,other,other,533,21,31,0.02377044370277416,background,,False
C17,C4,(EtO)2P(O)CN,DCMT,other,other,538,21,30,0.0014219628147123103,background,,False
C17,C40,(EtO)2P(O)CN,PyClocK,other,other,541,21,31,-0.009853148707112569,background,,False
C17,C41,(EtO)2P(O)CN,EEDQ,other,quinoline,534,21,31,-0.10193090487710293,background,,False
C17,C42,(EtO)2P(O)CN,DEPBT,other,other,541,21,31,-0.08782640192494484,background,,False
C17,C43,(EtO)2P(O)CN,DPP-Cl,other,other,541,21,31,0.035401750735201715,background,,False
C17,C44,(EtO)2P(O)CN,DMTMM,other,other,542,21,30,0.003489964865650952,background,,False
C17,C45,(EtO)2P(O)CN,PyCIU,other,other,542,21,31,0.018594865667654926,background,,False
C17,C46,(EtO)2P(O)CN,BOPCl,other,other,540,21,31,0.001289424553790601,background,,False
C17,C47,(EtO)2P(O)CN,EDC-HCl,other,carbodiimide,538,21,31,0.03326793697473839,background,,False
C17,C48,(EtO)2P(O)CN,TFFH,other,haloformamidinium,542,21,30,0.02261740361426594,background,,False
C17,C49,(EtO)2P(O)CN,BTFFH,other,haloformamidinium,520,21,31,0.08906962918864872,background,,False
C17,C5,(EtO)2P(O)CN,COMU,other,other,531,21,31,0.04484547815831298,background,,False
C17,C50,(EtO)2P(O)CN,DCMT,other,other,544,21,31,0.004686802356238924,background,,False
C17,C51,(EtO)2P(O)CN,EDC-HCl,other,carbodiimide,519,21,31,0.08675591237574888,background,,False
C17,C52,(EtO)2P(O)CN,EDC-HCl,other,carbodiimide,541,21,31,0.0532654277416891,background,,False
C17,C53,(EtO)2P(O)CN,EDC-HCl,other,carbodiimide,537,21,31,0.04707497153239856,background,,False
C17,C54,(EtO)2P(O)CN,EDC-HCl,other,carbodiimide,536,21,31,0.02019518920666956,background,,False
C17,C55,(EtO)2P(O)CN,DCC,other,carbodiimide,518,21,30,0.0297043511130493,background,,False
C17,C56,(EtO)2P(O)CN,DCC,other,carbodiimide,540,21,31,0.07069356587010303,background,,False
C17,C57,(EtO)2P(O)CN,DCC,other,carbodiimide,536,21,31,0.060359471068566664,background,,False
C17,C58,(EtO)2P(O)CN,DCC,other,carbodiimide,540,21,31,0.0340473552319847,background,,False
C17,C59,(EtO)2P(O)CN,CITU,other,other,531,21,31,0.02772737997025581,background,,False
C17,C6,(EtO)2P(O)CN,TBTU,other,other,528,21,31,-0.013710725460423345,background,,False
C17,C60,(EtO)2P(O)CN,EDC-HCl,other,carbodiimide,541,21,31,-0.01299610876580265,background,,False
C17,C61,(EtO)2P(O)CN,PyAOP,other,other,543,21,31,0.014101838347253037,background,,False
C17,C62,(EtO)2P(O)CN,TFFH,other,haloformamidinium,541,21,31,0.010771991529542668,background,,False
C17,C63,(EtO)2P(O)CN,CDI,other,other,534,21,31,0.06950267353457473,background,,False
C17,C64,(EtO)2P(O)CN,CDMT,other,other,525,21,31,-0.09541574367328837,background,,False
C17,C65,(EtO)2P(O)CN,CIP,other,other,509,21,31,0.04480555861654671,background,,False
C17,C66,(EtO)2P(O)CN,DIC,other,carbodiimide,540,21,31,-0.0630131146405577,background,,False
C17,C67,(EtO)2P(O)CN,EDC-HCl,other,carbodiimide,540,21,31,0.04231547832489646,background,,False
C17,C68,(EtO)2P(O)CN,EDC-HCl,other,carbodiimide,541,21,31,0.05625826379287112,background,,False
C17,C69,(EtO)2P(O)CN,EDC-HCl,other,carbodiimide,535,21,31,0.01779246967285246,background,,False
C17,C7,(EtO)2P(O)CN,HDMC,other,other,529,21,31,-0.03390446893949112,background,,False
C17,C70,(EtO)2P(O)CN,DCC,other,carbodiimide,535,21,31,0.11927325327292468,background,,False
C17,C71,(EtO)2P(O)CN,DCC,other,carbodiimide,537,21,31,0.05638567649847234,background,,False
C17,C72,(EtO)2P(O)CN,IBCF,other,other,515,21,31,0.0009476348150903313,background,,False
C17,C73,(EtO)2P(O)CN,DCC,other,carbodiimide,520,21,31,0.020912337087912097,background,,False
C17,C74,(EtO)2P(O)CN,EDC-HCl,other,carbodiimide,541,21,31,-0.03411883672419436,background,,False
C17,C76,(EtO)2P(O)CN,TCFH,other,haloformamidinium,540,21,31,0.026082702407843293,background,,False
C17,C77,(EtO)2P(O)CN,DCC,other,carbodiimide,542,21,31,0.019489951466501787,background,,False
C17,C78,(EtO)2P(O)CN,DCC,other,carbodiimide,540,21,31,-0.06852610698350659,background,,False
C17,C79,(EtO)2P(O)CN,DCC,other,carbodiimide,539,21,31,0.008828431677264548,background,,False
C17,C8,(EtO)2P(O)CN,TCTU,other,other,524,21,31,-0.03420571099462372,background,,False
C17,C80,(EtO)2P(O)CN,DCC,other,carbodiimide,527,21,31,-0.04652031671832152,background,,False
C17,C81,(EtO)2P(O)CN,DCC,other,carbodiimide,510,20,30,-0.029179785394199687,background,,False
C17,C82,(EtO)2P(O)CN,DCC,other,carbodiimide,534,21,31,0.026989595427012403,background,,False
C17,C83,(EtO)2P(O)CN,DIC,other,carbodiimide,535,21,31,-0.05733035093193617,background,,False
C17,C84,(EtO)2P(O)CN,DIC,other,carbodiimide,541,21,31,0.007809963609240134,background,,False
C17,C85,(EtO)2P(O)CN,DIC,other,carbodiimide,539,21,31,-0.014948425274788402,background,,False
C17,C86,(EtO)2P(O)CN,DIC,other,carbodiimide,543,21,31,-0.016656756431933373,background,,False
C17,C87,(EtO)2P(O)CN,EDC-HCl,other,carbodiimide,540,21,31,0.06048465943970385,background,,False
C17,C88,(EtO)2P(O)CN,EDC-HCl,other,carbodiimide,529,21,31,-0.053664426561057355,background,,False
C17,C89,(EtO)2P(O)CN,EDC-HCl,other,carbodiimide,523,20,31,-0.004323737328492061,background,,False
C17,C9,(EtO)2P(O)CN,TDBTU,other,other,518,21,31,0.004448400591947899,background,,False
C17,C90,(EtO)2P(O)CN,EDC-HCl,other,carbodiimide,536,21,31,-0.01796858720387684,background,,False
C17,C91,(EtO)2P(O)CN,EDC-HCl,other,carbodiimide,539,21,31,-0.018804258707707522,background,,False
C17,C92,(EtO)2P(O)CN,HATU,other,other,543,21,31,0.044656983190842145,background,,False
C17,C93,(EtO)2P(O)CN,TPTU,other,other,537,21,31,0.029329560162499546,background,,False
C17,C94,(EtO)2P(O)CN,HBPYU,other,other,543,21,30,0.032274156504711146,background,,False
C17,C95,(EtO)2P(O)CN,IIDQ,other,quinoline,541,21,30,-0.08885202988605415,background,,False
C17,C96,(EtO)2P(O)CN,TOTU,other,other,513,21,31,-0.008461214795698627,background,,False
C18,C19,FDPP,HATU,other,other,572,21,32,0.008201761106468197,background,,False
C18,C2,FDPP,TFFH,other,haloformamidinium,563,21,32,-0.014484813962885978,background,,False
C18,C20,FDPP,HATU,other,other,571,21,32,-0.06703100881043178,background,,False
C18,C21,FDPP,HBTU,other,other,572,21,32,-0.051546890054727595,background,,False
C18,C22,FDPP,HBTU,other,other,567,21,32,-0.08249027421836733,background,,False
C18,C23,FDPP,HCTU,other,other,569,21,32,-0.09284635226091287,background,,False
C18,C24,FDPP,TOTU,other,other,563,21,32,-0.02393869751459513,background,,False
C18,C25,FDPP,EDC-HCl,other,carbodiimide,533,21,31,0.02845768643688884,background,,False
C18,C26,FDPP,EDC-HCl,other,carbodiimide,569,21,32,-0.00490237791638299,background,,False
C18,C27,FDPP,EDC-HCl,other,carbodiimide,564,21,32,0.013009845795547786,background,,False
C18,C28,FDPP,EDC-HCl,other,carbodiimide,569,21,32,-0.016655535186678422,background,,False
C18,C29,FDPP,DCC,other,carbodiimide,547,21,32,0.002217724329976023,background,,False
C18,C3,FDPP,BTFFH,other,haloformamidinium,559,21,31,0.043184649762008254,background,,False
C18,C30,FDPP,DCC,other,carbodiimide,563,21,32,0.0022328030200762516,background,,False
C18,C31,FDPP,DCC,other,carbodiimide,569,21,32,0.01762042717300849,background,,False
C18,C32,FDPP,DCC,other,carbodiimide,567,21,32,-0.01593612574094208,background,,False
C18,C33,FDPP,PyAOP,other,other,556,21,32,-0.053410274832071045,background,,False
C18,C34,FDPP,PyAOP,other,other,569,21,32,-0.039908590408481034,background,,False
C18,C35,FDPP,PyBOP,other,other,569,21,32,-0.07506792388059327,background,,False
C18,C36,FDPP,PyBOP,other,other,567,21,32,-0.05412770812068281,background,,False
C18,C37,FDPP,PyOxim,other,other,572,21,32,-0.10533688595370397,background,,False
C18,C38,FDPP,PyBrOP,other,other,567,21,32,-0.014597195979551725,background,,False
C18,C39,FDPP,PyBrOP,other,other,559,21,32,-0.012614604898997878,background,,False
C18,C4,FDPP,DCMT,other,other,565,21,31,-0.02231082398710016,background,,False
C18,C40,FDPP,PyClocK,other,other,568,21,32,-0.05680442538352544,background,,False
C18,C41,FDPP,EEDQ,other,quinoline,561,21,32,-0.14614033657493336,background,,False
C18,C42,FDPP,DEPBT,other,other,568,21,32,-0.11818741333428975,background,,False
C18,C43,FDPP,DPP-Cl,other,other,569,21,32,-0.01092938276916769,background,,False
C18,C44,FDPP,DMTMM,other,other,569,21,31,-0.02015815463361026,background,,False
C18,C45,FDPP,PyCIU,other,other,569,21,32,-0.022566957060716347,background,,False
C18,C46,FDPP,BOPCl,other,other,566,21,32,-0.041891265360000984,background,,False
C18,C47,FDPP,EDC-HCl,other,carbodiimide,565,21,32,-0.008504647984292013,background,,False
C18,C48,FDPP,TFFH,other,haloformamidinium,569,21,31,-0.002285749553553651,background,,False
C18,C49,FDPP,BTFFH,other,haloformamidinium,535,21,31,0.037834204428456475,background,,False
C18,C5,FDPP,COMU,other,other,556,21,32,-0.004104107854601108,background,,False
C18,C50,FDPP,DCMT,other,other,570,21,32,-0.03467934603519657,background,,False
C18,C51,FDPP,EDC-HCl,other,carbodiimide,546,21,32,0.05276178992431607,background,,False
C18,C52,FDPP,EDC-HCl,other,carbodiimide,567,21,32,-0.001591434178940955,background,,False
C18,C53,FDPP,EDC-HCl,other,carbodiimide,562,21,32,0.025565660381009145,background,,False
C18,C54,FDPP,EDC-HCl,other,carbodiimide,562,21,32,-0.019950641003334685,background,,False
C18,C55,FDPP,DCC,other,carbodiimide,545,21,31,-0.007556018404382692,background,,False
C18,C56,FDPP,DCC,other,carbodiimide,567,21,32,0.0274538879094237,background,,False
C18,C57,FDPP,DCC,other,carbodiimide,562,21,32,0.038638598315174744,background,,False
C18,C58,FDPP,DCC,other,carbodiimide,567,21,31,-0.007158309289773859,background,,False
C18,C59,FDPP,CITU,other,other,557,21,32,-0.017376233691481335,background,,False
C18,C6,FDPP,TBTU,other,other,555,21,32,-0.06170056025102873,background,,False
C18,C60,FDPP,EDC-HCl,other,carbodiimide,568,21,32,-0.06101822050816681,background,,False
C18,C61,FDPP,PyAOP,other,other,568,21,32,-0.03130832864769542,background,,False
C18,C62,FDPP,TFFH,other,haloformamidinium,567,21,32,-0.034824281326456874,background,,False
C18,C63,FDPP,CDI,other,other,561,21,32,0.03263011278479308,background,,False
C18,C64,FDPP,CDMT,other,other,553,21,32,-0.13706667888790436,background,,False
C18,C65,FDPP,CIP,other,other,526,21,31,-0.005986554220714341,background,,False
C18,C66,FDPP,DIC,other,carbodiimide,568,21,32,-0.10780859529372175,background,,False
C18,C67,FDPP,EDC-HCl,other,carbodiimide,565,21,32,-0.008327521657040482,background,,False
C18,C68,FDPP,EDC-HCl,other,carbodiimide,568,21,32,0.02831396322381806,background,,False
C18,C69,FDPP,EDC-HCl,other,carbodiimide,561,21,32,0.0018889268586437385,background,,False
C18,C7,FDPP,HDMC,other,other,553,21,32,-0.09010351245103604,background,,False
C18,C70,FDPP,DCC,other,carbodiimide,562,21,32,0.07946354384517779,background,,False
C18,C71,FDPP,DCC,other,carbodiimide,564,21,32,0.00983300269359029,background,,False
C18,C72,FDPP,IBCF,other,other,542,21,32,-0.04527216695922409,background,,False
C18,C73,FDPP,DCC,other,carbodiimide,546,21,32,-0.0066963421751325275,background,,False
C18,C74,FDPP,EDC-HCl,other,carbodiimide,567,21,32,-0.08221768437018101,background,,False
C18,C76,FDPP,TCFH,other,haloformamidinium,566,21,32,-0.01469621870979132,background,,False
C18,C77,FDPP,DCC,other,carbodiimide,569,21,32,-0.021729998511756693,background,,False
C18,C78,FDPP,DCC,other,carbodiimide,567,21,32,-0.11872413321346137,background,,False
C18,C79,FDPP,DCC,other,carbodiimide,565,21,32,-0.04004552223844697,background,,False
C18,C8,FDPP,TCTU,other,other,550,21,32,-0.0777897259320976,background,,False
C18,C80,FDPP,DCC,other,carbodiimide,553,21,32,-0.07008169020627163,background,,False
C18,C81,FDPP,DCC,other,carbodiimide,536,20,31,-0.05705691218005585,background,,False
C18,C82,FDPP,DCC,other,carbodiimide,559,21,32,-0.009452863371977399,background,,False
C18,C83,FDPP,DIC,other,carbodiimide,560,21,31,-0.09963644585137205,background,,False
C18,C84,FDPP,DIC,other,carbodiimide,568,21,32,-0.039486729222216826,background,,False
C18,C85,FDPP,DIC,other,carbodiimide,566,21,32,-0.05541785597214006,background,,False
C18,C86,FDPP,DIC,other,carbodiimide,569,21,32,-0.06196973850846758,background,,False
C18,C87,FDPP,EDC-HCl,other,carbodiimide,567,21,32,0.015492660172709699,background,,False
C18,C88,FDPP,EDC-HCl,other,carbodiimide,556,21,32,-0.09654207341732968,background,,False
C18,C89,FDPP,EDC-HCl,other,carbodiimide,547,20,32,-0.05437473130890369,background,,False
C18,C9,FDPP,TDBTU,other,other,536,21,31,-0.042037794935180464,background,,False
C18,C90,FDPP,EDC-HCl,other,carbodiimide,562,21,32,-0.05746138429286075,background,,False
C18,C91,FDPP,EDC-HCl,other,carbodiimide,565,21,32,-0.06798306035982052,background,,False
C18,C92,FDPP,HATU,other,other,570,21,32,-0.002376864599175993,background,,False
C18,C93,FDPP,TPTU,other,other,564,21,32,0.0027653121842581285,background,,False
C18,C94,FDPP,HBPYU,other,other,570,21,31,0.0027177408324871866,background,,False
C18,C95,FDPP,IIDQ,other,quinoline,568,21,31,-0.11160973833749069,background,,False
C18,C96,FDPP,TOTU,other,other,540,21,32,-0.06272263217376234,background,,False
C19,C2,HATU,TFFH,other,haloformamidinium,567,21,32,-0.01672294868872748,background,,False
C19,C20,HATU,HATU,other,other,575,21,32,-0.07544092330196847,background,,False
C19,C21,HATU,HBTU,other,other,576,21,32,-0.06028107758598436,background,,False
C19,C22,HATU,HBTU,other,other,570,21,32,-0.09007138132752487,background,,False
C19,C23,HATU,HCTU,other,other,573,21,32,-0.10095019467793667,background,,False
C19,C24,HATU,TOTU,other,other,566,21,32,-0.03244993084895181,background,,False
C19,C25,HATU,EDC-HCl,other,carbodiimide,537,21,31,0.01996678677725222,background,,False
C19,C26,HATU,EDC-HCl,other,carbodiimide,573,21,32,-0.01332586621936177,background,,False
C19,C27,HATU,EDC-HCl,other,carbodiimide,568,21,32,0.005889568353387747,background,,False
C19,C28,HATU,EDC-HCl,other,carbodiimide,573,21,32,-0.021547770738185673,background,,False
C19,C29,HATU,DCC,other,carbodiimide,551,21,32,-0.015097376408004848,background,,False
C19,C3,HATU,BTFFH,other,haloformamidinium,563,21,31,0.037320313932801275,background,,False
C19,C30,HATU,DCC,other,carbodiimide,567,21,32,-0.004644501697289916,background,,False
C19,C31,HATU,DCC,other,carbodiimide,573,21,32,0.012119523065191623,background,,False
C19,C32,HATU,DCC,other,carbodiimide,571,21,32,-0.020277674717223304,background,,False
C19,C33,HATU,PyAOP,other,other,558,21,32,-0.06834620238548261,background,,False
C19,C34,HATU,PyAOP,other,other,573,21,32,-0.0475742047683858,background,,False
C19,C35,HATU,PyBOP,other,other,573,21,32,-0.08831081069668788,background,,False
C19,C36,HATU,PyBOP,other,other,571,21,32,-0.06756863319353218,background,,False
C19,C37,HATU,PyOxim,other,other,576,21,32,-0.11307262565229403,background,,False
C19,C38,HATU,PyBrOP,other,other,571,21,32,-0.02024077357321452,background,,False
C19,C39,HATU,PyBrOP,other,other,563,21,32,-0.01404325019155428,background,,False
C19,C4,HATU,DCMT,other,other,569,21,31,-0.032141686820150894,background,,False
C19,C40,HATU,PyClocK,other,other,572,21,32,-0.06165929899826767,background,,False
C19,C41,HATU,EEDQ,other,quinoline,565,21,32,-0.1432170457787023,background,,False
C19,C42,HATU,DEPBT,other,other,572,21,32,-0.12774864330817137,background,,False
C19,C43,HATU,DPP-Cl,other,other,572,21,32,-0.016486286191447652,background,,False
C19,C44,HATU,DMTMM,other,other,573,21,31,-0.0306622650782718,background,,False
C19,C45,HATU,PyCIU,other,other,573,21,32,-0.02806843801396436,background,,False
C19,C46,HATU,BOPCl,other,other,570,21,32,-0.046817895406962295,background,,False
C19,C47,HATU,EDC-HCl,other,carbodiimide,569,21,32,-0.01136202760834365,background,,False
C19,C48,HATU,TFFH,other,haloformamidinium,573,21,31,-0.011899603454591068,background,,False
C19,C49,HATU,BTFFH,other,haloformamidinium,538,21,31,0.03399759688288595,background,,False
C19,C5,HATU,COMU,other,other,560,21,32,-0.010504977352726513,background,,False
C19,C50,HATU,DCMT,other,other,574,21,32,-0.04035911874740833,background,,False
C19,C51,HATU,EDC-HCl,other,carbodiimide,550,21,32,0.03511662321468195,background,,False
C19,C52,HATU,EDC-HCl,other,carbodiimide,571,21,32,-0.008111055365796094,background,,False
C19,C53,HATU,EDC-HCl,other,carbodiimide,566,21,32,0.021443278840652613,background,,False
C19,C54,HATU,EDC-HCl,other,carbodiimide,566,21,32,-0.02589018229112089,background,,False
C19,C55,HATU,DCC,other,carbodiimide,549,21,31,-0.028769634681501288,background,,False
C19,C56,HATU,DCC,other,carbodiimide,571,21,32,0.01949979507188926,background,,False
C19,C57,HATU,DCC,other,carbodiimide,566,21,32,0.0314276523825219,background,,False
C19,C58,HATU,DCC,other,carbodiimide,570,21,31,-0.010158478966452555,background,,False
C19,C59,HATU,CITU,other,other,561,21,32,-0.02122443313774175,background,,False
C19,C6,HATU,TBTU,other,other,558,21,32,-0.07251452576034084,background,,False
C19,C60,HATU,EDC-HCl,other,carbodiimide,572,21,32,-0.06531720229846265,background,,False
C19,C61,HATU,PyAOP,other,other,572,21,32,-0.04134464338121174,background,,False
C19,C62,HATU,TFFH,other,haloformamidinium,571,21,32,-0.03543792430612275,background,,False
C19,C63,HATU,CDI,other,other,565,21,32,0.027177177270443914,background,,False
C19,C64,HATU,CDMT,other,other,557,21,32,-0.14510345059662783,background,,False
C19,C65,HATU,CIP,other,other,529,21,31,-0.0073187875112593614,background,,False
C19,C66,HATU,DIC,other,carbodiimide,571,21,32,-0.11459133881316806,background,,False
C19,C67,HATU,EDC-HCl,other,carbodiimide,569,21,32,-0.015040381553776544,background,,False
C19,C68,HATU,EDC-HCl,other,carbodiimide,572,21,32,0.024512929497269992,background,,False
C19,C69,HATU,EDC-HCl,other,carbodiimide,565,21,32,-0.004518291830292537,background,,False
C19,C7,HATU,HDMC,other,other,557,21,32,-0.09664463414036042,background,,False
C19,C70,HATU,DCC,other,carbodiimide,566,21,32,0.0757677930935711,background,,False
C19,C71,HATU,DCC,other,carbodiimide,568,21,32,0.0036457687385281767,background,,False
C19,C72,HATU,IBCF,other,other,546,21,32,-0.05440742670156401,background,,False
C19,C73,HATU,DCC,other,carbodiimide,551,21,32,-0.013817953714012648,background,,False
C19,C74,HATU,EDC-HCl,other,carbodiimide,571,21,32,-0.09040341648265346,background,,False
C19,C76,HATU,TCFH,other,haloformamidinium,570,21,32,-0.02267071849843666,background,,False
C19,C77,HATU,DCC,other,carbodiimide,573,21,32,-0.023273221760727103,background,,False
C19,C78,HATU,DCC,other,carbodiimide,571,21,32,-0.12213432882857385,background,,False
C19,C79,HATU,DCC,other,carbodiimide,569,21,32,-0.043001600225080115,background,,False
C19,C8,HATU,TCTU,other,other,553,21,32,-0.08608802709887123,background,,False
C19,C80,HATU,DCC,other,carbodiimide,557,21,32,-0.08365999527126561,background,,False
C19,C81,HATU,DCC,other,carbodiimide,539,20,31,-0.06571343283539213,background,,False
C19,C82,HATU,DCC,other,carbodiimide,563,21,32,-0.01257743808707823,background,,False
C19,C83,HATU,DIC,other,carbodiimide,564,21,31,-0.10481172213519495,background,,False
C19,C84,HATU,DIC,other,carbodiimide,572,21,32,-0.04681484894535169,background,,False
C19,C85,HATU,DIC,other,carbodiimide,570,21,32,-0.0651441517194372,background,,False
C19,C86,HATU,DIC,other,carbodiimide,573,21,32,-0.07114958897830327,background,,False
C19,C87,HATU,EDC-HCl,other,carbodiimide,572,21,32,0.013036511984223731,background,,False
C19,C88,HATU,EDC-HCl,other,carbodiimide,560,21,32,-0.10971442702587765,background,,False
C19,C89,HATU,EDC-HCl,other,carbodiimide,551,20,32,-0.06305399214021667,background,,False
C19,C9,HATU,TDBTU,other,other,539,21,31,-0.05120224002157031,background,,False
C19,C90,HATU,EDC-HCl,other,carbodiimide,566,21,32,-0.07103437447241051,background,,False
C19,C91,HATU,EDC-HCl,other,carbodiimide,569,21,32,-0.07631979294451122,background,,False
C19,C92,HATU,HATU,other,other,574,21,32,-0.012113388143647541,background,,False
C19,C93,HATU,TPTU,other,other,568,21,32,-0.013272901920266492,background,,False
C19,C94,HATU,HBPYU,other,other,574,21,31,-0.0057443515300857895,background,,False
C19,C95,HATU,IIDQ,other,quinoline,572,21,31,-0.12407439531000208,background,,False
C19,C96,HATU,TOTU,other,other,544,21,32,-0.06647443787050245,background,,False
C2,C20,TFFH,HATU,haloformamidinium,other,566,21,32,-0.05555000481034639,background,,False
C2,C21,TFFH,HBTU,haloformamidinium,other,567,21,32,-0.03943901088866458,background,,False
C2,C22,TFFH,HBTU,haloformamidinium,other,561,21,32,-0.0669377214892366,background,,False
C2,C23,TFFH,HCTU,haloformamidinium,other,564,21,32,-0.08082972783681891,background,,False
C2,C24,TFFH,TOTU,haloformamidinium,other,557,21,32,-0.012620761791140134,background,,False
C2,C25,TFFH,EDC-HCl,haloformamidinium,carbodiimide,528,21,31,0.05406829568884787,background,,False
C2,C26,TFFH,EDC-HCl,haloformamidinium,carbodiimide,564,21,32,0.006546726125243013,background,,False
C2,C27,TFFH,EDC-HCl,haloformamidinium,carbodiimide,560,21,32,0.02981397798355223,background,,False
C2,C28,TFFH,EDC-HCl,haloformamidinium,carbodiimide,564,21,32,0.0018091925077365067,background,,False
C2,C29,TFFH,DCC,haloformamidinium,carbodiimide,542,21,32,0.010173647074706025,background,,False
C2,C3,TFFH,BTFFH,haloformamidinium,haloformamidinium,558,21,31,0.06116565504084236,background,,False
C2,C30,TFFH,DCC,haloformamidinium,carbodiimide,558,21,32,0.017949781577387303,background,,False
C2,C31,TFFH,DCC,haloformamidinium,carbodiimide,565,21,32,0.03670857026111199,background,,False
C2,C32,TFFH,DCC,haloformamidinium,carbodiimide,562,21,32,1.345091732435355e-05,background,,False
C2,C33,TFFH,PyAOP,haloformamidinium,other,549,21,32,-0.040821847152298196,background,,False
C2,C34,TFFH,PyAOP,haloformamidinium,other,564,21,32,-0.02942588577660238,background,,False
C2,C35,TFFH,PyBOP,haloformamidinium,other,565,21,32,-0.06795889877947214,background,,False
C2,C36,TFFH,PyBOP,haloformamidinium,other,562,21,32,-0.04040131703978911,background,,False
C2,C37,TFFH,PyOxim,haloformamidinium,other,567,21,32,-0.0915215852837627,background,,False
C2,C38,TFFH,PyBrOP,haloformamidinium,other,562,21,32,-0.0024325495563832424,background,,False
C2,C39,TFFH,PyBrOP,haloformamidinium,other,554,21,32,-0.006488684831178031,background,,False
C2,C4,TFFH,DCMT,haloformamidinium,other,563,21,31,-0.026956371319323845,background,,False
C2,C40,TFFH,PyClocK,haloformamidinium,other,563,21,32,-0.046764938600590444,background,,False
C2,C41,TFFH,EEDQ,haloformamidinium,quinoline,557,21,32,-0.12494602770309653,target,0.12494602770309653,True
C2,C42,TFFH,DEPBT,haloformamidinium,other,563,21,32,-0.10927137940023818,background,,False
C2,C43,TFFH,DPP-Cl,haloformamidinium,other,563,21,32,0.0019510050321239272,background,,False
C2,C44,TFFH,DMTMM,haloformamidinium,other,564,21,31,-0.02588818180942541,background,,False
C2,C45,TFFH,PyCIU,haloformamidinium,other,564,21,32,-0.013974641045857189,background,,False
C2,C46,TFFH,BOPCl,haloformamidinium,other,561,21,32,-0.03234447129236201,background,,False
C2,C47,TFFH,EDC-HCl,haloformamidinium,carbodiimide,560,21,32,0.0027821455460451255,background,,False
C2,C48,TFFH,TFFH,haloformamidinium,haloformamidinium,564,21,31,-0.00829860518361002,background,,False
C2,C49,TFFH,BTFFH,haloformamidinium,haloformamidinium,530,21,31,0.0547004042608209,background,,False
C2,C5,TFFH,COMU,haloformamidinium,other,553,21,32,0.018305823692971346,background,,False
C2,C50,TFFH,DCMT,haloformamidinium,other,565,21,32,-0.02456035691451216,background,,False
C2,C51,TFFH,EDC-HCl,haloformamidinium,carbodiimide,541,21,32,0.061045154350205584,background,,False
C2,C52,TFFH,EDC-HCl,haloformamidinium,carbodiimide,562,21,32,0.018986952466444967,background,,False
C2,C53,TFFH,EDC-HCl,haloformamidinium,carbodiimide,557,21,32,0.03783046614892294,background,,False
C2,C54,TFFH,EDC-HCl,haloformamidinium,carbodiimide,557,21,32,-0.008252345070991776,background,,False
C2,C55,TFFH,DCC,haloformamidinium,carbodiimide,541,21,31,0.012653904041589274,background,,False
C2,C56,TFFH,DCC,haloformamidinium,carbodiimide,562,21,32,0.04069984450087413,background,,False
C2,C57,TFFH,DCC,haloformamidinium,carbodiimide,558,21,32,0.05328309580175711,background,,False
C2,C58,TFFH,DCC,haloformamidinium,carbodiimide,562,21,31,0.01291757761563564,background,,False
C2,C59,TFFH,CITU,haloformamidinium,other,553,21,32,0.0061228144277936936,background,,False
C2,C6,TFFH,TBTU,haloformamidinium,other,551,21,32,-0.04959265690235648,background,,False
C2,C60,TFFH,EDC-HCl,haloformamidinium,carbodiimide,563,21,32,-0.04735493115957368,background,,False
C2,C61,TFFH,PyAOP,haloformamidinium,other,563,21,32,-0.01973015323978522,background,,False
C2,C62,TFFH,TFFH,haloformamidinium,haloformamidinium,563,21,32,-0.019572254361894376,background,,False
C2,C63,TFFH,CDI,haloformamidinium,other,556,21,32,0.04154285829727414,background,,False
C2,C64,TFFH,CDMT,haloformamidinium,other,547,21,32,-0.13902413716116985,background,,False
C2,C65,TFFH,CIP,haloformamidinium,other,523,21,31,0.012696626430661818,background,,False
C2,C66,TFFH,DIC,haloformamidinium,carbodiimide,563,21,32,-0.09586388775207344,background,,False
C2,C67,TFFH,EDC-HCl,haloformamidinium,carbodiimide,560,21,32,0.009419452126668754,background,,False
C2,C68,TFFH,EDC-HCl,haloformamidinium,carbodiimide,564,21,32,0.04546349341004055,background,,False
C2,C69,TFFH,EDC-HCl,haloformamidinium,carbodiimide,556,21,32,0.007645689931820743,background,,False
C2,C7,TFFH,HDMC,haloformamidinium,other,551,21,32,-0.07918516071611736,background,,False
C2,C70,TFFH,DCC,haloformamidinium,carbodiimide,558,21,32,0.0961711420244418,background,,False
C2,C71,TFFH,DCC,haloformamidinium,carbodiimide,559,21,32,0.024956827949714794,background,,False
C2,C72,TFFH,IBCF,haloformamidinium,other,538,21,31,-0.031108470126773036,background,,False
C2,C73,TFFH,DCC,haloformamidinium,carbodiimide,543,21,32,0.006655216310881118,background,,False
C2,C74,TFFH,EDC-HCl,haloformamidinium,carbodiimide,562,21,32,-0.06929127215458075,background,,False
C2,C76,TFFH,TCFH,haloformamidinium,haloformamidinium,562,21,32,-0.00643067834103399,background,,False
C2,C77,TFFH,DCC,haloformamidinium,carbodiimide,564,21,32,-0.008089132705323313,background,,False
C2,C78,TFFH,DCC,haloformamidinium,carbodiimide,562,21,32,-0.10838313313807157,background,,False
C2,C79,TFFH,DCC,haloformamidinium,carbodiimide,560,21,32,-0.024626548978847196,background,,False
C2,C8,TFFH,TCTU,haloformamidinium,other,548,21,32,-0.06741557105049933,background,,False
C2,C80,TFFH,DCC,haloformamidinium,carbodiimide,550,21,32,-0.0759630989396124,background,,False
C2,C81,TFFH,DCC,haloformamidinium,carbodiimide,531,20,31,-0.06627049913454541,background,,False
C2,C82,TFFH,DCC,haloformamidinium,carbodiimide,554,21,32,-0.00016034887622206478,background,,False
C2,C83,TFFH,DIC,haloformamidinium,carbodiimide,556,21,31,-0.07978780010707404,background,,False
C2,C84,TFFH,DIC,haloformamidinium,carbodiimide,563,21,32,-0.024191012749713303,background,,False
C2,C85,TFFH,DIC,haloformamidinium,carbodiimide,561,21,32,-0.04443052914790835,background,,False
C2,C86,TFFH,DIC,haloformamidinium,carbodiimide,564,21,32,-0.04982877363700322,background,,False
C2,C87,TFFH,EDC-HCl,haloformamidinium,carbodiimide,562,21,32,0.028623592107017898,background,,False
C2,C88,TFFH,EDC-HCl,haloformamidinium,carbodiimide,553,21,32,-0.08747377554047031,background,,False
C2,C89,TFFH,EDC-HCl,haloformamidinium,carbodiimide,544,20,32,-0.0403822694809044,background,,False
C2,C9,TFFH,TDBTU,haloformamidinium,other,531,21,31,-0.02141024481500714,background,,False
C2,C90,TFFH,EDC-HCl,haloformamidinium,carbodiimide,557,21,32,-0.04606697119139064,background,,False
C2,C91,TFFH,EDC-HCl,haloformamidinium,carbodiimide,560,21,32,-0.055588006178276805,background,,False
C2,C92,TFFH,HATU,haloformamidinium,other,565,21,32,0.009730380892584295,background,,False
C2,C93,TFFH,TPTU,haloformamidinium,other,560,21,32,0.011367006798437718,background,,False
C2,C94,TFFH,HBPYU,haloformamidinium,other,565,21,31,-0.0005465216913719539,background,,False
C2,C95,TFFH,IIDQ,haloformamidinium,quinoline,563,21,31,-0.11201230795470267,target,0.11201230795470267,True
C2,C96,TFFH,TOTU,haloformamidinium,other,537,21,32,-0.04391455144587539,background,,False
C20,C21,HATU,HBTU,other,other,575,21,32,0.01500254296230194,background,,False
C20,C22,HATU,HBTU,other,other,569,21,32,-0.016072719692851928,background,,False
C20,C23,HATU,HCTU,other,other,572,21,32,-0.02597879708650485,background,,False
C20,C24,HATU,TOTU,other,other,565,21,32,0.04175883983127618,background,,False
C20,C25,HATU,EDC-HCl,other,carbodiimide,536,21,31,0.07742553191740165,background,,False
C20,C26,HATU,EDC-HCl,other,carbodiimide,572,21,32,0.06054858600214197,background,,False
C20,C27,HATU,EDC-HCl,other,carbodiimide,567,21,32,0.08240143822091239,background,,False
C20,C28,HATU,EDC-HCl,other,carbodiimide,572,21,32,0.052069888629182326,background,,False
C20,C29,HATU,DCC,other,carbodiimide,550,21,32,0.0455346857421669,background,,False
C20,C3,HATU,BTFFH,other,haloformamidinium,562,21,31,0.11031289217096235,background,,False
C20,C30,HATU,DCC,other,carbodiimide,566,21,32,0.06664415201670537,background,,False
C20,C31,HATU,DCC,other,carbodiimide,572,21,32,0.08806994672814153,background,,False
C20,C32,HATU,DCC,other,carbodiimide,570,21,32,0.05411388744191309,background,,False
C20,C33,HATU,PyAOP,other,other,557,21,32,0.002157531008838441,background,,False
C20,C34,HATU,PyAOP,other,other,572,21,32,0.02613564625501276,background,,False
C20,C35,HATU,PyBOP,other,other,572,21,32,-0.020452337449798477,background,,False
C20,C36,HATU,PyBOP,other,other,570,21,32,0.001008894515389852,background,,False
C20,C37,HATU,PyOxim,other,other,575,21,32,-0.03671286317736419,background,,False
C20,C38,HATU,PyBrOP,other,other,570,21,32,0.05452263900412574,background,,False
C20,C39,HATU,PyBrOP,other,other,562,21,32,0.052077389364904414,background,,False
C20,C4,HATU,DCMT,other,other,568,21,31,0.043657212767505116,background,,False
C20,C40,HATU,PyClocK,other,other,571,21,32,0.01156274162797688,background,,False
C20,C41,HATU,EEDQ,other,quinoline,564,21,32,-0.07590314767008083,background,,False
C20,C42,HATU,DEPBT,other,other,571,21,32,-0.05374733040985469,background,,False
C20,C43,HATU,DPP-Cl,other,other,571,21,32,0.05854889363740812,background,,False
C20,C44,HATU,DMTMM,other,other,572,21,31,0.04517768782107606,background,,False
C20,C45,HATU,PyCIU,other,other,572,21,32,0.04601964249084978,background,,False
C20,C46,HATU,BOPCl,other,other,569,21,32,0.02559183975155338,background,,False
C20,C47,HATU,EDC-HCl,other,carbodiimide,568,21,32,0.06330680969260477,background,,False
C20,C48,HATU,TFFH,other,haloformamidinium,572,21,31,0.06525602856322404,background,,False
C20,C49,HATU,BTFFH,other,haloformamidinium,537,21,31,0.10646586552962645,background,,False
C20,C5,HATU,COMU,other,other,559,21,32,0.06434774382658864,background,,False
C20,C50,HATU,DCMT,other,other,573,21,32,0.03462960496389006,background,,False
C20,C51,HATU,EDC-HCl,other,carbodiimide,549,21,32,0.09718182455341967,background,,False
C20,C52,HATU,EDC-HCl,other,carbodiimide,570,21,32,0.06661784229180942,background,,False
C20,C53,HATU,EDC-HCl,other,carbodiimide,565,21,32,0.09260974178175532,background,,False
C20,C54,HATU,EDC-HCl,other,carbodiimide,565,21,32,0.0486839197116245,background,,False
C20,C55,HATU,DCC,other,carbodiimide,548,21,31,0.03189850126130922,background,,False
C20,C56,HATU,DCC,other,carbodiimide,570,21,32,0.0946339262423325,background,,False
C20,C57,HATU,DCC,other,carbodiimide,565,21,32,0.11034940405447241,background,,False
C20,C58,HATU,DCC,other,carbodiimide,569,21,31,0.060893791812414,background,,False
C20,C59,HATU,CITU,other,other,560,21,32,0.05056437731177066,background,,False
C20,C6,HATU,TBTU,other,other,557,21,32,0.003235929505918181,background,,False
C20,C60,HATU,EDC-HCl,other,carbodiimide,571,21,32,0.009092920001401286,background,,False
C20,C61,HATU,PyAOP,other,other,571,21,32,0.032222250587542745,background,,False
C20,C62,HATU,TFFH,other,haloformamidinium,570,21,32,0.03396108316310037,background,,False
C20,C63,HATU,CDI,other,other,564,21,32,0.09857198271315082,background,,False
C20,C64,HATU,CDMT,other,other,555,21,32,-0.06942010372435685,background,,False
C20,C65,HATU,CIP,other,other,528,21,31,0.06343669206450198,background,,False
C20,C66,HATU,DIC,other,carbodiimide,570,21,32,-0.036580900614476275,background,,False
C20,C67,HATU,EDC-HCl,other,carbodiimide,568,21,32,0.05753200399139807,background,,False
C20,C68,HATU,EDC-HCl,other,carbodiimide,571,21,32,0.09841496079153786,background,,False
C20,C69,HATU,EDC-HCl,other,carbodiimide,564,21,32,0.07181563911345612,background,,False
C20,C7,HATU,HDMC,other,other,556,21,32,-0.019029462091275817,background,,False
C20,C70,HATU,DCC,other,carbodiimide,565,21,32,0.1460374705373002,background,,False
C20,C71,HATU,DCC,other,carbodiimide,567,21,32,0.07381423203617812,background,,False
C20,C72,HATU,IBCF,other,other,545,21,32,0.005120572402758539,background,,False
C20,C73,HATU,DCC,other,carbodiimide,549,21,32,0.06772835319452059,background,,False
C20,C74,HATU,EDC-HCl,other,carbodiimide,570,21,32,-0.016850112827077754,background,,False
C20,C76,HATU,TCFH,other,haloformamidinium,569,21,32,0.05034538181644893,background,,False
C20,C77,HATU,DCC,other,carbodiimide,572,21,32,0.04893155535981453,background,,False
C20,C78,HATU,DCC,other,carbodiimide,570,21,32,-0.04181437453135842,background,,False
C20,C79,HATU,DCC,other,carbodiimide,568,21,32,0.030643331459196538,background,,False
C20,C8,HATU,TCTU,other,other,552,21,32,-0.007479725973415733,background,,False
C20,C80,HATU,DCC,other,carbodiimide,557,21,32,-0.009660472628140696,background,,False
C20,C81,HATU,DCC,other,carbodiimide,538,20,31,0.013001134569790268,background,,False
C20,C82,HATU,DCC,other,carbodiimide,562,21,32,0.0626177112760346,background,,False
C20,C83,HATU,DIC,other,carbodiimide,563,21,31,-0.03253764402018819,background,,False
C20,C84,HATU,DIC,other,carbodiimide,571,21,32,0.030419148719357525,background,,False
C20,C85,HATU,DIC,other,carbodiimide,569,21,32,0.013282947724809285,background,,False
C20,C86,HATU,DIC,other,carbodiimide,572,21,32,0.005551997350670079,background,,False
C20,C87,HATU,EDC-HCl,other,carbodiimide,570,21,32,0.08882632208393337,background,,False
C20,C88,HATU,EDC-HCl,other,carbodiimide,559,21,32,-0.02760814037735275,background,,False
C20,C89,HATU,EDC-HCl,other,carbodiimide,550,20,32,0.01540387935583827,background,,False
C20,C9,HATU,TDBTU,other,other,538,21,31,0.017670668161353487,background,,False
C20,C90,HATU,EDC-HCl,other,carbodiimide,565,21,32,0.005341929158539538,background,,False
C20,C91,HATU,EDC-HCl,other,carbodiimide,568,21,32,2.7645106718376944e-05,background,,False
C20,C92,HATU,HATU,other,other,573,21,32,0.06643709348945093,background,,False
C20,C93,HATU,TPTU,other,other,567,21,32,0.06558905084565131,background,,False
C20,C94,HATU,HBPYU,other,other,573,21,31,0.07365341638631562,background,,False
C20,C95,HATU,IIDQ,other,quinoline,571,21,31,-0.04682685621317256,background,,False
C20,C96,HATU,TOTU,other,other,543,21,32,0.009967168364193035,background,,False
C21,C22,HBTU,HBTU,other,other,571,21,32,-0.031994876351495144,background,,False
C21,C23,HBTU,HCTU,other,other,573,21,32,-0.041599145896982714,background,,False
C21,C24,HBTU,TOTU,other,other,566,21,32,0.02583983918733014,background,,False
C21,C25,HBTU,EDC-HCl,other,carbodiimide,537,21,31,0.080679590434791,background,,False
C21,C26,HBTU,EDC-HCl,other,carbodiimide,573,21,32,0.04782318744119851,background,,False
C21,C27,HBTU,EDC-HCl,other,carbodiimide,568,21,32,0.06767311273640164,background,,False
C21,C28,HBTU,EDC-HCl,other,carbodiimide,573,21,32,0.037517995086162576,background,,False
C21,C29,HBTU,DCC,other,carbodiimide,551,21,32,0.04034944000401741,background,,False
C21,C3,HBTU,BTFFH,other,haloformamidinium,563,21,31,0.09420789635184834,background,,False
C21,C30,HBTU,DCC,other,carbodiimide,567,21,32,0.05341409546543249,background,,False
C21,C31,HBTU,DCC,other,carbodiimide,573,21,32,0.07092966188607217,background,,False
C21,C32,HBTU,DCC,other,carbodiimide,571,21,32,0.03735933107115469,background,,False
C21,C33,HBTU,PyAOP,other,other,558,21,32,-0.0017178750124096642,background,,False
C21,C34,HBTU,PyAOP,other,other,573,21,32,0.015130249667615168,background,,False
C21,C35,HBTU,PyBOP,other,other,573,21,32,-0.023572568651010907,background,,False
C21,C36,HBTU,PyBOP,other,other,571,21,32,-0.0011165241199651323,background,,False
C21,C37,HBTU,PyOxim,other,other,576,21,32,-0.05282228980782088,background,,False
C21,C38,HBTU,PyBrOP,other,other,571,21,32,0.037760411417804784,background,,False
C21,C39,HBTU,PyBrOP,other,other,563,21,32,0.036745977730874124,background,,False
C21,C4,HBTU,DCMT,other,other,569,21,31,0.0273168876463748,background,,False
C21,C40,HBTU,PyClocK,other,other,572,21,32,-0.004578793204194187,background,,False
C21,C41,HBTU,EEDQ,other,quinoline,565,21,32,-0.08998894730280527,background,,False
C21,C42,HBTU,DEPBT,other,other,572,21,32,-0.06619885097137082,background,,False
C21,C43,HBTU,DPP-Cl,other,other,572,21,32,0.04170554496387746,background,,False
C21,C44,HBTU,DMTMM,other,other,573,21,31,0.03035473577574288,background,,False
C21,C45,HBTU,PyCIU,other,other,573,21,32,0.03059821741878299,background,,False
C21,C46,HBTU,BOPCl,other,other,570,21,32,0.010624560845289066,background,,False
C21,C47,HBTU,EDC-HCl,other,carbodiimide,569,21,32,0.045179326637905026,background,,False
C21,C48,HBTU,TFFH,other,haloformamidinium,573,21,31,0.049090467008294725,background,,False
C21,C49,HBTU,BTFFH,other,haloformamidinium,538,21,31,0.102826010737995,background,,False
C21,C5,HBTU,COMU,other,other,560,21,32,0.04829785436085135,background,,False
C21,C50,HBTU,DCMT,other,other,574,21,32,0.017874427946875437,background,,False
C21,C51,HBTU,EDC-HCl,other,carbodiimide,550,21,32,0.09333556804576387,background,,False
C21,C52,HBTU,EDC-HCl,other,carbodiimide,571,21,32,0.05105072305959546,background,,False
C21,C53,HBTU,EDC-HCl,other,carbodiimide,566,21,32,0.0746236723515146,background,,False
C21,C54,HBTU,EDC-HCl,other,carbodiimide,566,21,32,0.03401777514320914,background,,False
C21,C55,HBTU,DCC,other,carbodiimide,549,21,31,0.026936392779610907,background,,False
C21,C56,HBTU,DCC,other,carbodiimide,571,21,32,0.08085054849008372,background,,False
C21,C57,HBTU,DCC,other,carbodiimide,566,21,32,0.09320321425439687,background,,False
C21,C58,HBTU,DCC,other,carbodiimide,570,21,31,0.054793311869974604,background,,False
C21,C59,HBTU,CITU,other,other,561,21,32,0.03579584842913175,background,,False
C21,C6,HBTU,TBTU,other,other,558,21,32,-0.012622885943556516,background,,False
C21,C60,HBTU,EDC-HCl,other,carbodiimide,572,21,32,-0.003858594022986838,background,,False
C21,C61,HBTU,PyAOP,other,other,572,21,32,0.019189215428001914,background,,False
C21,C62,HBTU,TFFH,other,haloformamidinium,571,21,32,0.016518874112289417,background,,False
C21,C63,HBTU,CDI,other,other,565,21,32,0.08374868113590897,background,,False
C21,C64,HBTU,CDMT,other,other,556,21,32,-0.07856332368504226,background,,False
C21,C65,HBTU,CIP,other,other,529,21,31,0.05869732411937517,background,,False
C21,C66,HBTU,DIC,other,carbodiimide,571,21,32,-0.05465187825130861,background,,False
C21,C67,HBTU,EDC-HCl,other,carbodiimide,569,21,32,0.04468675561746502,background,,False
C21,C68,HBTU,EDC-HCl,other,carbodiimide,572,21,32,0.08223506775534334,background,,False
C21,C69,HBTU,EDC-HCl,other,carbodiimide,565,21,32,0.05457640415990905,background,,False
C21,C7,HBTU,HDMC,other,other,557,21,32,-0.0339358338957874,background,,False
C21,C70,HBTU,DCC,other,carbodiimide,566,21,32,0.12777313499430334,background,,False
C21,C71,HBTU,DCC,other,carbodiimide,568,21,32,0.05869838531692162,background,,False
C21,C72,HBTU,IBCF,other,other,546,21,32,-0.005051777750680997,background,,False
C21,C73,HBTU,DCC,other,carbodiimide,550,21,32,0.04996532012179852,background,,False
C21,C74,HBTU,EDC-HCl,other,carbodiimide,571,21,32,-0.029484287648620294,background,,False
C21,C76,HBTU,TCFH,other,haloformamidinium,570,21,32,0.036405126734215976,background,,False
C21,C77,HBTU,DCC,other,carbodiimide,573,21,32,0.034812336241426045,background,,False
C21,C78,HBTU,DCC,other,carbodiimide,571,21,32,-0.06568599504388262,background,,False
C21,C79,HBTU,DCC,other,carbodiimide,569,21,32,0.013471707108512518,background,,False
C21,C8,HBTU,TCTU,other,other,553,21,32,-0.024759380351551504,background,,False
C21,C80,HBTU,DCC,other,carbodiimide,557,21,32,-0.019670638067408416,background,,False
C21,C81,HBTU,DCC,other,carbodiimide,539,20,31,-0.006754502853331224,background,,False
C21,C82,HBTU,DCC,other,carbodiimide,563,21,32,0.047008775241990874,background,,False
C21,C83,HBTU,DIC,other,carbodiimide,564,21,31,-0.03965749845641851,background,,False
C21,C84,HBTU,DIC,other,carbodiimide,572,21,32,0.013791658852962352,background,,False
C21,C85,HBTU,DIC,other,carbodiimide,570,21,32,-0.0018246480166712459,background,,False
C21,C86,HBTU,DIC,other,carbodiimide,573,21,32,-0.009635256263136438,background,,False
C21,C87,HBTU,EDC-HCl,other,carbodiimide,571,21,32,0.07100240332455846,background,,False
C21,C88,HBTU,EDC-HCl,other,carbodiimide,560,21,32,-0.04555229028817148,background,,False
C21,C89,HBTU,EDC-HCl,other,carbodiimide,551,20,32,0.005379732438463234,background,,False
C21,C9,HBTU,TDBTU,other,other,539,21,31,0.01299023184043158,background,,False
C21,C90,HBTU,EDC-HCl,other,carbodiimide,566,21,32,-0.008001742788862412,background,,False
C21,C91,HBTU,EDC-HCl,other,carbodiimide,569,21,32,-0.01667906083773106,background,,False
C21,C92,HBTU,HATU,other,other,574,21,32,0.045021725986439165,background,,False
C21,C93,HBTU,TPTU,other,other,568,21,32,0.04774870056653349,background,,False
C21,C94,HBTU,HBPYU,other,other,574,21,31,0.054070750935286516,background,,False
C21,C95,HBTU,IIDQ,other,quinoline,572,21,31,-0.06350022280843282,background,,False
C21,C96,HBTU,TOTU,other,other,544,21,32,-0.004799547377397351,background,,False
C22,C23,HBTU,HCTU,other,other,568,21,32,-0.00908661282271403,background,,False
C22,C24,HBTU,TOTU,other,other,562,21,32,0.05606395107203982,background,,False
C22,C25,HBTU,EDC-HCl,other,carbodiimide,531,21,31,0.10501417184092687,background,,False
C22,C26,HBTU,EDC-HCl,other,carbodiimide,567,21,32,0.07816034041760087,background,,False
C22,C27,HBTU,EDC-HCl,other,carbodiimide,563,21,32,0.09969625045917882,background,,False
C22,C28,HBTU,EDC-HCl,other,carbodiimide,567,21,32,0.0690657765086247,background,,False
C22,C29,HBTU,DCC,other,carbodiimide,545,21,32,0.07155164996920399,background,,False
C22,C3,HBTU,BTFFH,other,haloformamidinium,557,21,31,0.12201440919496728,background,,False
C22,C30,HBTU,DCC,other,carbodiimide,562,21,32,0.0845891861132389,background,,False
C22,C31,HBTU,DCC,other,carbodiimide,567,21,32,0.10278038901187661,background,,False
C22,C32,HBTU,DCC,other,carbodiimide,565,21,32,0.06918947051657726,background,,False
C22,C33,HBTU,PyAOP,other,other,553,21,32,0.030014394381710517,background,,False
C22,C34,HBTU,PyAOP,other,other,567,21,32,0.04493784383667675,background,,False
C22,C35,HBTU,PyBOP,other,other,568,21,32,0.008523550495349745,background,,False
C22,C36,HBTU,PyBOP,other,other,565,21,32,0.03201548056391406,background,,False
C22,C37,HBTU,PyOxim,other,other,570,21,32,-0.023219088932691846,background,,False
C22,C38,HBTU,PyBrOP,other,other,565,21,32,0.06693751647551172,background,,False
C22,C39,HBTU,PyBrOP,other,other,557,21,32,0.06205124646194077,background,,False
C22,C4,HBTU,DCMT,other,other,563,21,31,0.05711600872483841,background,,False
C22,C40,HBTU,PyClocK,other,other,566,21,32,0.025259779965798278,background,,False
C22,C41,HBTU,EEDQ,other,quinoline,559,21,32,-0.06177016974387178,background,,False
C22,C42,HBTU,DEPBT,other,other,566,21,32,-0.03693164980720962,background,,False
C22,C43,HBTU,DPP-Cl,other,other,567,21,32,0.07009564552991138,background,,False
C22,C44,HBTU,DMTMM,other,other,567,21,31,0.05862772019028495,background,,False
C22,C45,HBTU,PyCIU,other,other,567,21,32,0.05910396510431609,background,,False
C22,C46,HBTU,BOPCl,other,other,565,21,32,0.03776676908994109,background,,False
C22,C47,HBTU,EDC-HCl,other,carbodiimide,563,21,32,0.07498345608808632,background,,False
C22,C48,HBTU,TFFH,other,haloformamidinium,567,21,31,0.07732771855341641,background,,False
C22,C49,HBTU,BTFFH,other,haloformamidinium,533,21,31,0.1255217572023509,background,,False
C22,C5,HBTU,COMU,other,other,554,21,32,0.078330868836261,background,,False
C22,C50,HBTU,DCMT,other,other,568,21,32,0.04552012912563408,background,,False
C22,C51,HBTU,EDC-HCl,other,carbodiimide,544,21,32,0.12466905972993564,background,,False
C22,C52,HBTU,EDC-HCl,other,carbodiimide,565,21,32,0.08011126838034312,background,,False
C22,C53,HBTU,EDC-HCl,other,carbodiimide,560,21,32,0.1063903155077244,background,,False
C22,C54,HBTU,EDC-HCl,other,carbodiimide,560,21,32,0.06449266400984138,background,,False
C22,C55,HBTU,DCC,other,carbodiimide,543,21,31,0.05886771722182926,background,,False
C22,C56,HBTU,DCC,other,carbodiimide,565,21,32,0.1133221676156736,background,,False
C22,C57,HBTU,DCC,other,carbodiimide,560,21,32,0.12613047576114794,background,,False
C22,C58,HBTU,DCC,other,carbodiimide,564,21,31,0.07958469984064592,background,,False
C22,C59,HBTU,CITU,other,other,555,21,32,0.06232003586877932,background,,False
C22,C6,HBTU,TBTU,other,other,553,21,32,0.019558058617848283,background,,False
C22,C60,HBTU,EDC-HCl,other,carbodiimide,566,21,32,0.027848204460294363,background,,False
C22,C61,HBTU,PyAOP,other,other,566,21,32,0.04941548753980881,background,,False
C22,C62,HBTU,TFFH,other,haloformamidinium,565,21,32,0.04370622892572684,background,,False
C22,C63,HBTU,CDI,other,other,559,21,32,0.10681760343559624,background,,False
C22,C64,HBTU,CDMT,other,other,551,21,32,-0.04770770226280943,background,,False
C22,C65,HBTU,CIP,other,other,523,21,31,0.0807584685893985,background,,False
C22,C66,HBTU,DIC,other,carbodiimide,565,21,32,-0.023581923199006777,background,,False
C22,C67,HBTU,EDC-HCl,other,carbodiimide,563,21,32,0.07746750605184441,background,,False
C22,C68,HBTU,EDC-HCl,other,carbodiimide,566,21,32,0.11520914931090215,background,,False
C22,C69,HBTU,EDC-HCl,other,carbodiimide,559,21,32,0.07791591828634697,background,,False
C22,C7,HBTU,HDMC,other,other,551,21,32,-0.001454810733754433,background,,False
C22,C70,HBTU,DCC,other,carbodiimide,560,21,32,0.1588654753736478,background,,False
C22,C71,HBTU,DCC,other,carbodiimide,562,21,32,0.0898526831002262,background,,False
C22,C72,HBTU,IBCF,other,other,540,21,32,0.02526553841550422,background,,False
C22,C73,HBTU,DCC,other,carbodiimide,544,21,32,0.08271180520425075,background,,False
C22,C74,HBTU,EDC-HCl,other,carbodiimide,566,21,32,0.002006066283084501,background,,False
C22,C76,HBTU,TCFH,other,haloformamidinium,564,21,32,0.06373981387673117,background,,False
C22,C77,HBTU,DCC,other,carbodiimide,567,21,32,0.06078115703138537,background,,False
C22,C78,HBTU,DCC,other,carbodiimide,565,21,32,-0.03835269060734444,background,,False
C22,C79,HBTU,DCC,other,carbodiimide,563,21,32,0.04377223099511475,background,,False
C22,C8,HBTU,TCTU,other,other,547,21,32,0.009283182435471458,background,,False
C22,C80,HBTU,DCC,other,carbodiimide,551,21,32,0.016580184162025446,background,,False
C22,C81,HBTU,DCC,other,carbodiimide,533,20,31,0.02422575214624124,background,,False
C22,C82,HBTU,DCC,other,carbodiimide,557,21,32,0.07447771305135997,background,,False
C22,C83,HBTU,DIC,other,carbodiimide,558,21,31,-0.017671614554782597,background,,False
C22,C84,HBTU,DIC,other,carbodiimide,566,21,32,0.04224617508809885,background,,False
C22,C85,HBTU,DIC,other,carbodiimide,565,21,32,0.029336070136461917,background,,False
C22,C86,HBTU,DIC,other,carbodiimide,567,21,32,0.02199770743614754,background,,False
C22,C87,HBTU,EDC-HCl,other,carbodiimide,565,21,32,0.09972877326435287,background,,False
C22,C88,HBTU,EDC-HCl,other,carbodiimide,554,21,32,-0.014936076730764176,background,,False
C22,C89,HBTU,EDC-HCl,other,carbodiimide,546,20,32,0.02419373699583446,background,,False
C22,C9,HBTU,TDBTU,other,other,533,21,31,0.0380201139567841,background,,False
C22,C90,HBTU,EDC-HCl,other,carbodiimide,561,21,32,0.02425040480795128,background,,False
C22,C91,HBTU,EDC-HCl,other,carbodiimide,563,21,32,0.013897812283719554,background,,False
C22,C92,HBTU,HATU,other,other,568,21,32,0.07769557983007405,background,,False
C22,C93,HBTU,TPTU,other,other,562,21,32,0.07597369141851945,background,,False
C22,C94,HBTU,HBPYU,other,other,568,21,31,0.08620740122273307,background,,False
C22,C95,HBTU,IIDQ,other,quinoline,566,21,31,-0.033620632717253685,background,,False
C22,C96,HBTU,TOTU,other,other,538,21,32,0.02345632053437291,background,,False
C23,C24,HCTU,TOTU,other,other,563,21,32,0.06751833985240485,background,,False
C23,C25,HCTU,EDC-HCl,other,carbodiimide,534,21,31,0.10541298920485453,background,,False
C23,C26,HCTU,EDC-HCl,other,carbodiimide,570,21,32,0.0883510107121416,background,,False
C23,C27,HCTU,EDC-HCl,other,carbodiimide,565,21,32,0.1072081979836349,background,,False
C23,C28,HCTU,EDC-HCl,other,carbodiimide,570,21,32,0.07907002454083378,background,,False
C23,C29,HCTU,DCC,other,carbodiimide,548,21,32,0.07424148002543984,background,,False
C23,C3,HCTU,BTFFH,other,haloformamidinium,561,21,31,0.13792223265070547,background,,False
C23,C30,HCTU,DCC,other,carbodiimide,564,21,32,0.09481916364048176,background,,False
C23,C31,HCTU,DCC,other,carbodiimide,570,21,32,0.11155113023368762,background,,False
C23,C32,HCTU,DCC,other,carbodiimide,568,21,32,0.07952693790769466,background,,False
C23,C33,HCTU,PyAOP,other,other,555,21,32,0.029768041683584223,background,,False
C23,C34,HCTU,PyAOP,other,other,570,21,32,0.05262030348558582,background,,False
C23,C35,HCTU,PyBOP,other,other,570,21,32,0.009990080193149412,background,,False
C23,C36,HCTU,PyBOP,other,other,568,21,32,0.0308886913699601,background,,False
C23,C37,HCTU,PyOxim,other,other,573,21,32,-0.01210727659321823,background,,False
C23,C38,HCTU,PyBrOP,other,other,568,21,32,0.07895506724011969,background,,False
C23,C39,HCTU,PyBrOP,other,other,560,21,32,0.07155124394717094,background,,False
C23,C4,HCTU,DCMT,other,other,566,21,31,0.06964758869191812,background,,False
C23,C40,HCTU,PyClocK,other,other,569,21,32,0.03749038611287166,background,,False
C23,C41,HCTU,EEDQ,other,quinoline,562,21,32,-0.04930868009221284,background,,False
C23,C42,HCTU,DEPBT,other,other,569,21,32,-0.02732305262236144,background,,False
C23,C43,HCTU,DPP-Cl,other,other,569,21,32,0.08233700106180064,background,,False
C23,C44,HCTU,DMTMM,other,other,570,21,31,0.07121987144587077,background,,False
C23,C45,HCTU,PyCIU,other,other,570,21,32,0.07204686755764228,background,,False
C23,C46,HCTU,BOPCl,other,other,567,21,32,0.05164116152376952,background,,False
C23,C47,HCTU,EDC-HCl,other,carbodiimide,566,21,32,0.08759832701827563,background,,False
C23,C48,HCTU,TFFH,other,haloformamidinium,570,21,31,0.09127375151794326,background,,False
C23,C49,HCTU,BTFFH,other,haloformamidinium,535,21,31,0.1353076374841679,background,,False
C23,C5,HCTU,COMU,other,other,558,21,32,0.08985645566961953,background,,False
C23,C50,HCTU,DCMT,other,other,571,21,32,0.05897070540282856,background,,False
C23,C51,HCTU,EDC-HCl,other,carbodiimide,547,21,32,0.12669036643968584,background,,False
C23,C52,HCTU,EDC-HCl,other,carbodiimide,568,21,32,0.09075954510852502,background,,False
C23,C53,HCTU,EDC-HCl,other,carbodiimide,563,21,32,0.11956324704605689,background,,False
C23,C54,HCTU,EDC-HCl,other,carbodiimide,563,21,32,0.07535985938536799,background,,False
C23,C55,HCTU,DCC,other,carbodiimide,547,21,31,0.061726110939791023,background,,False
C23,C56,HCTU,DCC,other,carbodiimide,568,21,32,0.12272177217785671,background,,False
C23,C57,HCTU,DCC,other,carbodiimide,563,21,32,0.1348986197552498,background,,False
C23,C58,HCTU,DCC,other,carbodiimide,568,21,31,0.08529280990016058,background,,False
C23,C59,HCTU,CITU,other,other,558,21,32,0.07768408994614445,background,,False
C23,C6,HCTU,TBTU,other,other,555,21,32,0.02772895546530988,background,,False
C23,C60,HCTU,EDC-HCl,other,carbodiimide,569,21,32,0.034535291002795517,background,,False
C23,C61,HCTU,PyAOP,other,other,569,21,32,0.058132422869039906,background,,False
C23,C62,HCTU,TFFH,other,haloformamidinium,568,21,32,0.0602778781874172,background,,False
C23,C63,HCTU,CDI,other,other,564,21,32,0.11840573933203064,background,,False
C23,C64,HCTU,CDMT,other,other,553,21,32,-0.041456105777895255,background,,False
C23,C65,HCTU,CIP,other,other,526,21,31,0.09131911730325021,background,,False
C23,C66,HCTU,DIC,other,carbodiimide,568,21,32,-0.013872105815497873,background,,False
C23,C67,HCTU,EDC-HCl,other,carbodiimide,566,21,32,0.0852711855278031,background,,False
C23,C68,HCTU,EDC-HCl,other,carbodiimide,569,21,32,0.12444670095808813,background,,False
C23,C69,HCTU,EDC-HCl,other,carbodiimide,562,21,32,0.0894081054331739,background,,False
C23,C7,HCTU,HDMC,other,other,554,21,32,0.0042369763519975925,background,,False
C23,C70,HCTU,DCC,other,carbodiimide,563,21,32,0.17211609623640817,background,,False
C23,C71,HCTU,DCC,other,carbodiimide,565,21,32,0.10235970070101544,background,,False
C23,C72,HCTU,IBCF,other,other,543,21,32,0.03280262284113389,background,,False
C23,C73,HCTU,DCC,other,carbodiimide,548,21,32,0.09376048414059324,background,,False
C23,C74,HCTU,EDC-HCl,other,carbodiimide,568,21,32,0.011032625488241243,background,,False
C23,C76,HCTU,TCFH,other,haloformamidinium,567,21,32,0.07493182302642548,background,,False
C23,C77,HCTU,DCC,other,carbodiimide,570,21,32,0.07512337912242723,background,,False
C23,C78,HCTU,DCC,other,carbodiimide,568,21,32,-0.018717103771272038,background,,False
C23,C79,HCTU,DCC,other,carbodiimide,566,21,32,0.05702661605472504,background,,False
C23,C8,HCTU,TCTU,other,other,550,21,32,0.018491144897157277,background,,False
C23,C80,HCTU,DCC,other,carbodiimide,554,21,32,0.02565455108236249,background,,False
C23,C81,HCTU,DCC,other,carbodiimide,536,20,31,0.039387748529111394,background,,False
C23,C82,HCTU,DCC,other,carbodiimide,560,21,32,0.08841783287468408,background,,False
C23,C83,HCTU,DIC,other,carbodiimide,561,21,31,-0.008499615675365765,background,,False
C23,C84,HCTU,DIC,other,carbodiimide,569,21,32,0.05456969039399105,background,,False
C23,C85,HCTU,DIC,other,carbodiimide,567,21,32,0.038653253012403174,background,,False
C23,C86,HCTU,DIC,other,carbodiimide,570,21,32,0.029941200896273057,background,,False
C23,C87,HCTU,EDC-HCl,other,carbodiimide,568,21,32,0.11319880207062227,background,,False
C23,C88,HCTU,EDC-HCl,other,carbodiimide,557,21,32,-0.0030145508032919516,background,,False
C23,C89,HCTU,EDC-HCl,other,carbodiimide,548,20,32,0.04824559026895321,background,,False
C23,C9,HCTU,TDBTU,other,other,537,21,31,0.04958710667621501,background,,False
C23,C90,HCTU,EDC-HCl,other,carbodiimide,563,21,32,0.03262119693190424,background,,False
C23,C91,HCTU,EDC-HCl,other,carbodiimide,566,21,32,0.02435457022507416,background,,False
C23,C92,HCTU,HATU,other,other,571,21,32,0.08471621487984249,background,,False
C23,C93,HCTU,TPTU,other,other,565,21,32,0.07879672347852126,background,,False
C23,C94,HCTU,HBPYU,other,other,571,21,31,0.09703326840905879,background,,False
C23,C95,HCTU,IIDQ,other,quinoline,569,21,31,-0.021869038350915027,background,,False
C23,C96,HCTU,TOTU,other,other,541,21,32,0.03717734409544282,background,,False
C24,C25,TOTU,EDC-HCl,other,carbodiimide,527,21,31,0.034223655360091865,background,,False
C24,C26,TOTU,EDC-HCl,other,carbodiimide,563,21,32,0.020090722494080584,background,,False
C24,C27,TOTU,EDC-HCl,other,carbodiimide,558,21,32,0.0367847494678229,background,,False
C24,C28,TOTU,EDC-HCl,other,carbodiimide,563,21,32,0.010249245319933376,background,,False
C24,C29,TOTU,DCC,other,carbodiimide,541,21,32,0.0036579402396527683,background,,False
C24,C3,TOTU,BTFFH,other,haloformamidinium,553,21,31,0.06942453505061305,background,,False
C24,C30,TOTU,DCC,other,carbodiimide,557,21,32,0.029281543946878874,background,,False
C24,C31,TOTU,DCC,other,carbodiimide,563,21,32,0.042685778254012464,background,,False
C24,C32,TOTU,DCC,other,carbodiimide,562,21,32,0.010400613604793676,background,,False
C24,C33,TOTU,PyAOP,other,other,550,21,32,-0.04256734858551306,background,,False
C24,C34,TOTU,PyAOP,other,other,563,21,32,-0.016706435865344912,background,,False
C24,C35,TOTU,PyBOP,other,other,564,21,32,-0.06391565032068953,background,,False
C24,C36,TOTU,PyBOP,other,other,561,21,32,-0.04012458152619329,background,,False
C24,C37,TOTU,PyOxim,other,other,566,21,32,-0.0805396616017973,background,,False
C24,C38,TOTU,PyBrOP,other,other,561,21,32,0.01088242828732161,background,,False
C24,C39,TOTU,PyBrOP,other,other,553,21,32,0.006987044888084104,background,,False
C24,C4,TOTU,DCMT,other,other,559,21,31,-0.010250661920594373,background,,False
C24,C40,TOTU,PyClocK,other,other,563,21,32,-0.031941286022076014,background,,False
C24,C41,TOTU,EEDQ,other,quinoline,555,21,32,-0.11667443545417554,background,,False
C24,C42,TOTU,DEPBT,other,other,562,21,32,-0.09735358807489114,background,,False
C24,C43,TOTU,DPP-Cl,other,other,563,21,32,0.014873936315865116,background,,False
C24,C44,TOTU,DMTMM,other,other,563,21,31,-0.008127137874112123,background,,False
C24,C45,TOTU,PyCIU,other,other,563,21,32,0.003546286505263424,background,,False
C24,C46,TOTU,BOPCl,other,other,562,21,32,-0.01850771784948535,background,,False
C24,C47,TOTU,EDC-HCl,other,carbodiimide,559,21,32,0.018977572777108292,background,,False
C24,C48,TOTU,TFFH,other,haloformamidinium,563,21,31,0.010741198692683696,background,,False
C24,C49,TOTU,BTFFH,other,haloformamidinium,528,21,31,0.05424948662369297,background,,False
C24,C5,TOTU,COMU,other,other,550,21,32,0.02449092003331707,background,,False
C24,C50,TOTU,DCMT,other,other,564,21,32,-0.011646558218381231,background,,False
C24,C51,TOTU,EDC-HCl,other,carbodiimide,540,21,32,0.05133725683880189,background,,False
C24,C52,TOTU,EDC-HCl,other,carbodiimide,561,21,32,0.033466680831823456,background,,False
C24,C53,TOTU,EDC-HCl,other,carbodiimide,556,21,32,0.04999009187135095,background,,False
C24,C54,TOTU,EDC-HCl,other,carbodiimide,556,21,32,0.003926411480269343,background,,False
C24,C55,TOTU,DCC,other,carbodiimide,539,21,31,-0.0067730779385937745,background,,False
C24,C56,TOTU,DCC,other,carbodiimide,562,21,32,0.0563199531145909,background,,False
C24,C57,TOTU,DCC,other,carbodiimide,556,21,32,0.0642039844780371,background,,False
C24,C58,TOTU,DCC,other,carbodiimide,560,21,31,0.013036972574805364,background,,False
C24,C59,TOTU,CITU,other,other,551,21,32,0.012185872204614617,background,,False
C24,C6,TOTU,TBTU,other,other,550,21,32,-0.03844792594639902,background,,False
C24,C60,TOTU,EDC-HCl,other,carbodiimide,562,21,32,-0.03367349984327539,background,,False
C24,C61,TOTU,PyAOP,other,other,562,21,32,-0.006626431734515728,background,,False
C24,C62,TOTU,TFFH,other,haloformamidinium,561,21,32,-0.009103705992577094,background,,False
C24,C63,TOTU,CDI,other,other,555,21,32,0.05328850130904941,background,,False
C24,C64,TOTU,CDMT,other,other,547,21,32,-0.11754120697244475,background,,False
C24,C65,TOTU,CIP,other,other,519,21,31,0.02203507805495522,background,,False
C24,C66,TOTU,DIC,other,carbodiimide,561,21,32,-0.08199797728870645,background,,False
C24,C67,TOTU,EDC-HCl,other,carbodiimide,559,21,32,0.02139138578871106,background,,False
C24,C68,TOTU,EDC-HCl,other,carbodiimide,562,21,32,0.0542367546128497,background,,False
C24,C69,TOTU,EDC-HCl,other,carbodiimide,555,21,32,0.0211584287739372,background,,False
C24,C7,TOTU,HDMC,other,other,549,21,32,-0.06262221586495502,background,,False
C24,C70,TOTU,DCC,other,carbodiimide,556,21,32,0.10136577316370815,background,,False
C24,C71,TOTU,DCC,other,carbodiimide,559,21,32,0.035935655969061384,background,,False
C24,C72,TOTU,IBCF,other,other,537,21,32,-0.0377112345590907,background,,False
C24,C73,TOTU,DCC,other,carbodiimide,540,21,32,0.019763024432705237,background,,False
C24,C74,TOTU,EDC-HCl,other,carbodiimide,562,21,32,-0.057876715176466406,background,,False
C24,C76,TOTU,TCFH,other,haloformamidinium,560,21,32,0.008357792465651881,background,,False
C24,C77,TOTU,DCC,other,carbodiimide,563,21,32,0.005199913437849341,background,,False
C24,C78,TOTU,DCC,other,carbodiimide,561,21,32,-0.08711063634411806,background,,False
C24,C79,TOTU,DCC,other,carbodiimide,560,21,32,-0.015299013262077193,background,,False
C24,C8,TOTU,TCTU,other,other,545,21,32,-0.05101244353402418,background,,False
C24,C80,TOTU,DCC,other,carbodiimide,548,21,32,-0.05830034701445071,background,,False
C24,C81,TOTU,DCC,other,carbodiimide,529,20,31,-0.03867784080178706,background,,False
C24,C82,TOTU,DCC,other,carbodiimide,553,21,32,0.017164473842249506,background,,False
C24,C83,TOTU,DIC,other,carbodiimide,554,21,31,-0.0794290370572005,background,,False
C24,C84,TOTU,DIC,other,carbodiimide,562,21,32,-0.011602131868814237,background,,False
C24,C85,TOTU,DIC,other,carbodiimide,560,21,32,-0.03143676318230803,background,,False
C24,C86,TOTU,DIC,other,carbodiimide,564,21,32,-0.03720590354883926,background,,False
C24,C87,TOTU,EDC-HCl,other,carbodiimide,561,21,32,0.043374569205634525,background,,False
C24,C88,TOTU,EDC-HCl,other,carbodiimide,551,21,32,-0.07388239460092355,background,,False
C24,C89,TOTU,EDC-HCl,other,carbodiimide,541,20,32,-0.016442008628389793,background,,False
C24,C9,TOTU,TDBTU,other,other,530,21,31,-0.020326000375860562,background,,False
C24,C90,TOTU,EDC-HCl,other,carbodiimide,556,21,32,-0.035958174034191104,background,,False
C24,C91,TOTU,EDC-HCl,other,carbodiimide,559,21,32,-0.04314962835951925,background,,False
C24,C92,TOTU,HATU,other,other,564,21,32,0.017275462613082604,background,,False
C24,C93,TOTU,TPTU,other,other,558,21,32,0.01783577653453157,background,,False
C24,C94,TOTU,HBPYU,other,other,565,21,31,0.018485847908619207,background,,False
C24,C95,TOTU,IIDQ,other,quinoline,562,21,31,-0.09583394861117091,background,,False
C24,C96,TOTU,TOTU,other,other,536,21,32,-0.028463825176791774,background,,False
C25,C26,EDC-HCl,EDC-HCl,carbodiimide,carbodiimide,535,21,31,-0.03539801316838598,background,,False
C25,C27,EDC-HCl,EDC-HCl,carbodiimide,carbodiimide,531,21,31,-0.03677079462644968,background,,False
C25,C28,EDC-HCl,EDC-HCl,carbodiimide,carbodiimide,535,21,31,-0.07138345409747165,background,,False
C25,C29,EDC-HCl,DCC,carbodiimide,carbodiimide,532,21,31,-0.05064452769045139,background,,False
C25,C3,EDC-HCl,BTFFH,carbodiimide,haloformamidinium,525,21,30,0.011071639171555979,background,,False
C25,C30,EDC-HCl,DCC,carbodiimide,carbodiimide,528,21,31,-0.032461532373750324,background,,False
C25,C31,EDC-HCl,DCC,carbodiimide,carbodiimide,534,21,31,-0.034210938046313685,background,,False
C25,C32,EDC-HCl,DCC,carbodiimide,carbodiimide,533,21,31,-0.07331469020839049,background,,False
C25,C33,EDC-HCl,PyAOP,carbodiimide,other,524,21,31,-0.08299077844546898,background,,False
C25,C34,EDC-HCl,PyAOP,carbodiimide,other,534,21,31,-0.06992654408154447,background,,False
C25,C35,EDC-HCl,PyBOP,carbodiimide,other,535,21,31,-0.10761673144444522,background,,False
C25,C36,EDC-HCl,PyBOP,carbodiimide,other,536,21,31,-0.08914406286443388,background,,False
C25,C37,EDC-HCl,PyOxim,carbodiimide,other,537,21,31,-0.104956374211223,background,,False
C25,C38,EDC-HCl,PyBrOP,carbodiimide,other,532,21,31,-0.05081787125363456,background,,False
C25,C39,EDC-HCl,PyBrOP,carbodiimide,other,527,21,31,-0.05332857592108095,background,,False
C25,C4,EDC-HCl,DCMT,carbodiimide,other,530,21,30,-0.07167035851804161,background,,False
C25,C40,EDC-HCl,PyClocK,carbodiimide,other,533,21,31,-0.08641269908876342,background,,False
C25,C41,EDC-HCl,EEDQ,carbodiimide,quinoline,527,21,31,-0.17968546275810696,target,0.17968546275810696,True
C25,C42,EDC-HCl,DEPBT,carbodiimide,other,533,21,31,-0.16686023442288836,background,,False
C25,C43,EDC-HCl,DPP-Cl,carbodiimide,other,533,21,31,-0.04829036519372588,background,,False
C25,C44,EDC-HCl,DMTMM,carbodiimide,other,534,21,30,-0.06948091748932272,background,,False
C25,C45,EDC-HCl,PyCIU,carbodiimide,other,534,21,31,-0.05080026672817049,background,,False
C25,C46,EDC-HCl,BOPCl,carbodiimide,other,532,21,31,-0.07623046751395848,background,,False
C25,C47,EDC-HCl,EDC-HCl,carbodiimide,carbodiimide,531,21,31,-0.045855507818422896,background,,False
C25,C48,EDC-HCl,TFFH,carbodiimide,haloformamidinium,534,21,30,-0.05100526391480681,background,,False
C25,C49,EDC-HCl,BTFFH,carbodiimide,haloformamidinium,506,21,31,0.008904552507015898,background,,False
C25,C5,EDC-HCl,COMU,carbodiimide,other,524,21,31,-0.021643765655462582,background,,False
C25,C50,EDC-HCl,DCMT,carbodiimide,other,535,21,31,-0.07457942797324052,background,,False
C25,C51,EDC-HCl,EDC-HCl,carbodiimide,carbodiimide,531,21,31,0.005840487612233438,background,,False
C25,C52,EDC-HCl,EDC-HCl,carbodiimide,carbodiimide,533,21,31,-0.02527172015176793,background,,False
C25,C53,EDC-HCl,EDC-HCl,carbodiimide,carbodiimide,528,21,31,-0.022833917612146717,background,,False
C25,C54,EDC-HCl,EDC-HCl,carbodiimide,carbodiimide,527,21,31,-0.060060581135345015,background,,False
C25,C55,EDC-HCl,DCC,carbodiimide,carbodiimide,530,21,30,-0.05587567516636808,background,,False
C25,C56,EDC-HCl,DCC,carbodiimide,carbodiimide,534,21,31,-0.010044372982064093,background,,False
C25,C57,EDC-HCl,DCC,carbodiimide,carbodiimide,530,21,31,-0.012168535983101761,background,,False
C25,C58,EDC-HCl,DCC,carbodiimide,carbodiimide,533,21,31,-0.042194441447204384,background,,False
C25,C59,EDC-HCl,CITU,carbodiimide,other,525,21,31,-0.04620020176755274,background,,False
C25,C6,EDC-HCl,TBTU,carbodiimide,other,522,21,31,-0.09066027386525838,background,,False
C25,C60,EDC-HCl,EDC-HCl,carbodiimide,carbodiimide,535,21,31,-0.08615509607663288,background,,False
C25,C61,EDC-HCl,PyAOP,carbodiimide,other,534,21,31,-0.05869084145139075,background,,False
C25,C62,EDC-HCl,TFFH,carbodiimide,haloformamidinium,533,21,31,-0.07289098580798707,background,,False
C25,C63,EDC-HCl,CDI,carbodiimide,other,527,21,31,-0.012502966173147684,background,,False
C25,C64,EDC-HCl,CDMT,carbodiimide,other,518,21,31,-0.169381505806215,background,,False
C25,C65,EDC-HCl,CIP,carbodiimide,other,498,21,31,-0.03412174892951714,background,,False
C25,C66,EDC-HCl,DIC,carbodiimide,carbodiimide,533,21,31,-0.12067218462531507,background,,False
C25,C67,EDC-HCl,EDC-HCl,carbodiimide,carbodiimide,532,21,31,-0.037015603015275234,background,,False
C25,C68,EDC-HCl,EDC-HCl,carbodiimide,carbodiimide,534,21,31,-0.021830191191864176,background,,False
C25,C69,EDC-HCl,EDC-HCl,carbodiimide,carbodiimide,528,21,31,-0.05993666681246922,background,,False
C25,C7,EDC-HCl,HDMC,carbodiimide,other,520,21,31,-0.10389340937693825,background,,False
C25,C70,EDC-HCl,DCC,carbodiimide,carbodiimide,527,21,31,0.03455969604030147,background,,False
C25,C71,EDC-HCl,DCC,carbodiimide,carbodiimide,529,21,31,-0.023250521700433985,background,,False
C25,C72,EDC-HCl,IBCF,carbodiimide,other,527,21,31,-0.08096802102054977,background,,False
C25,C73,EDC-HCl,DCC,carbodiimide,carbodiimide,512,21,31,-0.06370139759503615,background,,False
C25,C74,EDC-HCl,EDC-HCl,carbodiimide,carbodiimide,532,21,31,-0.10817023234165607,background,,False
C25,C76,EDC-HCl,TCFH,carbodiimide,haloformamidinium,532,21,31,-0.05396260549632228,background,,False
C25,C77,EDC-HCl,DCC,carbodiimide,carbodiimide,534,21,31,-0.06295638124350657,background,,False
C25,C78,EDC-HCl,DCC,carbodiimide,carbodiimide,533,21,30,-0.12909685420149514,background,,False
C25,C79,EDC-HCl,DCC,carbodiimide,carbodiimide,532,21,31,-0.05725072564903105,background,,False
C25,C8,EDC-HCl,TCTU,carbodiimide,other,517,21,31,-0.0881142786605702,background,,False
C25,C80,EDC-HCl,DCC,carbodiimide,carbodiimide,518,21,31,-0.11144890510627672,background,,False
C25,C81,EDC-HCl,DCC,carbodiimide,carbodiimide,504,20,30,-0.09369260302946375,background,,False
C25,C82,EDC-HCl,DCC,carbodiimide,carbodiimide,525,21,31,-0.05633056308256896,background,,False
C25,C83,EDC-HCl,DIC,carbodiimide,carbodiimide,528,21,31,-0.11962965900237346,background,,False
C25,C84,EDC-HCl,DIC,carbodiimide,carbodiimide,533,21,31,-0.06366710792893457,background,,False
C25,C85,EDC-HCl,DIC,carbodiimide,carbodiimide,531,21,31,-0.09004782728623068,background,,False
C25,C86,EDC-HCl,DIC,carbodiimide,carbodiimide,534,21,31,-0.08620106896464277,background,,False
C25,C87,EDC-HCl,EDC-HCl,carbodiimide,carbodiimide,532,21,31,-0.019319794244886675,background,,False
C25,C88,EDC-HCl,EDC-HCl,carbodiimide,carbodiimide,521,21,31,-0.10715618870427879,background,,False
C25,C89,EDC-HCl,EDC-HCl,carbodiimide,carbodiimide,516,20,31,-0.07418946018310352,background,,False
C25,C9,EDC-HCl,TDBTU,carbodiimide,other,510,21,31,-0.060907341821042016,background,,False
C25,C90,EDC-HCl,EDC-HCl,carbodiimide,carbodiimide,527,21,31,-0.09180893290957648,background,,False
C25,C91,EDC-HCl,EDC-HCl,carbodiimide,carbodiimide,531,21,31,-0.08736262483554413,background,,False
C25,C92,EDC-HCl,HATU,carbodiimide,other,535,21,31,-0.03518448123721862,background,,False
C25,C93,EDC-HCl,TPTU,carbodiimide,other,529,21,31,-0.05333705917402698,background,,False
C25,C94,EDC-HCl,HBPYU,carbodiimide,other,535,21,30,-0.035322456579093046,background,,False
C25,C95,EDC-HCl,IIDQ,carbodiimide,quinoline,533,21,30,-0.16258527585117627,target,0.16258527585117627,True
C25,C96,EDC-HCl,TOTU,carbodiimide,other,508,21,31,-0.09101881520846253,background,,False
C26,C27,EDC-HCl,EDC-HCl,carbodiimide,carbodiimide,566,21,32,0.0174629182783081,background,,False
C26,C28,EDC-HCl,EDC-HCl,carbodiimide,carbodiimide,571,21,32,-0.01280213381299946,background,,False
C26,C29,EDC-HCl,DCC,carbodiimide,carbodiimide,548,21,32,0.00865521057560123,background,,False
C26,C3,EDC-HCl,BTFFH,carbodiimide,haloformamidinium,560,21,31,0.0528811037118814,background,,False
C26,C30,EDC-HCl,DCC,carbodiimide,carbodiimide,565,21,32,0.00898785141773191,background,,False
C26,C31,EDC-HCl,DCC,carbodiimide,carbodiimide,570,21,32,0.022560406267256285,background,,False
C26,C32,EDC-HCl,DCC,carbodiimide,carbodiimide,568,21,32,-0.011057925529044242,background,,False
C26,C33,EDC-HCl,PyAOP,carbodiimide,other,557,21,32,-0.04855025444809352,background,,False
C26,C34,EDC-HCl,PyAOP,carbodiimide,other,571,21,32,-0.03503394135091298,background,,False
C26,C35,EDC-HCl,PyBOP,carbodiimide,other,570,21,32,-0.07190814529838187,background,,False
C26,C36,EDC-HCl,PyBOP,carbodiimide,other,568,21,32,-0.05140848152986481,background,,False
C26,C37,EDC-HCl,PyOxim,carbodiimide,other,573,21,32,-0.10084099630284601,background,,False
C26,C38,EDC-HCl,PyBrOP,carbodiimide,other,568,21,32,-0.006591184851816978,background,,False
C26,C39,EDC-HCl,PyBrOP,carbodiimide,other,560,21,32,-0.010407767456815292,background,,False
C26,C4,EDC-HCl,DCMT,carbodiimide,other,566,21,31,-0.012833542654109548,background,,False
C26,C40,EDC-HCl,PyClocK,carbodiimide,other,569,21,32,-0.05180288018442575,background,,False
C26,C41,EDC-HCl,EEDQ,carbodiimide,quinoline,563,21,32,-0.13394855717929136,target,0.13394855717929136,True
C26,C42,EDC-HCl,DEPBT,carbodiimide,other,571,21,32,-0.11497627940330846,background,,False
C26,C43,EDC-HCl,DPP-Cl,carbodiimide,other,569,21,32,-0.002535910426026383,background,,False
C26,C44,EDC-HCl,DMTMM,carbodiimide,other,570,21,31,-0.01056107643015644,background,,False
C26,C45,EDC-HCl,PyCIU,carbodiimide,other,570,21,32,-0.01597195372868193,background,,False
C26,C46,EDC-HCl,BOPCl,carbodiimide,other,567,21,32,-0.03749455562472437,background,,False
C26,C47,EDC-HCl,EDC-HCl,carbodiimide,carbodiimide,566,21,32,-0.001060933197119751,background,,False
C26,C48,EDC-HCl,TFFH,carbodiimide,haloformamidinium,570,21,31,0.007476693196175915,background,,False
C26,C49,EDC-HCl,BTFFH,carbodiimide,haloformamidinium,537,21,31,0.04414553607113575,background,,False
C26,C5,EDC-HCl,COMU,carbodiimide,other,557,21,32,0.0031987775457338746,background,,False
C26,C50,EDC-HCl,DCMT,carbodiimide,other,571,21,32,-0.025799246242252882,background,,False
C26,C51,EDC-HCl,EDC-HCl,carbodiimide,carbodiimide,547,21,32,0.057198775216167286,background,,False
C26,C52,EDC-HCl,EDC-HCl,carbodiimide,carbodiimide,569,21,32,0.004515781746018858,background,,False
C26,C53,EDC-HCl,EDC-HCl,carbodiimide,carbodiimide,564,21,32,0.030267260176574717,background,,False
C26,C54,EDC-HCl,EDC-HCl,carbodiimide,carbodiimide,563,21,32,-0.014921414073181358,background,,False
C26,C55,EDC-HCl,DCC,carbodiimide,carbodiimide,546,21,31,0.0008982663621362186,background,,False
C26,C56,EDC-HCl,DCC,carbodiimide,carbodiimide,569,21,32,0.03382805116469466,background,,False
C26,C57,EDC-HCl,DCC,carbodiimide,carbodiimide,564,21,32,0.043995270461448355,background,,False
C26,C58,EDC-HCl,DCC,carbodiimide,carbodiimide,567,21,31,-0.0033380751990978175,background,,False
C26,C59,EDC-HCl,CITU,carbodiimide,other,558,21,32,-0.0026554085510629988,background,,False
C26,C6,EDC-HCl,TBTU,carbodiimide,other,555,21,32,-0.05902340339250038,background,,False
C26,C60,EDC-HCl,EDC-HCl,carbodiimide,carbodiimide,569,21,32,-0.055670905673500984,background,,False
C26,C61,EDC-HCl,PyAOP,carbodiimide,other,569,21,32,-0.02660407624660971,background,,False
C26,C62,EDC-HCl,TFFH,carbodiimide,haloformamidinium,568,21,32,-0.02663843658481424,background,,False
C26,C63,EDC-HCl,CDI,carbodiimide,other,562,21,32,0.033646000849812036,background,,False
C26,C64,EDC-HCl,CDMT,carbodiimide,other,553,21,32,-0.13115861421177186,background,,False
C26,C65,EDC-HCl,CIP,carbodiimide,other,529,21,31,0.0017737262842096035,background,,False
C26,C66,EDC-HCl,DIC,carbodiimide,carbodiimide,568,21,32,-0.10210471072717056,background,,False
C26,C67,EDC-HCl,EDC-HCl,carbodiimide,carbodiimide,567,21,32,-0.00373549286055823,background,,False
C26,C68,EDC-HCl,EDC-HCl,carbodiimide,carbodiimide,569,21,32,0.03287440060011027,background,,False
C26,C69,EDC-HCl,EDC-HCl,carbodiimide,carbodiimide,562,21,32,-0.0025545231599656826,background,,False
C26,C7,EDC-HCl,HDMC,carbodiimide,other,554,21,32,-0.08318727857083955,background,,False
C26,C70,EDC-HCl,DCC,carbodiimide,carbodiimide,563,21,32,0.08437819146363812,background,,False
C26,C71,EDC-HCl,DCC,carbodiimide,carbodiimide,566,21,32,0.015917184175852524,background,,False
C26,C72,EDC-HCl,IBCF,carbodiimide,other,543,21,32,-0.03589855937796024,background,,False
C26,C73,EDC-HCl,DCC,carbodiimide,carbodiimide,548,21,32,-0.0012428155249052386,background,,False
C26,C74,EDC-HCl,EDC-HCl,carbodiimide,carbodiimide,568,21,32,-0.07784539312358095,background,,False
C26,C76,EDC-HCl,TCFH,carbodiimide,haloformamidinium,567,21,32,-0.009174473778308823,background,,False
C26,C77,EDC-HCl,DCC,carbodiimide,carbodiimide,570,21,32,-0.010007618144255437,background,,False
C26,C78,EDC-HCl,DCC,carbodiimide,carbodiimide,568,21,32,-0.11278833855588208,background,,False
C26,C79,EDC-HCl,DCC,carbodiimide,carbodiimide,566,21,32,-0.03314738177415438,background,,False
C26,C8,EDC-HCl,TCTU,carbodiimide,other,550,21,32,-0.06897805277675095,background,,False
C26,C80,EDC-HCl,DCC,carbodiimide,carbodiimide,554,21,32,-0.06525346719178121,background,,False
C26,C81,EDC-HCl,DCC,carbodiimide,carbodiimide,537,20,31,-0.0492445306173082,background,,False
C26,C82,EDC-HCl,DCC,carbodiimide,carbodiimide,561,21,32,-0.002735907077631633,background,,False
C26,C83,EDC-HCl,DIC,carbodiimide,carbodiimide,561,21,31,-0.0943228648608171,background,,False
C26,C84,EDC-HCl,DIC,carbodiimide,carbodiimide,569,21,32,-0.033527955110897525,background,,False
C26,C85,EDC-HCl,DIC,carbodiimide,carbodiimide,567,21,32,-0.05315317650042216,background,,False
C26,C86,EDC-HCl,DIC,carbodiimide,carbodiimide,570,21,32,-0.05677090286004244,background,,False
C26,C87,EDC-HCl,EDC-HCl,carbodiimide,carbodiimide,568,21,32,0.024274084548083844,background,,False
C26,C88,EDC-HCl,EDC-HCl,carbodiimide,carbodiimide,557,21,32,-0.09247484236222336,background,,False
C26,C89,EDC-HCl,EDC-HCl,carbodiimide,carbodiimide,549,20,32,-0.0491839787370785,background,,False
C26,C9,EDC-HCl,TDBTU,carbodiimide,other,536,21,31,-0.035200163697622466,background,,False
C26,C90,EDC-HCl,EDC-HCl,carbodiimide,carbodiimide,564,21,32,-0.054583783413586925,background,,False
C26,C91,EDC-HCl,EDC-HCl,carbodiimide,carbodiimide,566,21,32,-0.06101138566534625,background,,False
C26,C92,EDC-HCl,HATU,carbodiimide,other,571,21,32,0.0031031108317775558,background,,False
C26,C93,EDC-HCl,TPTU,carbodiimide,other,565,21,32,-0.0021802314440992343,background,,False
C26,C94,EDC-HCl,HBPYU,carbodiimide,other,571,21,31,0.009921200590281773,background,,False
C26,C95,EDC-HCl,IIDQ,carbodiimide,quinoline,569,21,31,-0.10255344283730725,target,0.10255344283730725,True
C26,C96,EDC-HCl,TOTU,carbodiimide,other,541,21,32,-0.0561334691655937,background,,False
C27,C28,EDC-HCl,EDC-HCl,carbodiimide,carbodiimide,565,21,32,-0.028943860386131004,background,,False
C27,C29,EDC-HCl,DCC,carbodiimide,carbodiimide,544,21,32,-0.010244925407989769,background,,False
C27,C3,EDC-HCl,BTFFH,carbodiimide,haloformamidinium,555,21,31,0.03251072313372037,background,,False
C27,C30,EDC-HCl,DCC,carbodiimide,carbodiimide,560,21,32,-0.013359725607214098,background,,False
C27,C31,EDC-HCl,DCC,carbodiimide,carbodiimide,568,21,32,0.005295773363200654,background,,False
C27,C32,EDC-HCl,DCC,carbodiimide,carbodiimide,563,21,32,-0.02752737198339417,background,,False
C27,C33,EDC-HCl,PyAOP,carbodiimide,other,551,21,32,-0.06414256994313272,background,,False
C27,C34,EDC-HCl,PyAOP,carbodiimide,other,565,21,32,-0.05127762808857994,background,,False
C27,C35,EDC-HCl,PyBOP,carbodiimide,other,565,21,32,-0.09043028773452955,background,,False
C27,C36,EDC-HCl,PyBOP,carbodiimide,other,564,21,32,-0.06725970784586954,background,,False
C27,C37,EDC-HCl,PyOxim,carbodiimide,other,568,21,32,-0.11728068533939401,background,,False
C27,C38,EDC-HCl,PyBrOP,carbodiimide,other,563,21,32,-0.026771987661298152,background,,False
C27,C39,EDC-HCl,PyBrOP,carbodiimide,other,555,21,32,-0.026356278049351284,background,,False
C27,C4,EDC-HCl,DCMT,carbodiimide,other,562,21,31,-0.03831408010634693,background,,False
C27,C40,EDC-HCl,PyClocK,carbodiimide,other,564,21,32,-0.06951136757993967,background,,False
C27,C41,EDC-HCl,EEDQ,carbodiimide,quinoline,559,21,32,-0.14968916643470784,target,0.14968916643470784,True
C27,C42,EDC-HCl,DEPBT,carbodiimide,other,565,21,32,-0.1345298508154532,background,,False
C27,C43,EDC-HCl,DPP-Cl,carbodiimide,other,565,21,32,-0.024368786157894673,background,,False
C27,C44,EDC-HCl,DMTMM,carbodiimide,other,565,21,31,-0.035800559657824305,background,,False
C27,C45,EDC-HCl,PyCIU,carbodiimide,other,566,21,32,-0.03702897464046351,background,,False
C27,C46,EDC-HCl,BOPCl,carbodiimide,other,562,21,32,-0.056709152114097466,background,,False
C27,C47,EDC-HCl,EDC-HCl,carbodiimide,carbodiimide,561,21,32,-0.01983259323088088,background,,False
C27,C48,EDC-HCl,TFFH,carbodiimide,haloformamidinium,565,21,31,-0.019297752929575612,background,,False
C27,C49,EDC-HCl,BTFFH,carbodiimide,haloformamidinium,533,21,31,0.04103998108681534,background,,False
C27,C5,EDC-HCl,COMU,carbodiimide,other,553,21,32,-0.013258739785839226,background,,False
C27,C50,EDC-HCl,DCMT,carbodiimide,other,566,21,32,-0.04799236320341538,background,,False
C27,C51,EDC-HCl,EDC-HCl,carbodiimide,carbodiimide,543,21,32,0.04248410611083628,background,,False
C27,C52,EDC-HCl,EDC-HCl,carbodiimide,carbodiimide,563,21,32,-0.001719724900916715,background,,False
C27,C53,EDC-HCl,EDC-HCl,carbodiimide,carbodiimide,559,21,32,0.011812988490837568,background,,False
C27,C54,EDC-HCl,EDC-HCl,carbodiimide,carbodiimide,558,21,32,-0.03182333144148225,background,,False
C27,C55,EDC-HCl,DCC,carbodiimide,carbodiimide,542,21,31,-0.016238313941605853,background,,False
C27,C56,EDC-HCl,DCC,carbodiimide,carbodiimide,563,21,32,0.01567195031587752,background,,False
C27,C57,EDC-HCl,DCC,carbodiimide,carbodiimide,561,21,32,0.027135244313584904,background,,False
C27,C58,EDC-HCl,DCC,carbodiimide,carbodiimide,562,21,31,-0.0009204139553761967,background,,False
C27,C59,EDC-HCl,CITU,carbodiimide,other,553,21,32,-0.021121314428630467,background,,False
C27,C6,EDC-HCl,TBTU,carbodiimide,other,552,21,32,-0.07276789019936752,background,,False
C27,C60,EDC-HCl,EDC-HCl,carbodiimide,carbodiimide,565,21,32,-0.07488512372798914,background,,False
C27,C61,EDC-HCl,PyAOP,carbodiimide,other,564,21,32,-0.045145341166983405,background,,False
C27,C62,EDC-HCl,TFFH,carbodiimide,haloformamidinium,563,21,32,-0.05115707952372725,background,,False
C27,C63,EDC-HCl,CDI,carbodiimide,other,557,21,32,0.022857717228257482,background,,False
C27,C64,EDC-HCl,CDMT,carbodiimide,other,548,21,32,-0.15558932972856354,background,,False
C27,C65,EDC-HCl,CIP,carbodiimide,other,525,21,31,-0.0003910348857822654,background,,False
C27,C66,EDC-HCl,DIC,carbodiimide,carbodiimide,563,21,32,-0.12377813327168918,background,,False
C27,C67,EDC-HCl,EDC-HCl,carbodiimide,carbodiimide,563,21,32,-0.020633769571268508,background,,False
C27,C68,EDC-HCl,EDC-HCl,carbodiimide,carbodiimide,567,21,32,0.015508883440612893,background,,False
C27,C69,EDC-HCl,EDC-HCl,carbodiimide,carbodiimide,557,21,32,-0.011987148336263548,background,,False
C27,C7,EDC-HCl,HDMC,carbodiimide,other,551,21,32,-0.10417929611160248,background,,False
C27,C70,EDC-HCl,DCC,carbodiimide,carbodiimide,558,21,32,0.062280339232998,background,,False
C27,C71,EDC-HCl,DCC,carbodiimide,carbodiimide,560,21,32,-0.00580603354078784,background,,False
C27,C72,EDC-HCl,IBCF,carbodiimide,other,539,21,32,-0.056750280025161665,background,,False
C27,C73,EDC-HCl,DCC,carbodiimide,carbodiimide,543,21,32,-0.017101300126536663,background,,False
C27,C74,EDC-HCl,EDC-HCl,carbodiimide,carbodiimide,563,21,32,-0.0973077960028501,background,,False
C27,C76,EDC-HCl,TCFH,carbodiimide,haloformamidinium,562,21,32,-0.029476105778192985,background,,False
C27,C77,EDC-HCl,DCC,carbodiimide,carbodiimide,565,21,32,-0.030937600708077773,background,,False
C27,C78,EDC-HCl,DCC,carbodiimide,carbodiimide,564,21,32,-0.1321617903320959,background,,False
C27,C79,EDC-HCl,DCC,carbodiimide,carbodiimide,561,21,32,-0.05789078978129081,background,,False
C27,C8,EDC-HCl,TCTU,carbodiimide,other,546,21,32,-0.08467603507936566,background,,False
C27,C80,EDC-HCl,DCC,carbodiimide,carbodiimide,549,21,32,-0.10174138296494209,background,,False
C27,C81,EDC-HCl,DCC,carbodiimide,carbodiimide,531,20,31,-0.06821616097202815,background,,False
C27,C82,EDC-HCl,DCC,carbodiimide,carbodiimide,556,21,32,-0.023249993068662905,background,,False
C27,C83,EDC-HCl,DIC,carbodiimide,carbodiimide,556,21,31,-0.09750618949448167,background,,False
C27,C84,EDC-HCl,DIC,carbodiimide,carbodiimide,564,21,32,-0.05505805895140134,background,,False
C27,C85,EDC-HCl,DIC,carbodiimide,carbodiimide,562,21,32,-0.0727979374763423,background,,False
C27,C86,EDC-HCl,DIC,carbodiimide,carbodiimide,565,21,32,-0.07678868495169267,background,,False
C27,C87,EDC-HCl,EDC-HCl,carbodiimide,carbodiimide,563,21,32,0.005895738182510171,background,,False
C27,C88,EDC-HCl,EDC-HCl,carbodiimide,carbodiimide,552,21,32,-0.11233679095114313,background,,False
C27,C89,EDC-HCl,EDC-HCl,carbodiimide,carbodiimide,543,20,32,-0.069542535649329,background,,False
C27,C9,EDC-HCl,TDBTU,carbodiimide,other,531,21,31,-0.029751238054418455,background,,False
C27,C90,EDC-HCl,EDC-HCl,carbodiimide,carbodiimide,559,21,32,-0.07045643820127137,background,,False
C27,C91,EDC-HCl,EDC-HCl,carbodiimide,carbodiimide,561,21,32,-0.08439629726130428,background,,False
C27,C92,EDC-HCl,HATU,carbodiimide,other,566,21,32,-0.016720929243099383,background,,False
C27,C93,EDC-HCl,TPTU,carbodiimide,other,560,21,32,-0.014031196914929184,background,,False
C27,C94,EDC-HCl,HBPYU,carbodiimide,other,566,21,31,-0.01393271348459011,background,,False
C27,C95,EDC-HCl,IIDQ,carbodiimide,quinoline,564,21,31,-0.13095905984740117,target,0.13095905984740117,True
C27,C96,EDC-HCl,TOTU,carbodiimide,other,536,21,32,-0.07485008372809278,background,,False
C28,C29,EDC-HCl,DCC,carbodiimide,carbodiimide,548,21,32,0.01729278691837577,background,,False
C28,C3,EDC-HCl,BTFFH,carbodiimide,haloformamidinium,560,21,31,0.062433357146907,background,,False
C28,C30,EDC-HCl,DCC,carbodiimide,carbodiimide,564,21,32,0.016344084596796433,background,,False
C28,C31,EDC-HCl,DCC,carbodiimide,carbodiimide,570,21,32,0.03480435483222574,background,,False
C28,C32,EDC-HCl,DCC,carbodiimide,carbodiimide,569,21,32,0.000838825443427605,background,,False
C28,C33,EDC-HCl,PyAOP,carbodiimide,other,556,21,32,-0.03797909346700051,background,,False
C28,C34,EDC-HCl,PyAOP,carbodiimide,other,571,21,32,-0.02447212921670902,background,,False
C28,C35,EDC-HCl,PyBOP,carbodiimide,other,570,21,32,-0.061259574272041595,background,,False
C28,C36,EDC-HCl,PyBOP,carbodiimide,other,568,21,32,-0.03905467504034105,background,,False
C28,C37,EDC-HCl,PyOxim,carbodiimide,other,573,21,32,-0.09029091636460951,background,,False
C28,C38,EDC-HCl,PyBrOP,carbodiimide,other,568,21,32,0.001910582192648197,background,,False
C28,C39,EDC-HCl,PyBrOP,carbodiimide,other,560,21,32,-0.001552388534635546,background,,False
C28,C4,EDC-HCl,DCMT,carbodiimide,other,566,21,31,-0.01712687759390158,background,,False
C28,C40,EDC-HCl,PyClocK,carbodiimide,other,569,21,32,-0.040840773437665734,background,,False
C28,C41,EDC-HCl,EEDQ,carbodiimide,quinoline,563,21,32,-0.12040054390106193,target,0.12040054390106193,True
C28,C42,EDC-HCl,DEPBT,carbodiimide,other,570,21,32,-0.10425588588204449,background,,False
C28,C43,EDC-HCl,DPP-Cl,carbodiimide,other,569,21,32,0.0061320228378765745,background,,False
C28,C44,EDC-HCl,DMTMM,carbodiimide,other,570,21,31,-0.016374788995918876,background,,False
C28,C45,EDC-HCl,PyCIU,carbodiimide,other,570,21,32,-0.00825399218202387,background,,False
C28,C46,EDC-HCl,BOPCl,carbodiimide,other,567,21,32,-0.02754126320077703,background,,False
C28,C47,EDC-HCl,EDC-HCl,carbodiimide,carbodiimide,567,21,32,0.008055992997497236,background,,False
C28,C48,EDC-HCl,TFFH,carbodiimide,haloformamidinium,570,21,31,0.002190655136091929,background,,False
C28,C49,EDC-HCl,BTFFH,carbodiimide,haloformamidinium,535,21,31,0.07462624715702237,background,,False
C28,C5,EDC-HCl,COMU,carbodiimide,other,557,21,32,0.015043685113730566,background,,False
C28,C50,EDC-HCl,DCMT,carbodiimide,other,571,21,32,-0.019470625162812616,background,,False
C28,C51,EDC-HCl,EDC-HCl,carbodiimide,carbodiimide,547,21,32,0.07203285469851946,background,,False
C28,C52,EDC-HCl,EDC-HCl,carbodiimide,carbodiimide,568,21,32,0.026002697889045648,background,,False
C28,C53,EDC-HCl,EDC-HCl,carbodiimide,carbodiimide,564,21,32,0.045883238998846554,background,,False
C28,C54,EDC-HCl,EDC-HCl,carbodiimide,carbodiimide,563,21,32,-0.0039343007026431814,background,,False
C28,C55,EDC-HCl,DCC,carbodiimide,carbodiimide,546,21,31,0.012405625510621826,background,,False
C28,C56,EDC-HCl,DCC,carbodiimide,carbodiimide,569,21,32,0.04434318365630528,background,,False
C28,C57,EDC-HCl,DCC,carbodiimide,carbodiimide,564,21,32,0.05540550230295418,background,,False
C28,C58,EDC-HCl,DCC,carbodiimide,carbodiimide,567,21,31,0.028567058569994534,background,,False
C28,C59,EDC-HCl,CITU,carbodiimide,other,558,21,32,0.005690668034450466,background,,False
C28,C6,EDC-HCl,TBTU,carbodiimide,other,555,21,32,-0.04616847918761477,background,,False
C28,C60,EDC-HCl,EDC-HCl,carbodiimide,carbodiimide,569,21,32,-0.04525354163392564,background,,False
C28,C61,EDC-HCl,PyAOP,carbodiimide,other,569,21,32,-0.014714809742206403,background,,False
C28,C62,EDC-HCl,TFFH,carbodiimide,haloformamidinium,568,21,32,-0.021018594223279424,background,,False
C28,C63,EDC-HCl,CDI,carbodiimide,other,562,21,32,0.04394909703041128,background,,False
C28,C64,EDC-HCl,CDMT,carbodiimide,other,553,21,32,-0.1273778854787005,background,,False
C28,C65,EDC-HCl,CIP,carbodiimide,other,528,21,31,0.032132292199117854,background,,False
C28,C66,EDC-HCl,DIC,carbodiimide,carbodiimide,568,21,32,-0.09465349482079663,background,,False
C28,C67,EDC-HCl,EDC-HCl,carbodiimide,carbodiimide,566,21,32,0.009784751276781453,background,,False
C28,C68,EDC-HCl,EDC-HCl,carbodiimide,carbodiimide,569,21,32,0.04469852653861085,background,,False
C28,C69,EDC-HCl,EDC-HCl,carbodiimide,carbodiimide,562,21,32,0.010475236659149153,background,,False
C28,C7,EDC-HCl,HDMC,carbodiimide,other,554,21,32,-0.0777347003801929,background,,False
C28,C70,EDC-HCl,DCC,carbodiimide,carbodiimide,563,21,32,0.09065650643612325,background,,False
C28,C71,EDC-HCl,DCC,carbodiimide,carbodiimide,565,21,32,0.026295982834947218,background,,False
C28,C72,EDC-HCl,IBCF,carbodiimide,other,543,21,32,-0.02761738388214255,background,,False
C28,C73,EDC-HCl,DCC,carbodiimide,carbodiimide,548,21,32,0.013199755270812023,background,,False
C28,C74,EDC-HCl,EDC-HCl,carbodiimide,carbodiimide,569,21,32,-0.06745123403101239,background,,False
C28,C76,EDC-HCl,TCFH,carbodiimide,haloformamidinium,567,21,32,-0.0018327098257854557,background,,False
C28,C77,EDC-HCl,DCC,carbodiimide,carbodiimide,570,21,32,-0.0024760937411298922,background,,False
C28,C78,EDC-HCl,DCC,carbodiimide,carbodiimide,568,21,32,-0.10368299412335191,background,,False
C28,C79,EDC-HCl,DCC,carbodiimide,carbodiimide,566,21,32,-0.027301148678026743,background,,False
C28,C8,EDC-HCl,TCTU,carbodiimide,other,550,21,32,-0.05981222182424678,background,,False
C28,C80,EDC-HCl,DCC,carbodiimide,carbodiimide,554,21,32,-0.06664951758906071,background,,False
C28,C81,EDC-HCl,DCC,carbodiimide,carbodiimide,537,20,31,-0.05760858032827407,background,,False
C28,C82,EDC-HCl,DCC,carbodiimide,carbodiimide,560,21,32,0.007461705790478071,background,,False
C28,C83,EDC-HCl,DIC,carbodiimide,carbodiimide,561,21,31,-0.06460950376733524,background,,False
C28,C84,EDC-HCl,DIC,carbodiimide,carbodiimide,569,21,32,-0.02335337548424274,background,,False
C28,C85,EDC-HCl,DIC,carbodiimide,carbodiimide,567,21,32,-0.042698434030506174,background,,False
C28,C86,EDC-HCl,DIC,carbodiimide,carbodiimide,570,21,32,-0.04693823495851651,background,,False
C28,C87,EDC-HCl,EDC-HCl,carbodiimide,carbodiimide,568,21,32,0.033637704036872135,background,,False
C28,C88,EDC-HCl,EDC-HCl,carbodiimide,carbodiimide,557,21,32,-0.08443321487091635,background,,False
C28,C89,EDC-HCl,EDC-HCl,carbodiimide,carbodiimide,549,20,32,-0.05195342952402954,background,,False
C28,C9,EDC-HCl,TDBTU,carbodiimide,other,536,21,31,-0.00045396455416465975,background,,False
C28,C90,EDC-HCl,EDC-HCl,carbodiimide,carbodiimide,563,21,32,-0.041905302936391164,background,,False
C28,C91,EDC-HCl,EDC-HCl,carbodiimide,carbodiimide,566,21,32,-0.05280964600629537,background,,False
C28,C92,EDC-HCl,HATU,carbodiimide,other,571,21,32,0.013739218825299902,background,,False
C28,C93,EDC-HCl,TPTU,carbodiimide,other,565,21,32,0.008689163290812846,background,,False
C28,C94,EDC-HCl,HBPYU,carbodiimide,other,571,21,31,0.007917919874321146,background,,False
C28,C95,EDC-HCl,IIDQ,carbodiimide,quinoline,569,21,31,-0.10724190164073116,target,0.10724190164073116,True
C28,C96,EDC-HCl,TOTU,carbodiimide,other,541,21,32,-0.045746951676424064,background,,False
C29,C3,DCC,BTFFH,carbodiimide,haloformamidinium,538,21,31,0.05770055717611697,background,,False
C29,C30,DCC,DCC,carbodiimide,carbodiimide,544,21,32,0.0028622469847914833,background,,False
C29,C31,DCC,DCC,carbodiimide,carbodiimide,548,21,32,0.01576883530265416,background,,False
C29,C32,DCC,DCC,carbodiimide,carbodiimide,547,21,32,-0.017577527871712684,background,,False
C29,C33,DCC,PyAOP,carbodiimide,other,535,21,32,-0.04969961339144635,background,,False
C29,C34,DCC,PyAOP,carbodiimide,other,548,21,32,-0.02704709894618118,background,,False
C29,C35,DCC,PyBOP,carbodiimide,other,549,21,32,-0.07310884817145524,background,,False
C29,C36,DCC,PyBOP,carbodiimide,other,547,21,32,-0.04622484054725512,background,,False
C29,C37,DCC,PyOxim,carbodiimide,other,551,21,32,-0.0766638280816258,background,,False
C29,C38,DCC,PyBrOP,carbodiimide,other,546,21,32,-0.010964039980992678,background,,False
C29,C39,DCC,PyBrOP,carbodiimide,other,541,21,32,-0.01561490836905205,background,,False
C29,C4,DCC,DCMT,carbodiimide,other,544,21,31,-0.03676354835663062,background,,False
C29,C40,DCC,PyClocK,carbodiimide,other,547,21,32,-0.050577120365265904,background,,False
C29,C41,DCC,EEDQ,carbodiimide,quinoline,540,21,32,-0.13552552316936128,target,0.13552552316936128,True
C29,C42,DCC,DEPBT,carbodiimide,other,547,21,32,-0.12041710947865938,background,,False
C29,C43,DCC,DPP-Cl,carbodiimide,other,547,21,32,-0.008122229132688633,background,,False
C29,C44,DCC,DMTMM,carbodiimide,other,548,21,31,-0.03583878423922631,background,,False
C29,C45,DCC,PyCIU,carbodiimide,other,548,21,32,-0.010542425901563499,background,,False
C29,C46,DCC,BOPCl,carbodiimide,other,546,21,32,-0.03823726458364084,background,,False
C29,C47,DCC,EDC-HCl,carbodiimide,carbodiimide,544,21,32,-0.005566265726920792,background,,False
C29,C48,DCC,TFFH,carbodiimide,haloformamidinium,548,21,31,-0.0182852761782384,background,,False
C29,C49,DCC,BTFFH,carbodiimide,haloformamidinium,516,21,31,0.054314925131153796,background,,False
C29,C5,DCC,COMU,carbodiimide,other,537,21,32,0.021968661860389455,background,,False
C29,C50,DCC,DCMT,carbodiimide,other,549,21,32,-0.03127345743212378,background,,False
C29,C51,DCC,EDC-HCl,carbodiimide,carbodiimide,545,21,32,0.051975337391135794,background,,False
C29,C52,DCC,EDC-HCl,carbodiimide,carbodiimide,546,21,32,0.004171264267064795,background,,False
C29,C53,DCC,EDC-HCl,carbodiimide,carbodiimide,543,21,32,0.027082746117761347,background,,False
C29,C54,DCC,EDC-HCl,carbodiimide,carbodiimide,541,21,32,-0.0230985762166344,background,,False
C29,C55,DCC,DCC,carbodiimide,carbodiimide,545,21,31,0.0034686592023226753,background,,False
C29,C56,DCC,DCC,carbodiimide,carbodiimide,546,21,32,0.02773331240762225,background,,False
C29,C57,DCC,DCC,carbodiimide,carbodiimide,541,21,32,0.035810761395272894,background,,False
C29,C58,DCC,DCC,carbodiimide,carbodiimide,545,21,31,0.004921196119238691,background,,False
C29,C59,DCC,CITU,carbodiimide,other,537,21,32,0.0034432054099972492,background,,False
C29,C6,DCC,TBTU,carbodiimide,other,534,21,32,-0.05232471270712408,background,,False
C29,C60,DCC,EDC-HCl,carbodiimide,carbodiimide,548,21,32,-0.054020437459248116,background,,False
C29,C61,DCC,PyAOP,carbodiimide,other,547,21,32,-0.016954723625751567,background,,False
C29,C62,DCC,TFFH,carbodiimide,haloformamidinium,546,21,32,-0.03017211831318849,background,,False
C29,C63,DCC,CDI,carbodiimide,other,541,21,32,0.028067145173648195,background,,False
C29,C64,DCC,CDMT,carbodiimide,other,531,21,32,-0.13695234413970853,background,,False
C29,C65,DCC,CIP,carbodiimide,other,508,21,31,0.01196201495310055,background,,False
C29,C66,DCC,DIC,carbodiimide,carbodiimide,547,21,32,-0.09135585686350839,background,,False
C29,C67,DCC,EDC-HCl,carbodiimide,carbodiimide,546,21,32,-0.0066450513907791164,background,,False
C29,C68,DCC,EDC-HCl,carbodiimide,carbodiimide,547,21,32,0.025825391035992656,background,,False
C29,C69,DCC,EDC-HCl,carbodiimide,carbodiimide,540,21,32,-0.009941883231741055,background,,False
C29,C7,DCC,HDMC,carbodiimide,other,533,21,32,-0.0725311396133978,background,,False
C29,C70,DCC,DCC,carbodiimide,carbodiimide,542,21,32,0.08142771896868076,background,,False
C29,C71,DCC,DCC,carbodiimide,carbodiimide,543,21,32,0.011105708334185727,background,,False
C29,C72,DCC,IBCF,carbodiimide,other,541,21,32,-0.037993370697733675,background,,False
C29,C73,DCC,DCC,carbodiimide,carbodiimide,525,21,32,-0.010658360784760734,background,,False
C29,C74,DCC,EDC-HCl,carbodiimide,carbodiimide,546,21,32,-0.07688503386733492,background,,False
C29,C76,DCC,TCFH,carbodiimide,haloformamidinium,546,21,32,-0.013930329303335941,background,,False
C29,C77,DCC,DCC,carbodiimide,carbodiimide,548,21,32,-0.016529175099455118,background,,False
C29,C78,DCC,DCC,carbodiimide,carbodiimide,547,21,31,-0.10010920697115722,background,,False
C29,C79,DCC,DCC,carbodiimide,carbodiimide,544,21,32,-0.025017001967729324,background,,False
C29,C8,DCC,TCTU,carbodiimide,other,531,21,32,-0.057388299137084264,background,,False
C29,C80,DCC,DCC,carbodiimide,carbodiimide,532,21,32,-0.07940722436334202,background,,False
C29,C81,DCC,DCC,carbodiimide,carbodiimide,516,20,31,-0.0723901862375812,background,,False
C29,C82,DCC,DCC,carbodiimide,carbodiimide,538,21,32,-0.010598394025060139,background,,False
C29,C83,DCC,DIC,carbodiimide,carbodiimide,541,21,31,-0.06984213760307806,background,,False
C29,C84,DCC,DIC,carbodiimide,carbodiimide,547,21,32,-0.030459280426021806,background,,False
C29,C85,DCC,DIC,carbodiimide,carbodiimide,545,21,32,-0.05502295065272539,background,,False
C29,C86,DCC,DIC,carbodiimide,carbodiimide,548,21,32,-0.0514537360036898,background,,False
C29,C87,DCC,EDC-HCl,carbodiimide,carbodiimide,546,21,32,0.020318243042967185,background,,False
C29,C88,DCC,EDC-HCl,carbodiimide,carbodiimide,535,21,32,-0.07910651396440482,background,,False
C29,C89,DCC,EDC-HCl,carbodiimide,carbodiimide,527,20,32,-0.045829646103879795,background,,False
C29,C9,DCC,TDBTU,carbodiimide,other,519,21,31,-0.016846578470221085,background,,False
C29,C90,DCC,EDC-HCl,carbodiimide,carbodiimide,541,21,32,-0.057276414259429864,background,,False
C29,C91,DCC,EDC-HCl,carbodiimide,carbodiimide,545,21,32,-0.05573836999889603,background,,False
C29,C92,DCC,HATU,carbodiimide,other,549,21,32,-0.0008026464654913301,background,,False
C29,C93,DCC,TPTU,carbodiimide,other,543,21,32,-0.0068075289010501305,background,,False
C29,C94,DCC,HBPYU,carbodiimide,other,549,21,31,-0.011529484453752722,background,,False
C29,C95,DCC,IIDQ,carbodiimide,quinoline,547,21,31,-0.12608881367347438,target,0.12608881367347438,True
C29,C96,DCC,TOTU,carbodiimide,other,519,21,32,-0.04844550629493832,background,,False
C3,C30,BTFFH,DCC,haloformamidinium,carbodiimide,554,21,31,-0.04230260175277198,background,,False
C3,C31,BTFFH,DCC,haloformamidinium,carbodiimide,560,21,31,-0.027281471111913924,background,,False
C3,C32,BTFFH,DCC,haloformamidinium,carbodiimide,558,21,31,-0.060809862180913346,background,,False
C3,C33,BTFFH,PyAOP,haloformamidinium,other,545,21,31,-0.10064503940037162,background,,False
C3,C34,BTFFH,PyAOP,haloformamidinium,other,560,21,31,-0.08603146477545831,background,,False
C3,C35,BTFFH,PyBOP,haloformamidinium,other,562,21,31,-0.1203838284731443,background,,False
C3,C36,BTFFH,PyBOP,haloformamidinium,other,558,21,31,-0.09713999450090127,background,,False
C3,C37,BTFFH,PyOxim,haloformamidinium,other,563,21,31,-0.14884433334198074,background,,False
C3,C38,BTFFH,PyBrOP,haloformamidinium,other,558,21,31,-0.06544937691639768,background,,False
C3,C39,BTFFH,PyBrOP,haloformamidinium,other,550,21,31,-0.07019430657374062,background,,False
C3,C4,BTFFH,DCMT,haloformamidinium,other,560,21,30,-0.08526471445735659,background,,False
C3,C40,BTFFH,PyClocK,haloformamidinium,other,559,21,31,-0.1021533263998248,background,,False
C3,C41,BTFFH,EEDQ,haloformamidinium,quinoline,552,21,31,-0.196294979556403,target,0.196294979556403,True
C3,C42,BTFFH,DEPBT,haloformamidinium,other,559,21,31,-0.16739600407617178,background,,False
C3,C43,BTFFH,DPP-Cl,haloformamidinium,other,559,21,31,-0.05998965422677254,background,,False
C3,C44,BTFFH,DMTMM,haloformamidinium,other,560,21,30,-0.08440204584218731,background,,False
C3,C45,BTFFH,PyCIU,haloformamidinium,other,561,21,31,-0.07453549759125412,background,,False
C3,C46,BTFFH,BOPCl,haloformamidinium,other,557,21,31,-0.09534244844178776,background,,False
C3,C47,BTFFH,EDC-HCl,haloformamidinium,carbodiimide,556,21,31,-0.057805305921422113,background,,False
C3,C48,BTFFH,TFFH,haloformamidinium,haloformamidinium,560,21,30,-0.06458589137162944,background,,False
C3,C49,BTFFH,BTFFH,haloformamidinium,haloformamidinium,525,21,30,-0.012264540006133282,background,,False
C3,C5,BTFFH,COMU,haloformamidinium,other,550,21,31,-0.04536583969489293,background,,False
C3,C50,BTFFH,DCMT,haloformamidinium,other,561,21,31,-0.08809676191625014,background,,False
C3,C51,BTFFH,EDC-HCl,haloformamidinium,carbodiimide,537,21,31,-0.00403871715889894,background,,False
C3,C52,BTFFH,EDC-HCl,haloformamidinium,carbodiimide,558,21,31,-0.041846624200532825,background,,False
C3,C53,BTFFH,EDC-HCl,haloformamidinium,carbodiimide,553,21,31,-0.026274252322367936,background,,False
C3,C54,BTFFH,EDC-HCl,haloformamidinium,carbodiimide,553,21,31,-0.06985467095861338,background,,False
C3,C55,BTFFH,DCC,haloformamidinium,carbodiimide,538,21,31,-0.05481381108022371,background,,False
C3,C56,BTFFH,DCC,haloformamidinium,carbodiimide,558,21,31,-0.015163747217301293,background,,False
C3,C57,BTFFH,DCC,haloformamidinium,carbodiimide,555,21,31,-0.005076471431604529,background,,False
C3,C58,BTFFH,DCC,haloformamidinium,carbodiimide,558,21,30,-0.050412743114714734,background,,False
C3,C59,BTFFH,CITU,haloformamidinium,other,548,21,31,-0.05745432764162737,background,,False
C3,C6,BTFFH,TBTU,haloformamidinium,other,548,21,31,-0.10308742364232637,background,,False
C3,C60,BTFFH,EDC-HCl,haloformamidinium,carbodiimide,559,21,31,-0.10500952885935125,background,,False
C3,C61,BTFFH,PyAOP,haloformamidinium,other,559,21,31,-0.07872062929020346,background,,False
C3,C62,BTFFH,TFFH,haloformamidinium,haloformamidinium,558,21,31,-0.0835195844121281,background,,False
C3,C63,BTFFH,CDI,haloformamidinium,other,553,21,31,-0.021612540475312834,background,,False
C3,C64,BTFFH,CDMT,haloformamidinium,other,544,21,31,-0.18763480501479646,background,,False
C3,C65,BTFFH,CIP,haloformamidinium,other,516,21,30,-0.04814286953969735,background,,False
C3,C66,BTFFH,DIC,haloformamidinium,carbodiimide,559,21,31,-0.15433707176887304,background,,False
C3,C67,BTFFH,EDC-HCl,haloformamidinium,carbodiimide,556,21,31,-0.05231818072162299,background,,False
C3,C68,BTFFH,EDC-HCl,haloformamidinium,carbodiimide,559,21,31,-0.01814980115414832,background,,False
C3,C69,BTFFH,EDC-HCl,haloformamidinium,carbodiimide,552,21,31,-0.0545822465818316,background,,False
C3,C7,BTFFH,HDMC,haloformamidinium,other,547,21,31,-0.13405057432124223,background,,False
C3,C70,BTFFH,DCC,haloformamidinium,carbodiimide,553,21,31,0.03573373516328206,background,,False
C3,C71,BTFFH,DCC,haloformamidinium,carbodiimide,555,21,31,-0.034228303358789625,background,,False
C3,C72,BTFFH,IBCF,haloformamidinium,other,534,21,30,-0.10433022097796571,background,,False
C3,C73,BTFFH,DCC,haloformamidinium,carbodiimide,538,21,31,-0.053918505025253395,background,,False
C3,C74,BTFFH,EDC-HCl,haloformamidinium,carbodiimide,558,21,31,-0.12663803239032498,background,,False
C3,C76,BTFFH,TCFH,haloformamidinium,haloformamidinium,557,21,31,-0.06891102702405928,background,,False
C3,C77,BTFFH,DCC,haloformamidinium,carbodiimide,560,21,31,-0.06971252521883146,background,,False
C3,C78,BTFFH,DCC,haloformamidinium,carbodiimide,558,21,31,-0.16421838584008067,background,,False
C3,C79,BTFFH,DCC,haloformamidinium,carbodiimide,556,21,31,-0.08078122978252841,background,,False
C3,C8,BTFFH,TCTU,haloformamidinium,other,543,21,31,-0.12349728738582538,background,,False
C3,C80,BTFFH,DCC,haloformamidinium,carbodiimide,547,21,31,-0.12398860934085362,background,,False
C3,C81,BTFFH,DCC,haloformamidinium,carbodiimide,526,20,30,-0.11442750104447266,background,,False
C3,C82,BTFFH,DCC,haloformamidinium,carbodiimide,551,21,31,-0.06091452900224747,background,,False
C3,C83,BTFFH,DIC,haloformamidinium,carbodiimide,552,21,30,-0.1392367452003696,background,,False
C3,C84,BTFFH,DIC,haloformamidinium,carbodiimide,559,21,31,-0.08235317531774822,background,,False
C3,C85,BTFFH,DIC,haloformamidinium,carbodiimide,557,21,31,-0.10422742630433213,background,,False
C3,C86,BTFFH,DIC,haloformamidinium,carbodiimide,560,21,31,-0.1094958575091011,background,,False
C3,C87,BTFFH,EDC-HCl,haloformamidinium,carbodiimide,558,21,31,-0.03236864172151479,background,,False
C3,C88,BTFFH,EDC-HCl,haloformamidinium,carbodiimide,548,21,31,-0.14420315069062012,background,,False
C3,C89,BTFFH,EDC-HCl,haloformamidinium,carbodiimide,539,20,31,-0.09319175736706709,background,,False
C3,C9,BTFFH,TDBTU,haloformamidinium,other,528,21,30,-0.08280429070715714,background,,False
C3,C90,BTFFH,EDC-HCl,haloformamidinium,carbodiimide,554,21,31,-0.10535451373013485,background,,False
C3,C91,BTFFH,EDC-HCl,haloformamidinium,carbodiimide,556,21,31,-0.11353695021877944,background,,False
C3,C92,BTFFH,HATU,haloformamidinium,other,561,21,31,-0.05125918370195355,background,,False
C3,C93,BTFFH,TPTU,haloformamidinium,other,555,21,31,-0.047303178106368415,background,,False
C3,C94,BTFFH,HBPYU,haloformamidinium,other,561,21,30,-0.05669500384395332,background,,False
C3,C95,BTFFH,IIDQ,haloformamidinium,quinoline,559,21,30,-0.1717424738334527,target,0.1717424738334527,True
C3,C96,BTFFH,TOTU,haloformamidinium,other,532,21,31,-0.10419721059323869,background,,False
C30,C31,DCC,DCC,carbodiimide,carbodiimide,564,21,32,0.01751389405499352,background,,False
C30,C32,DCC,DCC,carbodiimide,carbodiimide,563,21,32,-0.013372775127337751,background,,False
C30,C33,DCC,PyAOP,carbodiimide,other,550,21,32,-0.05456344691204204,background,,False
C30,C34,DCC,PyAOP,carbodiimide,other,564,21,32,-0.043722952985231406,background,,False
C30,C35,DCC,PyBOP,carbodiimide,other,564,21,32,-0.07884658985234705,background,,False
C30,C36,DCC,PyBOP,carbodiimide,other,562,21,32,-0.058028691048537806,background,,False
C30,C37,DCC,PyOxim,carbodiimide,other,567,21,32,-0.10909821479690318,background,,False
C30,C38,DCC,PyBrOP,carbodiimide,other,563,21,32,-0.017382981416778936,background,,False
C30,C39,DCC,PyBrOP,carbodiimide,other,555,21,32,-0.022865142598151228,background,,False
C30,C4,DCC,DCMT,carbodiimide,other,560,21,31,-0.031570587105383074,background,,False
C30,C40,DCC,PyClocK,carbodiimide,other,563,21,32,-0.06288824247052242,background,,False
C30,C41,DCC,EEDQ,carbodiimide,quinoline,556,21,32,-0.14706217788465292,target,0.14706217788465292,True
C30,C42,DCC,DEPBT,carbodiimide,other,563,21,32,-0.12455098229066877,background,,False
C30,C43,DCC,DPP-Cl,carbodiimide,other,563,21,32,-0.014693452184990907,background,,False
C30,C44,DCC,DMTMM,carbodiimide,other,564,21,31,-0.029807599789004463,background,,False
C30,C45,DCC,PyCIU,carbodiimide,other,564,21,32,-0.03174003126530027,background,,False
C30,C46,DCC,BOPCl,carbodiimide,other,561,21,32,-0.048215086122813805,background,,False
C30,C47,DCC,EDC-HCl,carbodiimide,carbodiimide,562,21,32,-0.010456240548797485,background,,False
C30,C48,DCC,TFFH,carbodiimide,haloformamidinium,564,21,31,-0.011861811151033047,background,,False
C30,C49,DCC,BTFFH,carbodiimide,haloformamidinium,529,21,31,0.037773264505212456,background,,False
C30,C5,DCC,COMU,carbodiimide,other,552,21,32,-0.0016215257187243912,background,,False
C30,C50,DCC,DCMT,carbodiimide,other,565,21,32,-0.03789423430463704,background,,False
C30,C51,DCC,EDC-HCl,carbodiimide,carbodiimide,541,21,32,0.04763821971235871,background,,False
C30,C52,DCC,EDC-HCl,carbodiimide,carbodiimide,564,21,32,-0.004852189680669583,background,,False
C30,C53,DCC,EDC-HCl,carbodiimide,carbodiimide,559,21,32,0.024647556611200327,background,,False
C30,C54,DCC,EDC-HCl,carbodiimide,carbodiimide,558,21,32,-0.020094694020157483,background,,False
C30,C55,DCC,DCC,carbodiimide,carbodiimide,540,21,31,-0.008117737518822304,background,,False
C30,C56,DCC,DCC,carbodiimide,carbodiimide,563,21,32,0.026115106309993058,background,,False
C30,C57,DCC,DCC,carbodiimide,carbodiimide,557,21,32,0.0390039976418189,background,,False
C30,C58,DCC,DCC,carbodiimide,carbodiimide,561,21,31,-0.002119920650581218,background,,False
C30,C59,DCC,CITU,carbodiimide,other,552,21,32,-0.014384966630307583,background,,False
C30,C6,DCC,TBTU,carbodiimide,other,549,21,32,-0.06355140632090209,background,,False
C30,C60,DCC,EDC-HCl,carbodiimide,carbodiimide,564,21,32,-0.06388275598572905,background,,False
C30,C61,DCC,PyAOP,carbodiimide,other,563,21,32,-0.03472324107063371,background,,False
C30,C62,DCC,TFFH,carbodiimide,haloformamidinium,563,21,32,-0.035290658603075786,background,,False
C30,C63,DCC,CDI,carbodiimide,other,557,21,32,0.02716933757174253,background,,False
C30,C64,DCC,CDMT,carbodiimide,other,548,21,32,-0.1312401997157517,background,,False
C30,C65,DCC,CIP,carbodiimide,other,520,21,31,0.000996920472289775,background,,False
C30,C66,DCC,DIC,carbodiimide,carbodiimide,562,21,32,-0.10822358814950737,background,,False
C30,C67,DCC,EDC-HCl,carbodiimide,carbodiimide,561,21,32,-0.010406655886645255,background,,False
C30,C68,DCC,EDC-HCl,carbodiimide,carbodiimide,563,21,32,0.029012592832098005,background,,False
C30,C69,DCC,EDC-HCl,carbodiimide,carbodiimide,556,21,32,-0.008992923107169148,background,,False
C30,C7,DCC,HDMC,carbodiimide,other,548,21,32,-0.0898602383065778,background,,False
C30,C70,DCC,DCC,carbodiimide,carbodiimide,558,21,32,0.0769163638244404,background,,False
C30,C71,DCC,DCC,carbodiimide,carbodiimide,562,21,32,0.00784946458885355,background,,False
C30,C72,DCC,IBCF,carbodiimide,other,539,21,32,-0.0417269389917507,background,,False
C30,C73,DCC,DCC,carbodiimide,carbodiimide,541,21,32,-0.004540446068330914,background,,False
C30,C74,DCC,EDC-HCl,carbodiimide,carbodiimide,562,21,32,-0.08657641732484558,background,,False
C30,C76,DCC,TCFH,carbodiimide,haloformamidinium,561,21,32,-0.021614316700442948,background,,False
C30,C77,DCC,DCC,carbodiimide,carbodiimide,564,21,32,-0.021356778246331892,background,,False
C30,C78,DCC,DCC,carbodiimide,carbodiimide,562,21,32,-0.12661005021351618,background,,False
C30,C79,DCC,DCC,carbodiimide,carbodiimide,561,21,32,-0.04183322760398939,background,,False
C30,C8,DCC,TCTU,carbodiimide,other,544,21,32,-0.07324403261130069,background,,False
C30,C80,DCC,DCC,carbodiimide,carbodiimide,549,21,32,-0.07195929567783291,background,,False
C30,C81,DCC,DCC,carbodiimide,carbodiimide,530,20,31,-0.06338642870381894,background,,False
C30,C82,DCC,DCC,carbodiimide,carbodiimide,554,21,32,-0.010827753186283678,background,,False
C30,C83,DCC,DIC,carbodiimide,carbodiimide,555,21,31,-0.09240796143213548,background,,False
C30,C84,DCC,DIC,carbodiimide,carbodiimide,563,21,32,-0.03851137211745924,background,,False
C30,C85,DCC,DIC,carbodiimide,carbodiimide,561,21,32,-0.05717726397702445,background,,False
C30,C86,DCC,DIC,carbodiimide,carbodiimide,564,21,32,-0.062137036693919026,background,,False
C30,C87,DCC,EDC-HCl,carbodiimide,carbodiimide,564,21,32,0.013197943853595392,background,,False
C30,C88,DCC,EDC-HCl,carbodiimide,carbodiimide,551,21,32,-0.096860785114258,background,,False
C30,C89,DCC,EDC-HCl,carbodiimide,carbodiimide,542,20,32,-0.057299379860448474,background,,False
C30,C9,DCC,TDBTU,carbodiimide,other,531,21,31,-0.0411096694868512,background,,False
C30,C90,DCC,EDC-HCl,carbodiimide,carbodiimide,557,21,32,-0.060217471646104415,background,,False
C30,C91,DCC,EDC-HCl,carbodiimide,carbodiimide,561,21,32,-0.07007862907954411,background,,False
C30,C92,DCC,HATU,carbodiimide,other,565,21,32,-0.00917067832264145,background,,False
C30,C93,DCC,TPTU,carbodiimide,other,559,21,32,-0.009245361568387178,background,,False
C30,C94,DCC,HBPYU,carbodiimide,other,565,21,31,-0.009877661645976116,background,,False
C30,C95,DCC,IIDQ,carbodiimide,quinoline,563,21,31,-0.12209820018642063,target,0.12209820018642063,True
C30,C96,DCC,TOTU,carbodiimide,other,535,21,32,-0.06363749129688917,background,,False
C31,C32,DCC,DCC,carbodiimide,carbodiimide,568,21,32,-0.034085263162520744,background,,False
C31,C33,DCC,PyAOP,carbodiimide,other,556,21,32,-0.06984530466991326,background,,False
C31,C34,DCC,PyAOP,carbodiimide,other,570,21,32,-0.05534046872276899,background,,False
C31,C35,DCC,PyBOP,carbodiimide,other,570,21,32,-0.09492375844746315,background,,False
C31,C36,DCC,PyBOP,carbodiimide,other,568,21,32,-0.07278022215791385,background,,False
C31,C37,DCC,PyOxim,carbodiimide,other,573,21,32,-0.12243010012747169,background,,False
C31,C38,DCC,PyBrOP,carbodiimide,other,568,21,32,-0.03204873178487594,background,,False
C31,C39,DCC,PyBrOP,carbodiimide,other,560,21,32,-0.03039052740564227,background,,False
C31,C4,DCC,DCMT,carbodiimide,other,567,21,31,-0.04116297825770737,background,,False
C31,C40,DCC,PyClocK,carbodiimide,other,569,21,32,-0.07552200024194604,background,,False
C31,C41,DCC,EEDQ,carbodiimide,quinoline,564,21,32,-0.15304977281093368,target,0.15304977281093368,True
C31,C42,DCC,DEPBT,carbodiimide,other,569,21,32,-0.13944172630427007,background,,False
C31,C43,DCC,DPP-Cl,carbodiimide,other,569,21,32,-0.028794609400270677,background,,False
C31,C44,DCC,DMTMM,carbodiimide,other,570,21,31,-0.038426717216390766,background,,False
C31,C45,DCC,PyCIU,carbodiimide,other,570,21,32,-0.04222045786923102,background,,False
C31,C46,DCC,BOPCl,carbodiimide,other,567,21,32,-0.062046275619235314,background,,False
C31,C47,DCC,EDC-HCl,carbodiimide,carbodiimide,566,21,32,-0.024820716632917156,background,,False
C31,C48,DCC,TFFH,carbodiimide,haloformamidinium,570,21,31,-0.02119862002795092,background,,False
C31,C49,DCC,BTFFH,carbodiimide,haloformamidinium,535,21,31,0.03412365166326263,background,,False
C31,C5,DCC,COMU,carbodiimide,other,558,21,32,-0.018375261430380024,background,,False
C31,C50,DCC,DCMT,carbodiimide,other,571,21,32,-0.05285113638666347,background,,False
C31,C51,DCC,EDC-HCl,carbodiimide,carbodiimide,547,21,32,0.03737193241916481,background,,False
C31,C52,DCC,EDC-HCl,carbodiimide,carbodiimide,568,21,32,-0.005436077029191064,background,,False
C31,C53,DCC,EDC-HCl,carbodiimide,carbodiimide,565,21,32,0.009730113540351172,background,,False
C31,C54,DCC,EDC-HCl,carbodiimide,carbodiimide,563,21,32,-0.038033776488431155,background,,False
C31,C55,DCC,DCC,carbodiimide,carbodiimide,546,21,31,-0.021653577448914718,background,,False
C31,C56,DCC,DCC,carbodiimide,carbodiimide,568,21,32,0.010658409428900641,background,,False
C31,C57,DCC,DCC,carbodiimide,carbodiimide,565,21,32,0.02218910290005764,background,,False
C31,C58,DCC,DCC,carbodiimide,carbodiimide,567,21,31,-0.00800763956251778,background,,False
C31,C59,DCC,CITU,carbodiimide,other,558,21,32,-0.022515823437404964,background,,False
C31,C6,DCC,TBTU,carbodiimide,other,556,21,32,-0.0777198432206807,background,,False
C31,C60,DCC,EDC-HCl,carbodiimide,carbodiimide,569,21,32,-0.07963273936242009,background,,False
C31,C61,DCC,PyAOP,carbodiimide,other,569,21,32,-0.04825443360456361,background,,False
C31,C62,DCC,TFFH,carbodiimide,haloformamidinium,568,21,32,-0.05586151407523959,background,,False
C31,C63,DCC,CDI,carbodiimide,other,562,21,32,0.01864993534502815,background,,False
C31,C64,DCC,CDMT,carbodiimide,other,553,21,32,-0.15851494774586194,background,,False
C31,C65,DCC,CIP,carbodiimide,other,527,21,31,-0.005354171733202795,background,,False
C31,C66,DCC,DIC,carbodiimide,carbodiimide,568,21,32,-0.12906741327864052,background,,False
C31,C67,DCC,EDC-HCl,carbodiimide,carbodiimide,566,21,32,-0.025982031333292677,background,,False
C31,C68,DCC,EDC-HCl,carbodiimide,carbodiimide,571,21,32,0.010630661129998383,background,,False
C31,C69,DCC,EDC-HCl,carbodiimide,carbodiimide,562,21,32,-0.01910899526425478,background,,False
C31,C7,DCC,HDMC,carbodiimide,other,555,21,32,-0.1094956139962028,background,,False
C31,C70,DCC,DCC,carbodiimide,carbodiimide,563,21,32,0.05728882925144112,background,,False
C31,C71,DCC,DCC,carbodiimide,carbodiimide,565,21,32,-0.009790393276773772,background,,False
C31,C72,DCC,IBCF,carbodiimide,other,543,21,32,-0.061429336981860205,background,,False
C31,C73,DCC,DCC,carbodiimide,carbodiimide,548,21,32,-0.02410583263953503,background,,False
C31,C74,DCC,EDC-HCl,carbodiimide,carbodiimide,568,21,32,-0.10223250485029961,background,,False
C31,C76,DCC,TCFH,carbodiimide,haloformamidinium,567,21,32,-0.03740383036509351,background,,False
C31,C77,DCC,DCC,carbodiimide,carbodiimide,570,21,32,-0.034839582331060326,background,,False
C31,C78,DCC,DCC,carbodiimide,carbodiimide,568,21,32,-0.13789336403780048,background,,False
C31,C79,DCC,DCC,carbodiimide,carbodiimide,566,21,32,-0.05990208711418715,background,,False
C31,C8,DCC,TCTU,carbodiimide,other,550,21,32,-0.09089828248900919,background,,False
C31,C80,DCC,DCC,carbodiimide,carbodiimide,554,21,32,-0.10587009678078974,background,,False
C31,C81,DCC,DCC,carbodiimide,carbodiimide,536,20,31,-0.07980326130710229,background,,False
C31,C82,DCC,DCC,carbodiimide,carbodiimide,560,21,32,-0.026952025991210826,background,,False
C31,C83,DCC,DIC,carbodiimide,carbodiimide,561,21,31,-0.10288879223174557,background,,False
C31,C84,DCC,DIC,carbodiimide,carbodiimide,569,21,32,-0.057855544157432354,background,,False
C31,C85,DCC,DIC,carbodiimide,carbodiimide,567,21,32,-0.07917173592563742,background,,False
C31,C86,DCC,DIC,carbodiimide,carbodiimide,570,21,32,-0.08114231858631601,background,,False
C31,C87,DCC,EDC-HCl,carbodiimide,carbodiimide,568,21,32,0.0008353779375575021,background,,False
C31,C88,DCC,EDC-HCl,carbodiimide,carbodiimide,557,21,32,-0.11755366525182653,background,,False
C31,C89,DCC,EDC-HCl,carbodiimide,carbodiimide,548,20,32,-0.08318343586544957,background,,False
C31,C9,DCC,TDBTU,carbodiimide,other,536,21,31,-0.03259415063904786,background,,False
C31,C90,DCC,EDC-HCl,carbodiimide,carbodiimide,563,21,32,-0.07573390572530045,background,,False
C31,C91,DCC,EDC-HCl,carbodiimide,carbodiimide,566,21,32,-0.08972852568538886,background,,False
C31,C92,DCC,HATU,carbodiimide,other,571,21,32,-0.022748044093737173,background,,False
C31,C93,DCC,TPTU,carbodiimide,other,565,21,32,-0.017524929273195905,background,,False
C31,C94,DCC,HBPYU,carbodiimide,other,571,21,31,-0.0168197315827636,background,,False
C31,C95,DCC,IIDQ,carbodiimide,quinoline,569,21,31,-0.13270644410824933,target,0.13270644410824933,True
C31,C96,DCC,TOTU,carbodiimide,other,541,21,32,-0.0800316078402436,background,,False
C32,C33,DCC,PyAOP,carbodiimide,other,553,21,32,-0.03800664570426052,background,,False
C32,C34,DCC,PyAOP,carbodiimide,other,568,21,32,-0.025643051778109133,background,,False
C32,C35,DCC,PyBOP,carbodiimide,other,568,21,32,-0.06242681581905307,background,,False
C32,C36,DCC,PyBOP,carbodiimide,other,566,21,32,-0.039138175223382116,background,,False
C32,C37,DCC,PyOxim,carbodiimide,other,571,21,32,-0.09111148001664496,background,,False
C32,C38,DCC,PyBrOP,carbodiimide,other,566,21,32,0.0027250912005909456,background,,False
C32,C39,DCC,PyBrOP,carbodiimide,other,560,21,32,0.0017061353846563043,background,,False
C32,C4,DCC,DCMT,carbodiimide,other,565,21,31,-0.017577628086135583,background,,False
C32,C40,DCC,PyClocK,carbodiimide,other,568,21,32,-0.0411410684847259,background,,False
C32,C41,DCC,EEDQ,carbodiimide,quinoline,560,21,32,-0.11843633743263354,target,0.11843633743263354,True
C32,C42,DCC,DEPBT,carbodiimide,other,567,21,32,-0.10429234488031625,background,,False
C32,C43,DCC,DPP-Cl,carbodiimide,other,567,21,32,0.0060383473093808815,background,,False
C32,C44,DCC,DMTMM,carbodiimide,other,568,21,31,-0.015776457328570054,background,,False
C32,C45,DCC,PyCIU,carbodiimide,other,568,21,32,-0.008122336534141877,background,,False
C32,C46,DCC,BOPCl,carbodiimide,other,565,21,32,-0.026961626955109813,background,,False
C32,C47,DCC,EDC-HCl,carbodiimide,carbodiimide,566,21,32,0.009089734070388628,background,,False
C32,C48,DCC,TFFH,carbodiimide,haloformamidinium,568,21,31,0.0010323842150283813,background,,False
C32,C49,DCC,BTFFH,carbodiimide,haloformamidinium,533,21,31,0.07759591852115738,background,,False
C32,C5,DCC,COMU,carbodiimide,other,555,21,32,0.015792299929696368,background,,False
C32,C50,DCC,DCMT,carbodiimide,other,569,21,32,-0.019390775714968056,background,,False
C32,C51,DCC,EDC-HCl,carbodiimide,carbodiimide,545,21,32,0.07032849656601727,background,,False
C32,C52,DCC,EDC-HCl,carbodiimide,carbodiimide,566,21,32,0.026034344152819237,background,,False
C32,C53,DCC,EDC-HCl,carbodiimide,carbodiimide,562,21,32,0.04342597765543627,background,,False
C32,C54,DCC,EDC-HCl,carbodiimide,carbodiimide,562,21,32,-0.004637849783628904,background,,False
C32,C55,DCC,DCC,carbodiimide,carbodiimide,544,21,31,0.014140455134685398,background,,False
C32,C56,DCC,DCC,carbodiimide,carbodiimide,567,21,32,0.04329319062251884,background,,False
C32,C57,DCC,DCC,carbodiimide,carbodiimide,562,21,32,0.05448949537382032,background,,False
C32,C58,DCC,DCC,carbodiimide,carbodiimide,565,21,31,0.03046803070392322,background,,False
C32,C59,DCC,CITU,carbodiimide,other,556,21,32,0.005752808233804335,background,,False
C32,C6,DCC,TBTU,carbodiimide,other,554,21,32,-0.04624818049828369,background,,False
C32,C60,DCC,EDC-HCl,carbodiimide,carbodiimide,567,21,32,-0.04608335506148814,background,,False
C32,C61,DCC,PyAOP,carbodiimide,other,567,21,32,-0.016828319165059585,background,,False
C32,C62,DCC,TFFH,carbodiimide,haloformamidinium,566,21,32,-0.02237327655010629,background,,False
C32,C63,DCC,CDI,carbodiimide,other,561,21,32,0.04831264806804761,background,,False
C32,C64,DCC,CDMT,carbodiimide,other,552,21,32,-0.12902902779369008,background,,False
C32,C65,DCC,CIP,carbodiimide,other,525,21,31,0.03273600904697713,background,,False
C32,C66,DCC,DIC,carbodiimide,carbodiimide,566,21,32,-0.09483650299902513,background,,False
C32,C67,DCC,EDC-HCl,carbodiimide,carbodiimide,564,21,32,0.009461267548190481,background,,False
C32,C68,DCC,EDC-HCl,carbodiimide,carbodiimide,567,21,32,0.044397758478673,background,,False
C32,C69,DCC,EDC-HCl,carbodiimide,carbodiimide,562,21,32,0.013920036662085444,background,,False
C32,C7,DCC,HDMC,carbodiimide,other,552,21,32,-0.07900364524170034,background,,False
C32,C70,DCC,DCC,carbodiimide,carbodiimide,561,21,32,0.09025445695416365,background,,False
C32,C71,DCC,DCC,carbodiimide,carbodiimide,563,21,32,0.02241195759056739,background,,False
C32,C72,DCC,IBCF,carbodiimide,other,541,21,32,-0.02757707827000888,background,,False
C32,C73,DCC,DCC,carbodiimide,carbodiimide,545,21,32,0.01437817846216345,background,,False
C32,C74,DCC,EDC-HCl,carbodiimide,carbodiimide,566,21,32,-0.06725708471101904,background,,False
C32,C76,DCC,TCFH,carbodiimide,haloformamidinium,566,21,32,-0.0002583823488085668,background,,False
C32,C77,DCC,DCC,carbodiimide,carbodiimide,568,21,32,-0.002614171519455949,background,,False
C32,C78,DCC,DCC,carbodiimide,carbodiimide,566,21,32,-0.10610114745088159,background,,False
C32,C79,DCC,DCC,carbodiimide,carbodiimide,564,21,32,-0.030400041957353796,background,,False
C32,C8,DCC,TCTU,carbodiimide,other,548,21,32,-0.05940814697440813,background,,False
C32,C80,DCC,DCC,carbodiimide,carbodiimide,552,21,32,-0.06867715653943526,background,,False
C32,C81,DCC,DCC,carbodiimide,carbodiimide,535,20,31,-0.05946734975834633,background,,False
C32,C82,DCC,DCC,carbodiimide,carbodiimide,558,21,32,0.006567455379568515,background,,False
C32,C83,DCC,DIC,carbodiimide,carbodiimide,559,21,31,-0.06393954222394224,background,,False
C32,C84,DCC,DIC,carbodiimide,carbodiimide,567,21,32,-0.024543932210701058,background,,False
C32,C85,DCC,DIC,carbodiimide,carbodiimide,565,21,32,-0.04381290399112425,background,,False
C32,C86,DCC,DIC,carbodiimide,carbodiimide,568,21,32,-0.04860909036662825,background,,False
C32,C87,DCC,EDC-HCl,carbodiimide,carbodiimide,566,21,32,0.0327195654839557,background,,False
C32,C88,DCC,EDC-HCl,carbodiimide,carbodiimide,555,21,32,-0.08491763707120353,background,,False
C32,C89,DCC,EDC-HCl,carbodiimide,carbodiimide,546,20,32,-0.05198822927688407,background,,False
C32,C9,DCC,TDBTU,carbodiimide,other,534,21,31,-0.0015580366521106837,background,,False
C32,C90,DCC,EDC-HCl,carbodiimide,carbodiimide,561,21,32,-0.04380373701499918,background,,False
C32,C91,DCC,EDC-HCl,carbodiimide,carbodiimide,564,21,32,-0.053955715335925636,background,,False
C32,C92,DCC,HATU,carbodiimide,other,569,21,32,0.014007985120616386,background,,False
C32,C93,DCC,TPTU,carbodiimide,other,564,21,32,0.01267024251668769,background,,False
C32,C94,DCC,HBPYU,carbodiimide,other,569,21,31,0.007926026984533499,background,,False
C32,C95,DCC,IIDQ,carbodiimide,quinoline,567,21,31,-0.108149292456126,target,0.108149292456126,True
C32,C96,DCC,TOTU,carbodiimide,other,540,21,32,-0.043629143949806964,background,,False
C33,C34,PyAOP,PyAOP,other,other,557,21,32,0.020128123578826866,background,,False
C33,C35,PyAOP,PyBOP,other,other,556,21,32,-0.02263836019775522,background,,False
C33,C36,PyAOP,PyBOP,other,other,554,21,32,-0.0009564565232564742,background,,False
C33,C37,PyAOP,PyOxim,other,other,558,21,32,-0.034924670833395295,background,,False
C33,C38,PyAOP,PyBrOP,other,other,553,21,32,0.039132817552844534,background,,False
C33,C39,PyAOP,PyBrOP,other,other,545,21,32,0.0363212304574958,background,,False
C33,C4,PyAOP,DCMT,other,other,551,21,31,0.03212274534828902,background,,False
C33,C40,PyAOP,PyClocK,other,other,554,21,32,0.0021034866730745283,background,,False
C33,C41,PyAOP,EEDQ,other,quinoline,552,21,32,-0.08870012114524725,background,,False
C33,C42,PyAOP,DEPBT,other,other,556,21,32,-0.07059236182267184,background,,False
C33,C43,PyAOP,DPP-Cl,other,other,555,21,32,0.04523416906262645,background,,False
C33,C44,PyAOP,DMTMM,other,other,555,21,31,0.03233225724052019,background,,False
C33,C45,PyAOP,PyCIU,other,other,555,21,32,0.03908129400608157,background,,False
C33,C46,PyAOP,BOPCl,other,other,552,21,32,0.01339887982356025,background,,False
C33,C47,PyAOP,EDC-HCl,other,carbodiimide,551,21,32,0.04864759594543977,background,,False
C33,C48,PyAOP,TFFH,other,haloformamidinium,555,21,31,0.053535371448602875,background,,False
C33,C49,PyAOP,BTFFH,other,haloformamidinium,526,21,31,0.08554665358216335,background,,False
C33,C5,PyAOP,COMU,other,other,544,21,32,0.056772567088163306,background,,False
C33,C50,PyAOP,DCMT,other,other,556,21,32,0.019453399788878223,background,,False
C33,C51,PyAOP,EDC-HCl,other,carbodiimide,534,21,32,0.09763404342219784,background,,False
C33,C52,PyAOP,EDC-HCl,other,carbodiimide,553,21,32,0.05823867739645919,background,,False
C33,C53,PyAOP,EDC-HCl,other,carbodiimide,550,21,32,0.07221757559445596,background,,False
C33,C54,PyAOP,EDC-HCl,other,carbodiimide,548,21,32,0.03353648508019452,background,,False
C33,C55,PyAOP,DCC,other,carbodiimide,533,21,31,0.03625431624270192,background,,False
C33,C56,PyAOP,DCC,other,carbodiimide,553,21,32,0.08411790767225094,background,,False
C33,C57,PyAOP,DCC,other,carbodiimide,549,21,32,0.09192221155209127,background,,False
C33,C58,PyAOP,DCC,other,carbodiimide,553,21,31,0.04547737604586305,background,,False
C33,C59,PyAOP,CITU,other,other,543,21,32,0.04482123539092758,background,,False
C33,C6,PyAOP,TBTU,other,other,542,21,32,-0.01139273200534881,background,,False
C33,C60,PyAOP,EDC-HCl,other,carbodiimide,554,21,32,-0.003363496595443459,background,,False
C33,C61,PyAOP,PyAOP,other,other,554,21,32,0.030639006662453575,background,,False
C33,C62,PyAOP,TFFH,other,haloformamidinium,553,21,32,0.01777423373983883,background,,False
C33,C63,PyAOP,CDI,other,other,547,21,32,0.08666118640824694,background,,False
C33,C64,PyAOP,CDMT,other,other,539,21,32,-0.0735175826040086,background,,False
C33,C65,PyAOP,CIP,other,other,519,21,31,0.052666874624874516,background,,False
C33,C66,PyAOP,DIC,other,carbodiimide,554,21,32,-0.04511399779419657,background,,False
C33,C67,PyAOP,EDC-HCl,other,carbodiimide,551,21,32,0.04861181394165265,background,,False
C33,C68,PyAOP,EDC-HCl,other,carbodiimide,554,21,32,0.08317220065175865,background,,False
C33,C69,PyAOP,EDC-HCl,other,carbodiimide,547,21,32,0.05719071797260028,background,,False
C33,C7,PyAOP,HDMC,other,other,539,21,32,-0.028300554576929822,background,,False
C33,C70,PyAOP,DCC,other,carbodiimide,548,21,32,0.12916408476017754,background,,False
C33,C71,PyAOP,DCC,other,carbodiimide,550,21,32,0.061028065947582005,background,,False
C33,C72,PyAOP,IBCF,other,other,530,21,32,0.004079366215478164,background,,False
C33,C73,PyAOP,DCC,other,carbodiimide,533,21,32,0.049798352038578186,background,,False
C33,C74,PyAOP,EDC-HCl,other,carbodiimide,553,21,32,-0.02886184963864375,background,,False
C33,C76,PyAOP,TCFH,other,haloformamidinium,552,21,32,0.03860319114043104,background,,False
C33,C77,PyAOP,DCC,other,carbodiimide,555,21,32,0.035196750655546005,background,,False
C33,C78,PyAOP,DCC,other,carbodiimide,553,21,31,-0.05267855462717664,background,,False
C33,C79,PyAOP,DCC,other,carbodiimide,551,21,32,0.01618312709587625,background,,False
C33,C8,PyAOP,TCTU,other,other,537,21,32,-0.00913425754067218,background,,False
C33,C80,PyAOP,DCC,other,carbodiimide,539,21,32,-0.02267763343560794,background,,False
C33,C81,PyAOP,DCC,other,carbodiimide,526,20,31,0.008849533301192723,background,,False
C33,C82,PyAOP,DCC,other,carbodiimide,545,21,32,0.04890581813132633,background,,False
C33,C83,PyAOP,DIC,other,carbodiimide,547,21,31,-0.038836489042600106,background,,False
C33,C84,PyAOP,DIC,other,carbodiimide,554,21,32,0.01707889112613134,background,,False
C33,C85,PyAOP,DIC,other,carbodiimide,552,21,32,-0.00011994273831980595,background,,False
C33,C86,PyAOP,DIC,other,carbodiimide,555,21,32,-0.00367507626279015,background,,False
C33,C87,PyAOP,EDC-HCl,other,carbodiimide,553,21,32,0.0758146910217446,background,,False
C33,C88,PyAOP,EDC-HCl,other,carbodiimide,542,21,32,-0.029135639782126747,background,,False
C33,C89,PyAOP,EDC-HCl,other,carbodiimide,534,20,32,0.012707509818578733,background,,False
C33,C9,PyAOP,TDBTU,other,other,525,21,31,0.012215282820841618,background,,False
C33,C90,PyAOP,EDC-HCl,other,carbodiimide,549,21,32,-0.006202080908012747,background,,False
C33,C91,PyAOP,EDC-HCl,other,carbodiimide,551,21,32,-0.0072700557866978155,background,,False
C33,C92,PyAOP,HATU,other,other,556,21,32,0.0479163246011334,background,,False
C33,C93,PyAOP,TPTU,other,other,550,21,32,0.051422838617225686,background,,False
C33,C94,PyAOP,HBPYU,other,other,556,21,31,0.059885548954550116,background,,False
C33,C95,PyAOP,IIDQ,other,quinoline,554,21,31,-0.056807870569513697,background,,False
C33,C96,PyAOP,TOTU,other,other,529,21,32,0.002227532081609751,background,,False
C34,C35,PyAOP,PyBOP,other,other,570,21,32,-0.0405313018682921,background,,False
C34,C36,PyAOP,PyBOP,other,other,568,21,32,-0.020418107370233148,background,,False
C34,C37,PyAOP,PyOxim,other,other,573,21,32,-0.06347631528984828,background,,False
C34,C38,PyAOP,PyBrOP,other,other,568,21,32,0.02754753741052013,background,,False
C34,C39,PyAOP,PyBrOP,other,other,560,21,32,0.028489119383235728,background,,False
C34,C4,PyAOP,DCMT,other,other,566,21,31,0.019396944711782105,background,,False
C34,C40,PyAOP,PyClocK,other,other,569,21,32,-0.0165727840039546,background,,False
C34,C41,PyAOP,EEDQ,other,quinoline,564,21,32,-0.10445494714489134,background,,False
C34,C42,PyAOP,DEPBT,other,other,572,21,32,-0.08019255666425495,background,,False
C34,C43,PyAOP,DPP-Cl,other,other,569,21,32,0.031954630751446,background,,False
C34,C44,PyAOP,DMTMM,other,other,570,21,31,0.020689936946555687,background,,False
C34,C45,PyAOP,PyCIU,other,other,570,21,32,0.020199354260589497,background,,False
C34,C46,PyAOP,BOPCl,other,other,567,21,32,-0.0005077861655343741,background,,False
C34,C47,PyAOP,EDC-HCl,other,carbodiimide,566,21,32,0.03643094029230637,background,,False
C34,C48,PyAOP,TFFH,other,haloformamidinium,570,21,31,0.04124267640713658,background,,False
C34,C49,PyAOP,BTFFH,other,haloformamidinium,536,21,31,0.08533773332415448,background,,False
C34,C5,PyAOP,COMU,other,other,557,21,32,0.036731414315664845,background,,False
C34,C50,PyAOP,DCMT,other,other,571,21,32,0.008582716603840246,background,,False
C34,C51,PyAOP,EDC-HCl,other,carbodiimide,547,21,32,0.07856160397768264,background,,False
C34,C52,PyAOP,EDC-HCl,other,carbodiimide,568,21,32,0.044402434824245496,background,,False
C34,C53,PyAOP,EDC-HCl,other,carbodiimide,564,21,32,0.05972705446930676,background,,False
C34,C54,PyAOP,EDC-HCl,other,carbodiimide,563,21,32,0.0225003155282118,background,,False
C34,C55,PyAOP,DCC,other,carbodiimide,546,21,31,0.013788301746211706,background,,False
C34,C56,PyAOP,DCC,other,carbodiimide,568,21,32,0.07005774776653767,background,,False
C34,C57,PyAOP,DCC,other,carbodiimide,563,21,32,0.07793614235723687,background,,False
C34,C58,PyAOP,DCC,other,carbodiimide,568,21,31,0.04329038060233495,background,,False
C34,C59,PyAOP,CITU,other,other,558,21,32,0.029624108965934925,background,,False
C34,C6,PyAOP,TBTU,other,other,555,21,32,-0.02650219846237787,background,,False
C34,C60,PyAOP,EDC-HCl,other,carbodiimide,569,21,32,-0.014186762835044147,background,,False
C34,C61,PyAOP,PyAOP,other,other,569,21,32,0.010868228001666877,background,,False
C34,C62,PyAOP,TFFH,other,haloformamidinium,568,21,32,0.008205985906020952,background,,False
C34,C63,PyAOP,CDI,other,other,562,21,32,0.0763711234651882,background,,False
C34,C64,PyAOP,CDMT,other,other,553,21,32,-0.09464743615574225,background,,False
C34,C65,PyAOP,CIP,other,other,528,21,31,0.05148470470946381,background,,False
C34,C66,PyAOP,DIC,other,carbodiimide,568,21,32,-0.06540901463071536,background,,False
C34,C67,PyAOP,EDC-HCl,other,carbodiimide,566,21,32,0.03576399852847151,background,,False
C34,C68,PyAOP,EDC-HCl,other,carbodiimide,569,21,32,0.07027054320314713,background,,False
C34,C69,PyAOP,EDC-HCl,other,carbodiimide,562,21,32,0.044612605795289056,background,,False
C34,C7,PyAOP,HDMC,other,other,554,21,32,-0.051463003543785926,background,,False
C34,C70,PyAOP,DCC,other,carbodiimide,563,21,32,0.11725027017933881,background,,False
C34,C71,PyAOP,DCC,other,carbodiimide,565,21,32,0.0513337154053887,background,,False
C34,C72,PyAOP,IBCF,other,other,543,21,32,-0.015203548124007205,background,,False
C34,C73,PyAOP,DCC,other,carbodiimide,547,21,32,0.036510528476420834,background,,False
C34,C74,PyAOP,EDC-HCl,other,carbodiimide,568,21,32,-0.042090396179952985,background,,False
C34,C76,PyAOP,TCFH,other,haloformamidinium,567,21,32,0.02345210205490511,background,,False
C34,C77,PyAOP,DCC,other,carbodiimide,570,21,32,0.02006372997674305,background,,False
C34,C78,PyAOP,DCC,other,carbodiimide,568,21,32,-0.07629195421058355,background,,False
C34,C79,PyAOP,DCC,other,carbodiimide,566,21,32,0.0008759978688840896,background,,False
C34,C8,PyAOP,TCTU,other,other,550,21,32,-0.03491651564126802,background,,False
C34,C80,PyAOP,DCC,other,carbodiimide,554,21,32,-0.035586136201411614,background,,False
C34,C81,PyAOP,DCC,other,carbodiimide,537,20,31,-0.016841489067408538,background,,False
C34,C82,PyAOP,DCC,other,carbodiimide,561,21,32,0.035376443615799835,background,,False
C34,C83,PyAOP,DIC,other,carbodiimide,561,21,31,-0.05007778176387333,background,,False
C34,C84,PyAOP,DIC,other,carbodiimide,569,21,32,0.0019179562405061204,background,,False
C34,C85,PyAOP,DIC,other,carbodiimide,567,21,32,-0.01461004523328123,background,,False
C34,C86,PyAOP,DIC,other,carbodiimide,570,21,32,-0.019739804520316803,background,,False
C34,C87,PyAOP,EDC-HCl,other,carbodiimide,568,21,32,0.060552733541320236,background,,False
C34,C88,PyAOP,EDC-HCl,other,carbodiimide,557,21,32,-0.056892065233900724,background,,False
C34,C89,PyAOP,EDC-HCl,other,carbodiimide,548,20,32,-0.017358080293280027,background,,False
C34,C9,PyAOP,TDBTU,other,other,536,21,31,0.005349192644401354,background,,False
C34,C90,PyAOP,EDC-HCl,other,carbodiimide,564,21,32,-0.01846395854570735,background,,False
C34,C91,PyAOP,EDC-HCl,other,carbodiimide,566,21,32,-0.026966436315629193,background,,False
C34,C92,PyAOP,HATU,other,other,571,21,32,0.03790030750626708,background,,False
C34,C93,PyAOP,TPTU,other,other,565,21,32,0.03999966635360573,background,,False
C34,C94,PyAOP,HBPYU,other,other,571,21,31,0.04607139619217138,background,,False
C34,C95,PyAOP,IIDQ,other,quinoline,569,21,31,-0.06942900017597384,background,,False
C34,C96,PyAOP,TOTU,other,other,541,21,32,-0.012537199874502247,background,,False
C35,C36,PyBOP,PyBOP,other,other,569,21,32,0.021897502194387256,background,,False
C35,C37,PyBOP,PyOxim,other,other,573,21,32,-0.014332619905397623,background,,False
C35,C38,PyBOP,PyBrOP,other,other,568,21,32,0.0658442309995359,background,,False
C35,C39,PyBOP,PyBrOP,other,other,560,21,32,0.05961917862252081,background,,False
C35,C4,PyBOP,DCMT,other,other,566,21,31,0.056363358614669734,background,,False
C35,C40,PyBOP,PyClocK,other,other,569,21,32,0.026480822518325953,background,,False
C35,C41,PyBOP,EEDQ,other,quinoline,562,21,32,-0.06681494729223159,background,,False
C35,C42,PyBOP,DEPBT,other,other,569,21,32,-0.04472365766480493,background,,False
C35,C43,PyBOP,DPP-Cl,other,other,569,21,32,0.06799182248762248,background,,False
C35,C44,PyBOP,DMTMM,other,other,570,21,31,0.058702252050695736,background,,False
C35,C45,PyBOP,PyCIU,other,other,571,21,32,0.05957687157547048,background,,False
C35,C46,PyBOP,BOPCl,other,other,568,21,32,0.03793121259177035,background,,False
C35,C47,PyBOP,EDC-HCl,other,carbodiimide,566,21,32,0.07417733282348282,background,,False
C35,C48,PyBOP,TFFH,other,haloformamidinium,570,21,31,0.07719616654863265,background,,False
C35,C49,PyBOP,BTFFH,other,haloformamidinium,535,21,31,0.12118995075031272,background,,False
C35,C5,PyBOP,COMU,other,other,557,21,32,0.07958262421540505,background,,False
C35,C50,PyBOP,DCMT,other,other,571,21,32,0.0456599729051021,background,,False
C35,C51,PyBOP,EDC-HCl,other,carbodiimide,548,21,32,0.12538117656875514,background,,False
C35,C52,PyBOP,EDC-HCl,other,carbodiimide,568,21,32,0.07488992998675625,background,,False
C35,C53,PyBOP,EDC-HCl,other,carbodiimide,563,21,32,0.10227070520207232,background,,False
C35,C54,PyBOP,EDC-HCl,other,carbodiimide,563,21,32,0.06000779115139124,background,,False
C35,C55,PyBOP,DCC,other,carbodiimide,547,21,31,0.06067216426471894,background,,False
C35,C56,PyBOP,DCC,other,carbodiimide,568,21,32,0.10712478173759199,background,,False
C35,C57,PyBOP,DCC,other,carbodiimide,563,21,32,0.11787959691012595,background,,False
C35,C58,PyBOP,DCC,other,carbodiimide,567,21,31,0.07192612726578862,background,,False
C35,C59,PyBOP,CITU,other,other,558,21,32,0.06393436169135114,background,,False
C35,C6,PyBOP,TBTU,other,other,555,21,32,0.012702616852553547,background,,False
C35,C60,PyBOP,EDC-HCl,other,carbodiimide,569,21,32,0.019031326028762348,background,,False
C35,C61,PyBOP,PyAOP,other,other,569,21,32,0.04900662464873931,background,,False
C35,C62,PyBOP,TFFH,other,haloformamidinium,568,21,32,0.043891955458942644,background,,False
C35,C63,PyBOP,CDI,other,other,562,21,32,0.11047974564786545,background,,False
C35,C64,PyBOP,CDMT,other,other,554,21,32,-0.04826130653869151,background,,False
C35,C65,PyBOP,CIP,other,other,526,21,31,0.08105544911843299,background,,False
C35,C66,PyBOP,DIC,other,carbodiimide,568,21,32,-0.02571224487843185,background,,False
C35,C67,PyBOP,EDC-HCl,other,carbodiimide,566,21,32,0.06715054599693691,background,,False
C35,C68,PyBOP,EDC-HCl,other,carbodiimide,569,21,32,0.10614640618619653,background,,False
C35,C69,PyBOP,EDC-HCl,other,carbodiimide,562,21,32,0.07886133510820026,background,,False
C35,C7,PyBOP,HDMC,other,other,554,21,32,-0.004359137478387891,background,,False
C35,C70,PyBOP,DCC,other,carbodiimide,563,21,32,0.15434337532693643,background,,False
C35,C71,PyBOP,DCC,other,carbodiimide,565,21,32,0.08617633091652954,background,,False
C35,C72,PyBOP,IBCF,other,other,544,21,32,0.030202764599503773,background,,False
C35,C73,PyBOP,DCC,other,carbodiimide,548,21,32,0.0789260466091461,background,,False
C35,C74,PyBOP,EDC-HCl,other,carbodiimide,569,21,32,-0.006478766676034052,background,,False
C35,C76,PyBOP,TCFH,other,haloformamidinium,567,21,32,0.06252524425934669,background,,False
C35,C77,PyBOP,DCC,other,carbodiimide,570,21,32,0.05811723231968885,background,,False
C35,C78,PyBOP,DCC,other,carbodiimide,568,21,31,-0.04507649805895348,background,,False
C35,C79,PyBOP,DCC,other,carbodiimide,566,21,32,0.03931455988091606,background,,False
C35,C8,PyBOP,TCTU,other,other,550,21,32,0.010063157465980667,background,,False
C35,C80,PyBOP,DCC,other,carbodiimide,556,21,32,0.007827270729262939,background,,False
C35,C81,PyBOP,DCC,other,carbodiimide,536,20,31,0.026014393488938328,background,,False
C35,C82,PyBOP,DCC,other,carbodiimide,560,21,32,0.07386988024883501,background,,False
C35,C83,PyBOP,DIC,other,carbodiimide,561,21,31,-0.018582797003769816,background,,False
C35,C84,PyBOP,DIC,other,carbodiimide,569,21,32,0.03968310750126289,background,,False
C35,C85,PyBOP,DIC,other,carbodiimide,567,21,32,0.021648129883221345,background,,False
C35,C86,PyBOP,DIC,other,carbodiimide,570,21,32,0.016651625396775768,background,,False
C35,C87,PyBOP,EDC-HCl,other,carbodiimide,568,21,32,0.0987640767055468,background,,False
C35,C88,PyBOP,EDC-HCl,other,carbodiimide,557,21,32,-0.008785875382072726,background,,False
C35,C89,PyBOP,EDC-HCl,other,carbodiimide,548,20,32,0.032791152506637895,background,,False
C35,C9,PyBOP,TDBTU,other,other,536,21,31,0.040086291961976064,background,,False
C35,C90,PyBOP,EDC-HCl,other,carbodiimide,563,21,32,0.01773726664043806,background,,False
C35,C91,PyBOP,EDC-HCl,other,carbodiimide,566,21,32,0.013864825524917319,background,,False
C35,C92,PyBOP,HATU,other,other,571,21,32,0.07165221891899418,background,,False
C35,C93,PyBOP,TPTU,other,other,565,21,32,0.0703372812103072,background,,False
C35,C94,PyBOP,HBPYU,other,other,571,21,31,0.0807682803317556,background,,False
C35,C95,PyBOP,IIDQ,other,quinoline,569,21,31,-0.034919854693058305,background,,False
C35,C96,PyBOP,TOTU,other,other,542,21,32,0.02187320227250139,background,,False
C36,C37,PyBOP,PyOxim,other,other,571,21,32,-0.0349014843647596,background,,False
C36,C38,PyBOP,PyBrOP,other,other,566,21,32,0.03907230919362448,background,,False
C36,C39,PyBOP,PyBrOP,other,other,558,21,32,0.03924527411133499,background,,False
C36,C4,PyBOP,DCMT,other,other,564,21,31,0.03113804181321883,background,,False
C36,C40,PyBOP,PyClocK,other,other,567,21,32,0.005316542810241631,background,,False
C36,C41,PyBOP,EEDQ,other,quinoline,560,21,32,-0.08936835836878024,background,,False
C36,C42,PyBOP,DEPBT,other,other,567,21,32,-0.06724935064095,background,,False
C36,C43,PyBOP,DPP-Cl,other,other,567,21,32,0.04289837797392526,background,,False
C36,C44,PyBOP,DMTMM,other,other,568,21,31,0.03398453523879996,background,,False
C36,C45,PyBOP,PyCIU,other,other,568,21,32,0.03794287623733472,background,,False
C36,C46,PyBOP,BOPCl,other,other,565,21,32,0.012257849461658643,background,,False
C36,C47,PyBOP,EDC-HCl,other,carbodiimide,564,21,32,0.04849126579631574,background,,False
C36,C48,PyBOP,TFFH,other,haloformamidinium,568,21,31,0.051644969482512904,background,,False
C36,C49,PyBOP,BTFFH,other,haloformamidinium,533,21,31,0.1021824854549471,background,,False
C36,C5,PyBOP,COMU,other,other,555,21,32,0.05704457868981874,background,,False
C36,C50,PyBOP,DCMT,other,other,569,21,32,0.02017011970418192,background,,False
C36,C51,PyBOP,EDC-HCl,other,carbodiimide,546,21,32,0.10040437625374982,background,,False
C36,C52,PyBOP,EDC-HCl,other,carbodiimide,566,21,32,0.05182313109339348,background,,False
C36,C53,PyBOP,EDC-HCl,other,carbodiimide,561,21,32,0.08084389341061221,background,,False
C36,C54,PyBOP,EDC-HCl,other,carbodiimide,561,21,32,0.03793569921246559,background,,False
C36,C55,PyBOP,DCC,other,carbodiimide,545,21,31,0.0335513510575724,background,,False
C36,C56,PyBOP,DCC,other,carbodiimide,566,21,32,0.08463938684968872,background,,False
C36,C57,PyBOP,DCC,other,carbodiimide,561,21,32,0.0937169221365281,background,,False
C36,C58,PyBOP,DCC,other,carbodiimide,566,21,31,0.05502318068026174,background,,False
C36,C59,PyBOP,CITU,other,other,558,21,32,0.040713857876248205,background,,False
C36,C6,PyBOP,TBTU,other,other,553,21,32,-0.009919632596959353,background,,False
C36,C60,PyBOP,EDC-HCl,other,carbodiimide,568,21,32,-0.0012374823907753407,background,,False
C36,C61,PyBOP,PyAOP,other,other,567,21,32,0.028122771487591566,background,,False
C36,C62,PyBOP,TFFH,other,haloformamidinium,567,21,32,0.020694185982432,background,,False
C36,C63,PyBOP,CDI,other,other,560,21,32,0.08832029496558397,background,,False
C36,C64,PyBOP,CDMT,other,other,551,21,32,-0.07222747397634721,background,,False
C36,C65,PyBOP,CIP,other,other,525,21,31,0.05989694970194792,background,,False
C36,C66,PyBOP,DIC,other,carbodiimide,566,21,32,-0.04720371304840558,background,,False
C36,C67,PyBOP,EDC-HCl,other,carbodiimide,566,21,32,0.045629379834023404,background,,False
C36,C68,PyBOP,EDC-HCl,other,carbodiimide,568,21,32,0.08466102868829697,background,,False
C36,C69,PyBOP,EDC-HCl,other,carbodiimide,562,21,32,0.057654318249102415,background,,False
C36,C7,PyBOP,HDMC,other,other,552,21,32,-0.02709962073156521,background,,False
C36,C70,PyBOP,DCC,other,carbodiimide,561,21,32,0.13043601882854872,background,,False
C36,C71,PyBOP,DCC,other,carbodiimide,563,21,32,0.06396011040845867,background,,False
C36,C72,PyBOP,IBCF,other,other,542,21,32,0.004402244224687657,background,,False
C36,C73,PyBOP,DCC,other,carbodiimide,545,21,32,0.05247902597027168,background,,False
C36,C74,PyBOP,EDC-HCl,other,carbodiimide,566,21,32,-0.02698414145489745,background,,False
C36,C76,PyBOP,TCFH,other,haloformamidinium,565,21,32,0.03853121778931007,background,,False
C36,C77,PyBOP,DCC,other,carbodiimide,568,21,32,0.034521373299846225,background,,False
C36,C78,PyBOP,DCC,other,carbodiimide,566,21,31,-0.06644377500815002,background,,False
C36,C79,PyBOP,DCC,other,carbodiimide,566,21,32,0.019623699241272493,background,,False
C36,C8,PyBOP,TCTU,other,other,548,21,32,-0.0126588194818993,background,,False
C36,C80,PyBOP,DCC,other,carbodiimide,552,21,32,-0.010009792057540552,background,,False
C36,C81,PyBOP,DCC,other,carbodiimide,534,20,31,0.0042512493572453985,background,,False
C36,C82,PyBOP,DCC,other,carbodiimide,558,21,32,0.04799972587353685,background,,False
C36,C83,PyBOP,DIC,other,carbodiimide,559,21,31,-0.0319621048278758,background,,False
C36,C84,PyBOP,DIC,other,carbodiimide,567,21,32,0.01894827757505784,background,,False
C36,C85,PyBOP,DIC,other,carbodiimide,565,21,32,0.00012908725156107748,background,,False
C36,C86,PyBOP,DIC,other,carbodiimide,568,21,32,-0.003503253792380326,background,,False
C36,C87,PyBOP,EDC-HCl,other,carbodiimide,566,21,32,0.07400855353559938,background,,False
C36,C88,PyBOP,EDC-HCl,other,carbodiimide,555,21,32,-0.030815474396292307,background,,False
C36,C89,PyBOP,EDC-HCl,other,carbodiimide,546,20,32,0.012533325372211138,background,,False
C36,C9,PyBOP,TDBTU,other,other,535,21,31,0.024249115043533852,background,,False
C36,C90,PyBOP,EDC-HCl,other,carbodiimide,561,21,32,-0.00530949917528243,background,,False
C36,C91,PyBOP,EDC-HCl,other,carbodiimide,564,21,32,-0.007392217449174791,background,,False
C36,C92,PyBOP,HATU,other,other,569,21,32,0.044313871505345825,background,,False
C36,C93,PyBOP,TPTU,other,other,563,21,32,0.045304039160552416,background,,False
C36,C94,PyBOP,HBPYU,other,other,569,21,31,0.05712549364000183,background,,False
C36,C95,PyBOP,IIDQ,other,quinoline,567,21,31,-0.05995290054325947,background,,False
C36,C96,PyBOP,TOTU,other,other,540,21,32,-0.004242853697177196,background,,False
C37,C38,PyOxim,PyBrOP,other,other,571,21,32,0.09053799051667677,background,,False
C37,C39,PyOxim,PyBrOP,other,other,563,21,32,0.09424407904788934,background,,False
C37,C4,PyOxim,DCMT,other,other,569,21,31,0.08133068093734702,background,,False
C37,C40,PyOxim,PyClocK,other,other,572,21,32,0.048951055499059676,background,,False
C37,C41,PyOxim,EEDQ,other,quinoline,565,21,32,-0.040232470046282665,background,,False
C37,C42,PyOxim,DEPBT,other,other,572,21,32,-0.01649228766717041,background,,False
C37,C43,PyOxim,DPP-Cl,other,other,572,21,32,0.09466223499041154,background,,False
C37,C44,PyOxim,DMTMM,other,other,573,21,31,0.08307912612023283,background,,False
C37,C45,PyOxim,PyCIU,other,other,573,21,32,0.08399692116516277,background,,False
C37,C46,PyOxim,BOPCl,other,other,570,21,32,0.063181626436351,background,,False
C37,C47,PyOxim,EDC-HCl,other,carbodiimide,569,21,32,0.10094201716252399,background,,False
C37,C48,PyOxim,TFFH,other,haloformamidinium,573,21,31,0.10267690382279915,background,,False
C37,C49,PyOxim,BTFFH,other,haloformamidinium,538,21,31,0.1377344078502975,background,,False
C37,C5,PyOxim,COMU,other,other,560,21,32,0.09900726166211035,background,,False
C37,C50,PyOxim,DCMT,other,other,574,21,32,0.07168555565678786,background,,False
C37,C51,PyOxim,EDC-HCl,other,carbodiimide,550,21,32,0.12930666601000296,background,,False
C37,C52,PyOxim,EDC-HCl,other,carbodiimide,571,21,32,0.10855547178853703,background,,False
C37,C53,PyOxim,EDC-HCl,other,carbodiimide,566,21,32,0.13104611329333138,background,,False
C37,C54,PyOxim,EDC-HCl,other,carbodiimide,566,21,32,0.08717278715175514,background,,False
C37,C55,PyOxim,DCC,other,carbodiimide,549,21,31,0.06415438169346915,background,,False
C37,C56,PyOxim,DCC,other,carbodiimide,571,21,32,0.13470959611231947,background,,False
C37,C57,PyOxim,DCC,other,carbodiimide,566,21,32,0.14497018641085485,background,,False
C37,C58,PyOxim,DCC,other,carbodiimide,570,21,31,0.09518375862007092,background,,False
C37,C59,PyOxim,CITU,other,other,561,21,32,0.08951558045165686,background,,False
C37,C6,PyOxim,TBTU,other,other,558,21,32,0.037373710455682226,background,,False
C37,C60,PyOxim,EDC-HCl,other,carbodiimide,572,21,32,0.04847877320660672,background,,False
C37,C61,PyOxim,PyAOP,other,other,572,21,32,0.07240521582834163,background,,False
C37,C62,PyOxim,TFFH,other,haloformamidinium,571,21,32,0.07319941508700928,background,,False
C37,C63,PyOxim,CDI,other,other,565,21,32,0.13673481955027195,background,,False
C37,C64,PyOxim,CDMT,other,other,556,21,32,-0.03361406664622972,background,,False
C37,C65,PyOxim,CIP,other,other,529,21,31,0.09992060762099703,background,,False
C37,C66,PyOxim,DIC,other,carbodiimide,571,21,32,-0.0016151860581535282,background,,False
C37,C67,PyOxim,EDC-HCl,other,carbodiimide,569,21,32,0.09850567604179114,background,,False
C37,C68,PyOxim,EDC-HCl,other,carbodiimide,572,21,32,0.13561080167419998,background,,False
C37,C69,PyOxim,EDC-HCl,other,carbodiimide,565,21,32,0.1064752325884693,background,,False
C37,C7,PyOxim,HDMC,other,other,558,21,32,0.01424338257830189,background,,False
C37,C70,PyOxim,DCC,other,carbodiimide,566,21,32,0.1851741551761124,background,,False
C37,C71,PyOxim,DCC,other,carbodiimide,568,21,32,0.11518685119666788,background,,False
C37,C72,PyOxim,IBCF,other,other,546,21,32,0.03796676582740788,background,,False
C37,C73,PyOxim,DCC,other,carbodiimide,550,21,32,0.10169187021905016,background,,False
C37,C74,PyOxim,EDC-HCl,other,carbodiimide,572,21,32,0.022057878612691623,background,,False
C37,C76,PyOxim,TCFH,other,haloformamidinium,570,21,32,0.08872704006873017,background,,False
C37,C77,PyOxim,DCC,other,carbodiimide,573,21,32,0.08340645553290893,background,,False
C37,C78,PyOxim,DCC,other,carbodiimide,571,21,32,-0.001068608075961,background,,False
C37,C79,PyOxim,DCC,other,carbodiimide,569,21,32,0.0694902409943299,background,,False
C37,C8,PyOxim,TCTU,other,other,553,21,32,0.030782492819604473,background,,False
C37,C80,PyOxim,DCC,other,carbodiimide,557,21,32,0.02692365085601843,background,,False
C37,C81,PyOxim,DCC,other,carbodiimide,539,20,31,0.055466376573754826,background,,False
C37,C82,PyOxim,DCC,other,carbodiimide,563,21,32,0.098723185534426,background,,False
C37,C83,PyOxim,DIC,other,carbodiimide,564,21,31,-0.00029542069013438477,background,,False
C37,C84,PyOxim,DIC,other,carbodiimide,572,21,32,0.06746006768764296,background,,False
C37,C85,PyOxim,DIC,other,carbodiimide,570,21,32,0.04970650406841186,background,,False
C37,C86,PyOxim,DIC,other,carbodiimide,573,21,32,0.04302464436963281,background,,False
C37,C87,PyOxim,EDC-HCl,other,carbodiimide,571,21,32,0.12607854579535238,background,,False
C37,C88,PyOxim,EDC-HCl,other,carbodiimide,560,21,32,0.007527744605451955,background,,False
C37,C89,PyOxim,EDC-HCl,other,carbodiimide,551,20,32,0.05098532725967514,background,,False
C37,C9,PyOxim,TDBTU,other,other,539,21,31,0.04984420931806347,background,,False
C37,C90,PyOxim,EDC-HCl,other,carbodiimide,566,21,32,0.042735301642978285,background,,False
C37,C91,PyOxim,EDC-HCl,other,carbodiimide,569,21,32,0.03732290735542068,background,,False
C37,C92,PyOxim,HATU,other,other,574,21,32,0.10103482748819576,background,,False
C37,C93,PyOxim,TPTU,other,other,568,21,32,0.10030641352440847,background,,False
C37,C94,PyOxim,HBPYU,other,other,574,21,31,0.10986479106015301,background,,False
C37,C95,PyOxim,IIDQ,other,quinoline,572,21,31,-0.008915813795025596,background,,False
C37,C96,PyOxim,TOTU,other,other,544,21,32,0.045046225468726386,background,,False
C38,C39,PyBrOP,PyBrOP,other,other,560,21,32,-0.0031789949195081017,background,,False
C38,C4,PyBrOP,DCMT,other,other,564,21,31,-0.012737698075133693,background,,False
C38,C40,PyBrOP,PyClocK,other,other,567,21,32,-0.043255954595216084,background,,False
C38,C41,PyBrOP,EEDQ,other,quinoline,560,21,32,-0.12465556774665079,background,,False
C38,C42,PyBrOP,DEPBT,other,other,567,21,32,-0.10714051767229224,background,,False
C38,C43,PyBrOP,DPP-Cl,other,other,567,21,32,0.003933955314211757,background,,False
C38,C44,PyBrOP,DMTMM,other,other,570,21,31,-0.011310865957058686,background,,False
C38,C45,PyBrOP,PyCIU,other,other,569,21,32,-0.012369271795267575,background,,False
C38,C46,PyBrOP,BOPCl,other,other,565,21,32,-0.03133574436409004,background,,False
C38,C47,PyBrOP,EDC-HCl,other,carbodiimide,565,21,32,0.0043013030598299945,background,,False
C38,C48,PyBrOP,TFFH,other,haloformamidinium,569,21,31,0.005916599457745968,background,,False
C38,C49,PyBrOP,BTFFH,other,haloformamidinium,533,21,31,0.05541805363284938,background,,False
C38,C5,PyBrOP,COMU,other,other,555,21,32,0.017295646260239356,background,,False
C38,C50,PyBrOP,DCMT,other,other,569,21,32,-0.021596477608005128,background,,False
C38,C51,PyBrOP,EDC-HCl,other,carbodiimide,545,21,32,0.0621270183762571,background,,False
C38,C52,PyBrOP,EDC-HCl,other,carbodiimide,567,21,32,0.020436049348076135,background,,False
C38,C53,PyBrOP,EDC-HCl,other,carbodiimide,561,21,32,0.038464100695358966,background,,False
C38,C54,PyBrOP,EDC-HCl,other,carbodiimide,562,21,32,-0.006800571052718696,background,,False
C38,C55,PyBrOP,DCC,other,carbodiimide,544,21,31,0.01382361137429445,background,,False
C38,C56,PyBrOP,DCC,other,carbodiimide,566,21,32,0.04223891650583311,background,,False
C38,C57,PyBrOP,DCC,other,carbodiimide,562,21,32,0.05120824423601561,background,,False
C38,C58,PyBrOP,DCC,other,carbodiimide,565,21,31,0.01129443293529564,background,,False
C38,C59,PyBrOP,CITU,other,other,556,21,32,0.007447154914638987,background,,False
C38,C6,PyBrOP,TBTU,other,other,554,21,32,-0.046316699242804016,background,,False
C38,C60,PyBrOP,EDC-HCl,other,carbodiimide,567,21,32,-0.047438392669943874,background,,False
C38,C61,PyBrOP,PyAOP,other,other,567,21,32,-0.01771680401886866,background,,False
C38,C62,PyBrOP,TFFH,other,haloformamidinium,567,21,32,-0.017742955236038027,background,,False
C38,C63,PyBrOP,CDI,other,other,560,21,32,0.044346376657391176,background,,False
C38,C64,PyBrOP,CDMT,other,other,553,21,32,-0.1363532863056099,background,,False
C38,C65,PyBrOP,CIP,other,other,525,21,31,0.012189760694581631,background,,False
C38,C66,PyBrOP,DIC,other,carbodiimide,566,21,32,-0.0964088893270793,background,,False
C38,C67,PyBrOP,EDC-HCl,other,carbodiimide,564,21,32,0.010098188466061558,background,,False
C38,C68,PyBrOP,EDC-HCl,other,carbodiimide,567,21,32,0.04218483995148137,background,,False
C38,C69,PyBrOP,EDC-HCl,other,carbodiimide,560,21,32,0.006060094524446946,background,,False
C38,C7,PyBrOP,HDMC,other,other,552,21,32,-0.07529340651802707,background,,False
C38,C70,PyBrOP,DCC,other,carbodiimide,561,21,32,0.0968487732005066,background,,False
C38,C71,PyBrOP,DCC,other,carbodiimide,564,21,32,0.025072363999801422,background,,False
C38,C72,PyBrOP,IBCF,other,other,544,21,32,-0.028502409636801517,background,,False
C38,C73,PyBrOP,DCC,other,carbodiimide,545,21,32,0.0060155326950495636,background,,False
C38,C74,PyBrOP,EDC-HCl,other,carbodiimide,566,21,32,-0.06812969091943866,background,,False
C38,C76,PyBrOP,TCFH,other,haloformamidinium,565,21,32,-0.005585224981616987,background,,False
C38,C77,PyBrOP,DCC,other,carbodiimide,568,21,32,-0.00468401289052859,background,,False
C38,C78,PyBrOP,DCC,other,carbodiimide,566,21,32,-0.10773166473998297,background,,False
C38,C79,PyBrOP,DCC,other,carbodiimide,564,21,32,-0.026214451278237405,background,,False
C38,C8,PyBrOP,TCTU,other,other,548,21,32,-0.06318112834134149,background,,False
C38,C80,PyBrOP,DCC,other,carbodiimide,552,21,32,-0.07339363939638188,background,,False
C38,C81,PyBrOP,DCC,other,carbodiimide,534,20,31,-0.051654769072342954,background,,False
C38,C82,PyBrOP,DCC,other,carbodiimide,558,21,32,0.002588648518972194,background,,False
C38,C83,PyBrOP,DIC,other,carbodiimide,559,21,31,-0.0794966948616595,background,,False
C38,C84,PyBrOP,DIC,other,carbodiimide,567,21,32,-0.024767247250380042,background,,False
C38,C85,PyBrOP,DIC,other,carbodiimide,565,21,32,-0.04522098882368869,background,,False
C38,C86,PyBrOP,DIC,other,carbodiimide,568,21,32,-0.04985248022591382,background,,False
C38,C87,PyBrOP,EDC-HCl,other,carbodiimide,567,21,32,0.029790535230568266,background,,False
C38,C88,PyBrOP,EDC-HCl,other,carbodiimide,555,21,32,-0.08788293626950777,background,,False
C38,C89,PyBrOP,EDC-HCl,other,carbodiimide,546,20,32,-0.04022176375210673,background,,False
C38,C9,PyBrOP,TDBTU,other,other,534,21,31,-0.022311295736175685,background,,False
C38,C90,PyBrOP,EDC-HCl,other,carbodiimide,561,21,32,-0.04792937666919311,background,,False
C38,C91,PyBrOP,EDC-HCl,other,carbodiimide,564,21,32,-0.05486680797288418,background,,False
C38,C92,PyBrOP,HATU,other,other,569,21,32,0.011588695029547347,background,,False
C38,C93,PyBrOP,TPTU,other,other,563,21,32,0.012320145048144937,background,,False
C38,C94,PyBrOP,HBPYU,other,other,569,21,31,0.011750901279542814,background,,False
C38,C95,PyBrOP,IIDQ,other,quinoline,567,21,31,-0.10341655914162776,background,,False
C38,C96,PyBrOP,TOTU,other,other,540,21,32,-0.03966061045054915,background,,False
C39,C4,PyBrOP,DCMT,other,other,556,21,31,-0.010491371678706306,background,,False
C39,C40,PyBrOP,PyClocK,other,other,560,21,32,-0.049664863333078124,background,,False
C39,C41,PyBrOP,EEDQ,other,quinoline,552,21,32,-0.11995571299969146,background,,False
C39,C42,PyBrOP,DEPBT,other,other,559,21,32,-0.10051206081772235,background,,False
C39,C43,PyBrOP,DPP-Cl,other,other,559,21,32,0.005234508754966664,background,,False
C39,C44,PyBrOP,DMTMM,other,other,561,21,31,-0.00845260781373396,background,,False
C39,C45,PyBrOP,PyCIU,other,other,561,21,32,-0.011439364596850805,background,,False
C39,C46,PyBrOP,BOPCl,other,other,557,21,32,-0.02565632686857086,background,,False
C39,C47,PyBrOP,EDC-HCl,other,carbodiimide,557,21,32,0.009248405996508693,background,,False
C39,C48,PyBrOP,TFFH,other,haloformamidinium,560,21,31,0.00825549113012531,background,,False
C39,C49,PyBrOP,BTFFH,other,haloformamidinium,525,21,31,0.05613651224368149,background,,False
C39,C5,PyBrOP,COMU,other,other,547,21,32,0.020105252891195635,background,,False
C39,C50,PyBrOP,DCMT,other,other,561,21,32,-0.016424856875246464,background,,False
C39,C51,PyBrOP,EDC-HCl,other,carbodiimide,539,21,32,0.06348162184462791,background,,False
C39,C52,PyBrOP,EDC-HCl,other,carbodiimide,558,21,32,0.0169357735833095,background,,False
C39,C53,PyBrOP,EDC-HCl,other,carbodiimide,555,21,32,0.037592899696636095,background,,False
C39,C54,PyBrOP,EDC-HCl,other,carbodiimide,555,21,32,-0.003808983176838185,background,,False
C39,C55,PyBrOP,DCC,other,carbodiimide,538,21,31,0.016850380498377577,background,,False
C39,C56,PyBrOP,DCC,other,carbodiimide,558,21,32,0.039172115446653666,background,,False
C39,C57,PyBrOP,DCC,other,carbodiimide,553,21,32,0.051604199103769316,background,,False
C39,C58,PyBrOP,DCC,other,carbodiimide,557,21,31,0.012844339410694794,background,,False
C39,C59,PyBrOP,CITU,other,other,548,21,32,0.012032402093861645,background,,False
C39,C6,PyBrOP,TBTU,other,other,545,21,32,-0.047722774408208324,background,,False
C39,C60,PyBrOP,EDC-HCl,other,carbodiimide,559,21,32,-0.04556664478947181,background,,False
C39,C61,PyBrOP,PyAOP,other,other,560,21,32,-0.024551971928815808,background,,False
C39,C62,PyBrOP,TFFH,other,haloformamidinium,559,21,32,-0.011225416438349185,background,,False
C39,C63,PyBrOP,CDI,other,other,555,21,32,0.04804534760108796,background,,False
C39,C64,PyBrOP,CDMT,other,other,543,21,32,-0.13131760307185825,background,,False
C39,C65,PyBrOP,CIP,other,other,517,21,31,0.018064763032193846,background,,False
C39,C66,PyBrOP,DIC,other,carbodiimide,558,21,32,-0.09268823939190163,background,,False
C39,C67,PyBrOP,EDC-HCl,other,carbodiimide,557,21,32,0.006306444172378967,background,,False
C39,C68,PyBrOP,EDC-HCl,other,carbodiimide,559,21,32,0.041545142136508284,background,,False
C39,C69,PyBrOP,EDC-HCl,other,carbodiimide,555,21,32,0.010246272389733607,background,,False
C39,C7,PyBrOP,HDMC,other,other,544,21,32,-0.07879630105877139,background,,False
C39,C70,PyBrOP,DCC,other,carbodiimide,553,21,32,0.09790837101387424,background,,False
C39,C71,PyBrOP,DCC,other,carbodiimide,555,21,32,0.026299971160881952,background,,False
C39,C72,PyBrOP,IBCF,other,other,536,21,32,-0.021822109045594604,background,,False
C39,C73,PyBrOP,DCC,other,carbodiimide,537,21,32,0.006121330855919899,background,,False
C39,C74,PyBrOP,EDC-HCl,other,carbodiimide,558,21,32,-0.06818120006845896,background,,False
C39,C76,PyBrOP,TCFH,other,haloformamidinium,558,21,32,0.0002629661836197842,background,,False
C39,C77,PyBrOP,DCC,other,carbodiimide,560,21,32,0.0005057046191030423,background,,False
C39,C78,PyBrOP,DCC,other,carbodiimide,558,21,32,-0.10936540151762264,background,,False
C39,C79,PyBrOP,DCC,other,carbodiimide,556,21,32,-0.026676590071837036,background,,False
C39,C8,PyBrOP,TCTU,other,other,540,21,32,-0.06761260141282621,background,,False
C39,C80,PyBrOP,DCC,other,carbodiimide,544,21,32,-0.06542616365108295,background,,False
C39,C81,PyBrOP,DCC,other,carbodiimide,526,20,31,-0.055963987847208074,background,,False
C39,C82,PyBrOP,DCC,other,carbodiimide,551,21,32,0.011000509188330197,background,,False
C39,C83,PyBrOP,DIC,other,carbodiimide,553,21,31,-0.07652378609562593,background,,False
C39,C84,PyBrOP,DIC,other,carbodiimide,559,21,32,-0.027902967184814886,background,,False
C39,C85,PyBrOP,DIC,other,carbodiimide,557,21,32,-0.04880735496385796,background,,False
C39,C86,PyBrOP,DIC,other,carbodiimide,560,21,32,-0.04451228261339529,background,,False
C39,C87,PyBrOP,EDC-HCl,other,carbodiimide,558,21,32,0.03507836864508028,background,,False
C39,C88,PyBrOP,EDC-HCl,other,carbodiimide,547,21,32,-0.08270509837830797,background,,False
C39,C89,PyBrOP,EDC-HCl,other,carbodiimide,538,20,32,-0.03636146046996447,background,,False
C39,C9,PyBrOP,TDBTU,other,other,527,21,31,-0.006396225751563178,background,,False
C39,C90,PyBrOP,EDC-HCl,other,carbodiimide,553,21,32,-0.048076471478695204,background,,False
C39,C91,PyBrOP,EDC-HCl,other,carbodiimide,556,21,32,-0.04938906229752227,background,,False
C39,C92,PyBrOP,HATU,other,other,561,21,32,0.009668956617255225,background,,False
C39,C93,PyBrOP,TPTU,other,other,557,21,32,0.018672849571321093,background,,False
C39,C94,PyBrOP,HBPYU,other,other,561,21,31,0.01015824467836772,background,,False
C39,C95,PyBrOP,IIDQ,other,quinoline,559,21,31,-0.10303364406298582,background,,False
C39,C96,PyBrOP,TOTU,other,other,531,21,32,-0.035061668376521,background,,False
C4,C40,DCMT,PyClocK,other,other,565,21,31,-0.029793705340729892,background,,False
C4,C41,DCMT,EEDQ,other,quinoline,559,21,31,-0.1148879320731956,background,,False
C4,C42,DCMT,DEPBT,other,other,565,21,31,-0.0816418469966424,background,,False
C4,C43,DCMT,DPP-Cl,other,other,565,21,31,0.02087801672854149,background,,False
C4,C44,DCMT,DMTMM,other,other,567,21,31,0.001143914185632139,background,,False
C4,C45,DCMT,PyCIU,other,other,566,21,31,0.0027542750038160313,background,,False
C4,C46,DCMT,BOPCl,other,other,563,21,31,-0.0031579780745007724,background,,False
C4,C47,DCMT,EDC-HCl,other,carbodiimide,562,21,31,0.02471394582333189,background,,False
C4,C48,DCMT,TFFH,other,haloformamidinium,567,21,31,0.018663791624780803,background,,False
C4,C49,DCMT,BTFFH,other,haloformamidinium,531,21,30,0.07617373571901007,background,,False
C4,C5,DCMT,COMU,other,other,555,21,31,0.042905071400321765,background,,False
C4,C50,DCMT,DCMT,other,other,567,21,31,0.0007602235432709265,background,,False
C4,C51,DCMT,EDC-HCl,other,carbodiimide,543,21,31,0.07766214005962842,background,,False
C4,C52,DCMT,EDC-HCl,other,carbodiimide,564,21,31,0.025469761007153813,background,,False
C4,C53,DCMT,EDC-HCl,other,carbodiimide,559,21,31,0.04797410656745332,background,,False
C4,C54,DCMT,EDC-HCl,other,carbodiimide,560,21,31,0.011502662853327017,background,,False
C4,C55,DCMT,DCC,other,carbodiimide,542,21,30,0.041750646721573595,background,,False
C4,C56,DCMT,DCC,other,carbodiimide,564,21,31,0.05258239847345267,background,,False
C4,C57,DCMT,DCC,other,carbodiimide,559,21,31,0.06125980228487299,background,,False
C4,C58,DCMT,DCC,other,carbodiimide,563,21,30,0.02942583691922432,background,,False
C4,C59,DCMT,CITU,other,other,554,21,31,0.03329841733039622,background,,False
C4,C6,DCMT,TBTU,other,other,555,21,31,-0.03681114133253832,background,,False
C4,C60,DCMT,EDC-HCl,other,carbodiimide,565,21,31,-0.03985680134473135,background,,False
C4,C61,DCMT,PyAOP,other,other,565,21,31,-0.009968623435497093,background,,False
C4,C62,DCMT,TFFH,other,haloformamidinium,564,21,31,0.006352102152123645,background,,False
C4,C63,DCMT,CDI,other,other,558,21,31,0.05411053410212768,background,,False
C4,C64,DCMT,CDMT,other,other,549,21,31,-0.11556446795203795,background,,False
C4,C65,DCMT,CIP,other,other,523,21,30,0.0348940793928959,background,,False
C4,C66,DCMT,DIC,other,carbodiimide,564,21,31,-0.08384213489992004,background,,False
C4,C67,DCMT,EDC-HCl,other,carbodiimide,562,21,31,0.01620038347594957,background,,False
C4,C68,DCMT,EDC-HCl,other,carbodiimide,566,21,31,0.05480267193707697,background,,False
C4,C69,DCMT,EDC-HCl,other,carbodiimide,559,21,31,0.022906537171361346,background,,False
C4,C7,DCMT,HDMC,other,other,553,21,31,-0.06704809396147227,background,,False
C4,C70,DCMT,DCC,other,carbodiimide,559,21,31,0.10155694013332889,background,,False
C4,C71,DCMT,DCC,other,carbodiimide,561,21,31,0.03791572012840724,background,,False
C4,C72,DCMT,IBCF,other,other,539,21,30,-0.003276053900173559,background,,False
C4,C73,DCMT,DCC,other,carbodiimide,543,21,31,0.02251328099306074,background,,False
C4,C74,DCMT,EDC-HCl,other,carbodiimide,564,21,31,-0.0612876827597893,background,,False
C4,C76,DCMT,TCFH,other,haloformamidinium,563,21,31,0.02055401763928298,background,,False
C4,C77,DCMT,DCC,other,carbodiimide,566,21,31,0.017827573773675415,background,,False
C4,C78,DCMT,DCC,other,carbodiimide,564,21,31,-0.09919192990248771,background,,False
C4,C79,DCMT,DCC,other,carbodiimide,562,21,31,-0.011133952467847985,background,,False
C4,C8,DCMT,TCTU,other,other,548,21,31,-0.05460716641069002,background,,False
C4,C80,DCMT,DCC,other,carbodiimide,550,21,31,-0.06500780439194032,background,,False
C4,C81,DCMT,DCC,other,carbodiimide,533,20,31,-0.04140683223610503,background,,False
C4,C82,DCMT,DCC,other,carbodiimide,556,21,31,0.025680246946002183,background,,False
C4,C83,DCMT,DIC,other,carbodiimide,557,21,30,-0.06737870580542665,background,,False
C4,C84,DCMT,DIC,other,carbodiimide,565,21,31,-0.008359311990607077,background,,False
C4,C85,DCMT,DIC,other,carbodiimide,563,21,31,-0.03240075407643239,background,,False
C4,C86,DCMT,DIC,other,carbodiimide,566,21,31,-0.035304079703930125,background,,False
C4,C87,DCMT,EDC-HCl,other,carbodiimide,564,21,31,0.04364958176200884,background,,False
C4,C88,DCMT,EDC-HCl,other,carbodiimide,553,21,31,-0.08256601031331579,background,,False
C4,C89,DCMT,EDC-HCl,other,carbodiimide,544,20,31,-0.026225359070872367,background,,False
C4,C9,DCMT,TDBTU,other,other,532,21,30,-0.013570959201972932,background,,False
C4,C90,DCMT,EDC-HCl,other,carbodiimide,559,21,31,-0.0369080328530767,background,,False
C4,C91,DCMT,EDC-HCl,other,carbodiimide,562,21,31,-0.03136349887721779,background,,False
C4,C92,DCMT,HATU,other,other,567,21,31,0.025686942469452162,background,,False
C4,C93,DCMT,TPTU,other,other,561,21,31,0.020430662103117225,background,,False
C4,C94,DCMT,HBPYU,other,other,568,21,31,0.027060370948073564,background,,False
C4,C95,DCMT,IIDQ,other,quinoline,566,21,31,-0.08828015483564797,background,,False
C4,C96,DCMT,TOTU,other,other,537,21,31,-0.021490985109916177,background,,False
C40,C41,PyClocK,EEDQ,other,quinoline,561,21,32,-0.08720794413010943,background,,False
C40,C42,PyClocK,DEPBT,other,other,568,21,32,-0.06408548651121992,background,,False
C40,C43,PyClocK,DPP-Cl,other,other,568,21,32,0.046382500597403564,background,,False
C40,C44,PyClocK,DMTMM,other,other,569,21,31,0.032140517409475655,background,,False
C40,C45,PyClocK,PyCIU,other,other,569,21,32,0.03495039733313082,background,,False
C40,C46,PyClocK,BOPCl,other,other,566,21,32,0.016261189526956016,background,,False
C40,C47,PyClocK,EDC-HCl,other,carbodiimide,566,21,32,0.05113716502933929,background,,False
C40,C48,PyClocK,TFFH,other,haloformamidinium,569,21,31,0.051565890821934246,background,,False
C40,C49,PyClocK,BTFFH,other,haloformamidinium,534,21,31,0.09874049670112095,background,,False
C40,C5,PyClocK,COMU,other,other,556,21,32,0.0537101938209526,background,,False
C40,C50,PyClocK,DCMT,other,other,570,21,32,0.021440881217914154,background,,False
C40,C51,PyClocK,EDC-HCl,other,carbodiimide,546,21,32,0.10195722424081674,background,,False
C40,C52,PyClocK,EDC-HCl,other,carbodiimide,567,21,32,0.05661426902093045,background,,False
C40,C53,PyClocK,EDC-HCl,other,carbodiimide,562,21,32,0.08354153589097717,background,,False
C40,C54,PyClocK,EDC-HCl,other,carbodiimide,563,21,32,0.039557773746632136,background,,False
C40,C55,PyClocK,DCC,other,carbodiimide,545,21,31,0.03979351184432489,background,,False
C40,C56,PyClocK,DCC,other,carbodiimide,568,21,32,0.08544574069960617,background,,False
C40,C57,PyClocK,DCC,other,carbodiimide,562,21,32,0.09785461894638131,background,,False
C40,C58,PyClocK,DCC,other,carbodiimide,566,21,31,0.05027806761432216,background,,False
C40,C59,PyClocK,CITU,other,other,557,21,32,0.04554602457556417,background,,False
C40,C6,PyClocK,TBTU,other,other,554,21,32,-0.008231191144228933,background,,False
C40,C60,PyClocK,EDC-HCl,other,carbodiimide,568,21,32,-0.0010369247393353584,background,,False
C40,C61,PyClocK,PyAOP,other,other,568,21,32,0.021525197039492634,background,,False
C40,C62,PyClocK,TFFH,other,haloformamidinium,567,21,32,0.029418551752722177,background,,False
C40,C63,PyClocK,CDI,other,other,562,21,32,0.09167806619133861,background,,False
C40,C64,PyClocK,CDMT,other,other,553,21,32,-0.0878917604346541,background,,False
C40,C65,PyClocK,CIP,other,other,525,21,31,0.06355986321199697,background,,False
C40,C66,PyClocK,DIC,other,carbodiimide,567,21,32,-0.05022332595036053,background,,False
C40,C67,PyClocK,EDC-HCl,other,carbodiimide,565,21,32,0.05024075978517101,background,,False
C40,C68,PyClocK,EDC-HCl,other,carbodiimide,568,21,32,0.08735138616261234,background,,False
C40,C69,PyClocK,EDC-HCl,other,carbodiimide,562,21,32,0.06099978528571111,background,,False
C40,C7,PyClocK,HDMC,other,other,554,21,32,-0.03303897605639851,background,,False
C40,C70,PyClocK,DCC,other,carbodiimide,562,21,32,0.14186082001253786,background,,False
C40,C71,PyClocK,DCC,other,carbodiimide,564,21,32,0.07195293708695855,background,,False
C40,C72,PyClocK,IBCF,other,other,542,21,32,0.013398121353896508,background,,False
C40,C73,PyClocK,DCC,other,carbodiimide,546,21,32,0.055957906002089206,background,,False
C40,C74,PyClocK,EDC-HCl,other,carbodiimide,567,21,32,-0.02744844162826724,background,,False
C40,C76,PyClocK,TCFH,other,haloformamidinium,567,21,32,0.04180276775889619,background,,False
C40,C77,PyClocK,DCC,other,carbodiimide,569,21,32,0.036086089602143934,background,,False
C40,C78,PyClocK,DCC,other,carbodiimide,567,21,32,-0.060783291733668116,background,,False
C40,C79,PyClocK,DCC,other,carbodiimide,565,21,32,0.022651087644161592,background,,False
C40,C8,PyClocK,TCTU,other,other,550,21,32,-0.021298523718534343,background,,False
C40,C80,PyClocK,DCC,other,carbodiimide,554,21,32,-0.016976287062771274,background,,False
C40,C81,PyClocK,DCC,other,carbodiimide,535,20,31,0.0034436809139804063,background,,False
C40,C82,PyClocK,DCC,other,carbodiimide,559,21,32,0.05371204155484455,background,,False
C40,C83,PyClocK,DIC,other,carbodiimide,561,21,31,-0.04131538720576208,background,,False
C40,C84,PyClocK,DIC,other,carbodiimide,568,21,32,0.01873115281043054,background,,False
C40,C85,PyClocK,DIC,other,carbodiimide,566,21,32,0.00027670319920770903,background,,False
C40,C86,PyClocK,DIC,other,carbodiimide,570,21,32,-0.006323887232566298,background,,False
C40,C87,PyClocK,EDC-HCl,other,carbodiimide,567,21,32,0.07630803622457805,background,,False
C40,C88,PyClocK,EDC-HCl,other,carbodiimide,557,21,32,-0.04206634004074479,background,,False
C40,C89,PyClocK,EDC-HCl,other,carbodiimide,547,20,32,0.0064466737053924805,background,,False
C40,C9,PyClocK,TDBTU,other,other,535,21,31,0.015515820705554385,background,,False
C40,C90,PyClocK,EDC-HCl,other,carbodiimide,562,21,32,-0.00224988867490946,background,,False
C40,C91,PyClocK,EDC-HCl,other,carbodiimide,565,21,32,-0.014274270028939919,background,,False
C40,C92,PyClocK,HATU,other,other,570,21,32,0.051264297501054545,background,,False
C40,C93,PyClocK,TPTU,other,other,565,21,32,0.05069047312243362,background,,False
C40,C94,PyClocK,HBPYU,other,other,571,21,31,0.05709043128321831,background,,False
C40,C95,PyClocK,IIDQ,other,quinoline,568,21,31,-0.05783743351336404,background,,False
C40,C96,PyClocK,TOTU,other,other,541,21,32,0.0022900002035763922,background,,False
C41,C42,EEDQ,DEPBT,quinoline,other,564,21,32,0.02315068582908364,background,,False
C41,C43,EEDQ,DPP-Cl,quinoline,other,561,21,32,0.13207507175099523,background,,False
C41,C44,EEDQ,DMTMM,quinoline,other,562,21,31,0.11703172540685115,background,,False
C41,C45,EEDQ,PyCIU,quinoline,other,562,21,32,0.1199965794105474,background,,False
C41,C46,EEDQ,BOPCl,quinoline,other,559,21,32,0.09718326803018533,background,,False
C41,C47,EEDQ,EDC-HCl,quinoline,carbodiimide,558,21,32,0.13029089385944154,target,0.13029089385944154,True
C41,C48,EEDQ,TFFH,quinoline,haloformamidinium,562,21,31,0.134574466673835,target,0.134574466673835,True
C41,C49,EEDQ,BTFFH,quinoline,haloformamidinium,530,21,31,0.18818737414530573,target,0.18818737414530573,True
C41,C5,EEDQ,COMU,quinoline,other,549,21,32,0.1445200396089765,background,,False
C41,C50,EEDQ,DCMT,quinoline,other,563,21,32,0.10353078928128127,background,,False
C41,C51,EEDQ,EDC-HCl,quinoline,carbodiimide,539,21,32,0.1854428769893507,target,0.1854428769893507,True
C41,C52,EEDQ,EDC-HCl,quinoline,carbodiimide,560,21,32,0.13957757573322382,target,0.13957757573322382,True
C41,C53,EEDQ,EDC-HCl,quinoline,carbodiimide,557,21,32,0.15735582045008953,target,0.15735582045008953,True
C41,C54,EEDQ,EDC-HCl,quinoline,carbodiimide,555,21,32,0.1188560804634772,target,0.1188560804634772,True
C41,C55,EEDQ,DCC,quinoline,carbodiimide,538,21,31,0.13618458287006663,target,0.13618458287006663,True
C41,C56,EEDQ,DCC,quinoline,carbodiimide,560,21,32,0.1690365135319984,target,0.1690365135319984,True
C41,C57,EEDQ,DCC,quinoline,carbodiimide,556,21,32,0.18001576442195721,target,0.18001576442195721,True
C41,C58,EEDQ,DCC,quinoline,carbodiimide,559,21,31,0.1398089961812818,target,0.1398089961812818,True
C41,C59,EEDQ,CITU,quinoline,other,551,21,32,0.1321298158202,background,,False
C41,C6,EEDQ,TBTU,quinoline,other,549,21,32,0.07798051178897722,background,,False
C41,C60,EEDQ,EDC-HCl,quinoline,carbodiimide,561,21,32,0.08147455485433566,target,0.08147455485433566,True
C41,C61,EEDQ,PyAOP,quinoline,other,561,21,32,0.11442379827634214,background,,False
C41,C62,EEDQ,TFFH,quinoline,haloformamidinium,560,21,32,0.11260640552716844,target,0.11260640552716844,True
C41,C63,EEDQ,CDI,quinoline,other,554,21,32,0.17398054954701198,background,,False
C41,C64,EEDQ,CDMT,quinoline,other,545,21,32,0.0029435051469847984,background,,False
C41,C65,EEDQ,CIP,quinoline,other,522,21,31,0.1398164021484156,background,,False
C41,C66,EEDQ,DIC,quinoline,carbodiimide,560,21,32,0.032993473420116465,target,0.032993473420116465,True
C41,C67,EEDQ,EDC-HCl,quinoline,carbodiimide,559,21,32,0.13479287287866198,target,0.13479287287866198,True
C41,C68,EEDQ,EDC-HCl,quinoline,carbodiimide,562,21,32,0.16879266484725364,target,0.16879266484725364,True
C41,C69,EEDQ,EDC-HCl,quinoline,carbodiimide,554,21,32,0.1284381832222823,target,0.1284381832222823,True
C41,C7,EEDQ,HDMC,quinoline,other,547,21,32,0.053621962320387295,background,,False
C41,C70,EEDQ,DCC,quinoline,carbodiimide,555,21,32,0.22247934275239595,target,0.22247934275239595,True
C41,C71,EEDQ,DCC,quinoline,carbodiimide,557,21,32,0.1560980386963106,target,0.1560980386963106,True
C41,C72,EEDQ,IBCF,quinoline,other,535,21,32,0.10149486500302854,background,,False
C41,C73,EEDQ,DCC,quinoline,carbodiimide,541,21,32,0.13005261888879105,target,0.13005261888879105,True
C41,C74,EEDQ,EDC-HCl,quinoline,carbodiimide,560,21,32,0.06002019388341473,target,0.06002019388341473,True
C41,C76,EEDQ,TCFH,quinoline,haloformamidinium,559,21,32,0.12179496605926116,target,0.12179496605926116,True
C41,C77,EEDQ,DCC,quinoline,carbodiimide,563,21,32,0.12276239747961706,target,0.12276239747961706,True
C41,C78,EEDQ,DCC,quinoline,carbodiimide,560,21,32,0.021457980669974452,target,0.021457980669974452,True
C41,C79,EEDQ,DCC,quinoline,carbodiimide,558,21,32,0.11145176733104459,target,0.11145176733104459,True
C41,C8,EEDQ,TCTU,quinoline,other,543,21,32,0.0628173415170663,background,,False
C41,C80,EEDQ,DCC,quinoline,carbodiimide,548,21,32,0.07078800404914848,target,0.07078800404914848,True
C41,C81,EEDQ,DCC,quinoline,carbodiimide,532,20,31,0.08550112957053782,target,0.08550112957053782,True
C41,C82,EEDQ,DCC,quinoline,carbodiimide,552,21,32,0.13233826226421966,target,0.13233826226421966,True
C41,C83,EEDQ,DIC,quinoline,carbodiimide,553,21,31,0.05233248528511886,target,0.05233248528511886,True
C41,C84,EEDQ,DIC,quinoline,carbodiimide,561,21,32,0.10651605943731429,target,0.10651605943731429,True
C41,C85,EEDQ,DIC,quinoline,carbodiimide,559,21,32,0.08559025340513154,target,0.08559025340513154,True
C41,C86,EEDQ,DIC,quinoline,carbodiimide,562,21,32,0.07959510564161373,target,0.07959510564161373,True
C41,C87,EEDQ,EDC-HCl,quinoline,carbodiimide,560,21,32,0.1617722514149578,target,0.1617722514149578,True
C41,C88,EEDQ,EDC-HCl,quinoline,carbodiimide,549,21,32,0.04077237157475991,target,0.04077237157475991,True
C41,C89,EEDQ,EDC-HCl,quinoline,carbodiimide,541,20,32,0.10252155330778051,target,0.10252155330778051,True
C41,C9,EEDQ,TDBTU,quinoline,other,528,21,31,0.11149106177988052,background,,False
C41,C90,EEDQ,EDC-HCl,quinoline,carbodiimide,555,21,32,0.08438699631696334,target,0.08438699631696334,True
C41,C91,EEDQ,EDC-HCl,quinoline,carbodiimide,558,21,32,0.07325479338455862,target,0.07325479338455862,True
C41,C92,EEDQ,HATU,quinoline,other,563,21,32,0.13729623599394644,background,,False
C41,C93,EEDQ,TPTU,quinoline,other,557,21,32,0.1405549320316267,background,,False
C41,C94,EEDQ,HBPYU,quinoline,other,563,21,31,0.14011754894586426,background,,False
C41,C95,EEDQ,IIDQ,quinoline,quinoline,561,21,31,0.02637808134791543,background,,False
C41,C96,EEDQ,TOTU,quinoline,other,534,21,32,0.0834233823666777,background,,False
C42,C43,DEPBT,DPP-Cl,other,other,568,21,32,0.1121089694434168,background,,False
C42,C44,DEPBT,DMTMM,other,other,569,21,31,0.08464251389869543,background,,False
C42,C45,DEPBT,PyCIU,other,other,569,21,32,0.10057389114975995,background,,False
C42,C46,DEPBT,BOPCl,other,other,566,21,32,0.07872386154806141,background,,False
C42,C47,DEPBT,EDC-HCl,other,carbodiimide,565,21,32,0.11361446615529763,background,,False
C42,C48,DEPBT,TFFH,other,haloformamidinium,569,21,31,0.1034135417605363,background,,False
C42,C49,DEPBT,BTFFH,other,haloformamidinium,537,21,31,0.17644436768541114,background,,False
C42,C5,DEPBT,COMU,other,other,556,21,32,0.12270357987366719,background,,False
C42,C50,DEPBT,DCMT,other,other,570,21,32,0.0854456273426562,background,,False
C42,C51,DEPBT,EDC-HCl,other,carbodiimide,546,21,32,0.17143300962430896,background,,False
C42,C52,DEPBT,EDC-HCl,other,carbodiimide,567,21,32,0.11725070361936471,background,,False
C42,C53,DEPBT,EDC-HCl,other,carbodiimide,563,21,32,0.1393357235745782,background,,False
C42,C54,DEPBT,EDC-HCl,other,carbodiimide,562,21,32,0.09844985164260725,background,,False
C42,C55,DEPBT,DCC,other,carbodiimide,545,21,31,0.11240741810507843,background,,False
C42,C56,DEPBT,DCC,other,carbodiimide,567,21,32,0.14965953807536278,background,,False
C42,C57,DEPBT,DCC,other,carbodiimide,562,21,32,0.16136224434016955,background,,False
C42,C58,DEPBT,DCC,other,carbodiimide,567,21,31,0.12498591294046481,background,,False
C42,C59,DEPBT,CITU,other,other,557,21,32,0.10889982148895247,background,,False
C42,C6,DEPBT,TBTU,other,other,555,21,32,0.055611573418946604,background,,False
C42,C60,DEPBT,EDC-HCl,other,carbodiimide,568,21,32,0.06225587371597656,background,,False
C42,C61,DEPBT,PyAOP,other,other,568,21,32,0.08880419841791704,background,,False
C42,C62,DEPBT,TFFH,other,haloformamidinium,567,21,32,0.08949697428615278,background,,False
C42,C63,DEPBT,CDI,other,other,561,21,32,0.14996070720427093,background,,False
C42,C64,DEPBT,CDMT,other,other,552,21,32,-0.011578244903663909,background,,False
C42,C65,DEPBT,CIP,other,other,528,21,31,0.13075872982831052,background,,False
C42,C66,DEPBT,DIC,other,carbodiimide,567,21,32,0.01609796849116426,background,,False
C42,C67,DEPBT,EDC-HCl,other,carbodiimide,566,21,32,0.11268482237685877,background,,False
C42,C68,DEPBT,EDC-HCl,other,carbodiimide,568,21,32,0.14898032938917793,background,,False
C42,C69,DEPBT,EDC-HCl,other,carbodiimide,561,21,32,0.11599639602334598,background,,False
C42,C7,DEPBT,HDMC,other,other,554,21,32,0.03118276462279322,background,,False
C42,C70,DEPBT,DCC,other,carbodiimide,562,21,32,0.19634391559470638,background,,False
C42,C71,DEPBT,DCC,other,carbodiimide,564,21,32,0.13083108997907075,background,,False
C42,C72,DEPBT,IBCF,other,other,542,21,32,0.07779522159135743,background,,False
C42,C73,DEPBT,DCC,other,carbodiimide,547,21,32,0.11846435794602626,background,,False
C42,C74,DEPBT,EDC-HCl,other,carbodiimide,567,21,32,0.03782287383535807,background,,False
C42,C76,DEPBT,TCFH,other,haloformamidinium,566,21,32,0.10594669587176592,background,,False
C42,C77,DEPBT,DCC,other,carbodiimide,569,21,32,0.10241473722043287,background,,False
C42,C78,DEPBT,DCC,other,carbodiimide,567,21,32,0.002338055947798068,background,,False
C42,C79,DEPBT,DCC,other,carbodiimide,565,21,32,0.0844449529985099,background,,False
C42,C8,DEPBT,TCTU,other,other,549,21,32,0.04591757670220624,background,,False
C42,C80,DEPBT,DCC,other,carbodiimide,553,21,32,0.052102058263057784,background,,False
C42,C81,DEPBT,DCC,other,carbodiimide,537,20,31,0.04356741419686141,background,,False
C42,C82,DEPBT,DCC,other,carbodiimide,561,21,32,0.11324471257673274,background,,False
C42,C83,DEPBT,DIC,other,carbodiimide,560,21,31,0.033030009259270826,background,,False
C42,C84,DEPBT,DIC,other,carbodiimide,568,21,32,0.08271619235142955,background,,False
C42,C85,DEPBT,DIC,other,carbodiimide,566,21,32,0.06542453120553693,background,,False
C42,C86,DEPBT,DIC,other,carbodiimide,569,21,32,0.05895688377067907,background,,False
C42,C87,DEPBT,EDC-HCl,other,carbodiimide,567,21,32,0.13902541474478702,background,,False
C42,C88,DEPBT,EDC-HCl,other,carbodiimide,556,21,32,0.022812460334305062,background,,False
C42,C89,DEPBT,EDC-HCl,other,carbodiimide,548,20,32,0.06476688885322654,background,,False
C42,C9,DEPBT,TDBTU,other,other,535,21,31,0.0892267405603259,background,,False
C42,C90,DEPBT,EDC-HCl,other,carbodiimide,564,21,32,0.059889265101435954,background,,False
C42,C91,DEPBT,EDC-HCl,other,carbodiimide,565,21,32,0.05295411421599695,background,,False
C42,C92,DEPBT,HATU,other,other,570,21,32,0.11740877631027409,background,,False
C42,C93,DEPBT,TPTU,other,other,564,21,32,0.11465523613385581,background,,False
C42,C94,DEPBT,HBPYU,other,other,570,21,31,0.10698130693697569,background,,False
C42,C95,DEPBT,IIDQ,other,quinoline,568,21,31,-0.009559254794510558,background,,False
C42,C96,DEPBT,TOTU,other,other,540,21,32,0.06376569010988778,background,,False
C43,C44,DPP-Cl,DMTMM,other,other,569,21,31,-0.01898358129356132,background,,False
C43,C45,DPP-Cl,PyCIU,other,other,570,21,32,-0.014485261727639441,background,,False
C43,C46,DPP-Cl,BOPCl,other,other,566,21,32,-0.03512028776180154,background,,False
C43,C47,DPP-Cl,EDC-HCl,other,carbodiimide,565,21,32,0.00017771471065595144,background,,False
C43,C48,DPP-Cl,TFFH,other,haloformamidinium,570,21,31,-0.002385410195145918,background,,False
C43,C49,DPP-Cl,BTFFH,other,haloformamidinium,534,21,31,0.04714442204457164,background,,False
C43,C5,DPP-Cl,COMU,other,other,556,21,32,0.01237236864555498,background,,False
C43,C50,DPP-Cl,DCMT,other,other,570,21,32,-0.027301609983142718,background,,False
C43,C51,DPP-Cl,EDC-HCl,other,carbodiimide,546,21,32,0.059505866520001255,background,,False
C43,C52,DPP-Cl,EDC-HCl,other,carbodiimide,567,21,32,0.01647089992385367,background,,False
C43,C53,DPP-Cl,EDC-HCl,other,carbodiimide,562,21,32,0.034797568815890065,background,,False
C43,C54,DPP-Cl,EDC-HCl,other,carbodiimide,562,21,32,-0.010795491121133358,background,,False
C43,C55,DPP-Cl,DCC,other,carbodiimide,545,21,31,0.0076704766586646045,background,,False
C43,C56,DPP-Cl,DCC,other,carbodiimide,567,21,32,0.03829857331254019,background,,False
C43,C57,DPP-Cl,DCC,other,carbodiimide,562,21,32,0.04892670525426501,background,,False
C43,C58,DPP-Cl,DCC,other,carbodiimide,566,21,31,0.006002860291832321,background,,False
C43,C59,DPP-Cl,CITU,other,other,558,21,32,0.003828089219942217,background,,False
C43,C6,DPP-Cl,TBTU,other,other,555,21,32,-0.048790770216702084,background,,False
C43,C60,DPP-Cl,EDC-HCl,other,carbodiimide,569,21,32,-0.04901323165120164,background,,False
C43,C61,DPP-Cl,PyAOP,other,other,568,21,32,-0.020837868974101226,background,,False
C43,C62,DPP-Cl,TFFH,other,haloformamidinium,567,21,32,-0.022880871274913,background,,False
C43,C63,DPP-Cl,CDI,other,other,561,21,32,0.04198389193539719,background,,False
C43,C64,DPP-Cl,CDMT,other,other,552,21,32,-0.140058100802129,background,,False
C43,C65,DPP-Cl,CIP,other,other,527,21,31,0.005526423954804134,background,,False
C43,C66,DPP-Cl,DIC,other,carbodiimide,567,21,32,-0.10123251944795136,background,,False
C43,C67,DPP-Cl,EDC-HCl,other,carbodiimide,565,21,32,0.005177360892903882,background,,False
C43,C68,DPP-Cl,EDC-HCl,other,carbodiimide,569,21,32,0.03948801687514526,background,,False
C43,C69,DPP-Cl,EDC-HCl,other,carbodiimide,561,21,32,0.005456878203250151,background,,False
C43,C7,DPP-Cl,HDMC,other,other,553,21,32,-0.0775219361782879,background,,False
C43,C70,DPP-Cl,DCC,other,carbodiimide,562,21,32,0.09363599053353482,background,,False
C43,C71,DPP-Cl,DCC,other,carbodiimide,564,21,32,0.021984250471570266,background,,False
C43,C72,DPP-Cl,IBCF,other,other,542,21,32,-0.031590095641116395,background,,False
C43,C73,DPP-Cl,DCC,other,carbodiimide,546,21,32,-0.0008776416213977095,background,,False
C43,C74,DPP-Cl,EDC-HCl,other,carbodiimide,567,21,32,-0.071973007582746,background,,False
C43,C76,DPP-Cl,TCFH,other,haloformamidinium,566,21,32,-0.00802372853444807,background,,False
C43,C77,DPP-Cl,DCC,other,carbodiimide,569,21,32,-0.009452221068631446,background,,False
C43,C78,DPP-Cl,DCC,other,carbodiimide,568,21,32,-0.11049027576579712,background,,False
C43,C79,DPP-Cl,DCC,other,carbodiimide,565,21,32,-0.026333189946247337,background,,False
C43,C8,DPP-Cl,TCTU,other,other,549,21,32,-0.06684583289480095,background,,False
C43,C80,DPP-Cl,DCC,other,carbodiimide,554,21,32,-0.07693643242984882,background,,False
C43,C81,DPP-Cl,DCC,other,carbodiimide,535,20,31,-0.057314452804472615,background,,False
C43,C82,DPP-Cl,DCC,other,carbodiimide,560,21,32,-0.0019378438898778891,background,,False
C43,C83,DPP-Cl,DIC,other,carbodiimide,560,21,31,-0.08614112101779886,background,,False
C43,C84,DPP-Cl,DIC,other,carbodiimide,568,21,32,-0.02883271402353338,background,,False
C43,C85,DPP-Cl,DIC,other,carbodiimide,566,21,32,-0.04902003599500315,background,,False
C43,C86,DPP-Cl,DIC,other,carbodiimide,569,21,32,-0.05330885237436911,background,,False
C43,C87,DPP-Cl,EDC-HCl,other,carbodiimide,567,21,32,0.026254161451045796,background,,False
C43,C88,DPP-Cl,EDC-HCl,other,carbodiimide,556,21,32,-0.09315603234611891,background,,False
C43,C89,DPP-Cl,EDC-HCl,other,carbodiimide,547,20,32,-0.040149204772428226,background,,False
C43,C9,DPP-Cl,TDBTU,other,other,535,21,31,-0.026029585389478693,background,,False
C43,C90,DPP-Cl,EDC-HCl,other,carbodiimide,563,21,32,-0.05159371454255307,background,,False
C43,C91,DPP-Cl,EDC-HCl,other,carbodiimide,565,21,32,-0.05888638327319479,background,,False
C43,C92,DPP-Cl,HATU,other,other,570,21,32,0.007863697479394513,background,,False
C43,C93,DPP-Cl,TPTU,other,other,564,21,32,0.008299291720576807,background,,False
C43,C94,DPP-Cl,HBPYU,other,other,570,21,31,0.004875282707847664,background,,False
C43,C95,DPP-Cl,IIDQ,other,quinoline,568,21,31,-0.1118057660704227,background,,False
C43,C96,DPP-Cl,TOTU,other,other,540,21,32,-0.04400692853057002,background,,False
C44,C45,DMTMM,PyCIU,other,other,571,21,31,0.0005523622555192731,background,,False
C44,C46,DMTMM,BOPCl,other,other,567,21,31,-0.006413260505387208,background,,False
C44,C47,DMTMM,EDC-HCl,other,carbodiimide,566,21,31,0.02288337069730051,background,,False
C44,C48,DMTMM,TFFH,other,haloformamidinium,571,21,31,0.017289093955086245,background,,False
C44,C49,DMTMM,BTFFH,other,haloformamidinium,535,21,30,0.0751682276328072,background,,False
C44,C5,DMTMM,COMU,other,other,557,21,31,0.041942311041868185,background,,False
C44,C50,DMTMM,DCMT,other,other,571,21,31,-0.0005576061651439311,background,,False
C44,C51,DMTMM,EDC-HCl,other,carbodiimide,547,21,31,0.07653372608777545,background,,False
C44,C52,DMTMM,EDC-HCl,other,carbodiimide,568,21,31,0.02413893928232405,background,,False
C44,C53,DMTMM,EDC-HCl,other,carbodiimide,563,21,31,0.04634967589024663,background,,False
C44,C54,DMTMM,EDC-HCl,other,carbodiimide,564,21,31,0.009688331011255907,background,,False
C44,C55,DMTMM,DCC,other,carbodiimide,546,21,30,0.04026684453288894,background,,False
C44,C56,DMTMM,DCC,other,carbodiimide,568,21,31,0.05029624425486495,background,,False
C44,C57,DMTMM,DCC,other,carbodiimide,563,21,31,0.0579478501948579,background,,False
C44,C58,DMTMM,DCC,other,carbodiimide,567,21,30,0.02639790928174915,background,,False
C44,C59,DMTMM,CITU,other,other,558,21,31,0.03232386222701789,background,,False
C44,C6,DMTMM,TBTU,other,other,555,21,31,-0.03784394733564678,background,,False
C44,C60,DMTMM,EDC-HCl,other,carbodiimide,569,21,31,-0.04306957721674587,background,,False
C44,C61,DMTMM,PyAOP,other,other,569,21,31,-0.011526868179454697,background,,False
C44,C62,DMTMM,TFFH,other,haloformamidinium,569,21,31,0.005171783692181515,background,,False
C44,C63,DMTMM,CDI,other,other,562,21,31,0.05230199812088521,background,,False
C44,C64,DMTMM,CDMT,other,other,553,21,31,-0.11667357681792678,background,,False
C44,C65,DMTMM,CIP,other,other,527,21,30,0.032975698880453,background,,False
C44,C66,DMTMM,DIC,other,carbodiimide,568,21,31,-0.08675974956482796,background,,False
C44,C67,DMTMM,EDC-HCl,other,carbodiimide,566,21,31,0.014308552791235607,background,,False
C44,C68,DMTMM,EDC-HCl,other,carbodiimide,569,21,31,0.05218184425049521,background,,False
C44,C69,DMTMM,EDC-HCl,other,carbodiimide,562,21,31,0.021154347272998975,background,,False
C44,C7,DMTMM,HDMC,other,other,554,21,31,-0.06797237864544914,background,,False
C44,C70,DMTMM,DCC,other,carbodiimide,563,21,31,0.10097125218312689,background,,False
C44,C71,DMTMM,DCC,other,carbodiimide,565,21,31,0.03599927487724522,background,,False
C44,C72,DMTMM,IBCF,other,other,545,21,31,-0.00442345905902288,background,,False
C44,C73,DMTMM,DCC,other,carbodiimide,547,21,31,0.02130977014522553,background,,False
C44,C74,DMTMM,EDC-HCl,other,carbodiimide,568,21,31,-0.06424195863173976,background,,False
C44,C76,DMTMM,TCFH,other,haloformamidinium,567,21,31,0.01769062736196401,background,,False
C44,C77,DMTMM,DCC,other,carbodiimide,570,21,31,0.017025622317392262,background,,False
C44,C78,DMTMM,DCC,other,carbodiimide,568,21,31,-0.10124276457481363,background,,False
C44,C79,DMTMM,DCC,other,carbodiimide,566,21,31,-0.01493662330783907,background,,False
C44,C8,DMTMM,TCTU,other,other,550,21,31,-0.055486917451504636,background,,False
C44,C80,DMTMM,DCC,other,carbodiimide,554,21,31,-0.06672044029870838,background,,False
C44,C81,DMTMM,DCC,other,carbodiimide,537,20,31,-0.04340827468251568,background,,False
C44,C82,DMTMM,DCC,other,carbodiimide,560,21,31,0.02505152182493809,background,,False
C44,C83,DMTMM,DIC,other,carbodiimide,561,21,30,-0.07045947741897812,background,,False
C44,C84,DMTMM,DIC,other,carbodiimide,569,21,31,-0.01130747338909377,background,,False
C44,C85,DMTMM,DIC,other,carbodiimide,567,21,31,-0.035799259144774886,background,,False
C44,C86,DMTMM,DIC,other,carbodiimide,570,21,31,-0.038100532864875525,background,,False
C44,C87,DMTMM,EDC-HCl,other,carbodiimide,568,21,31,0.04165040137134857,background,,False
C44,C88,DMTMM,EDC-HCl,other,carbodiimide,557,21,31,-0.08500992713506933,background,,False
C44,C89,DMTMM,EDC-HCl,other,carbodiimide,548,20,31,-0.02895430288908757,background,,False
C44,C9,DMTMM,TDBTU,other,other,536,21,30,-0.01566878987398279,background,,False
C44,C90,DMTMM,EDC-HCl,other,carbodiimide,563,21,31,-0.03970831307986805,background,,False
C44,C91,DMTMM,EDC-HCl,other,carbodiimide,566,21,31,-0.033606510370863374,background,,False
C44,C92,DMTMM,HATU,other,other,571,21,31,0.023717488262746805,background,,False
C44,C93,DMTMM,TPTU,other,other,565,21,31,0.019212900032916314,background,,False
C44,C94,DMTMM,HBPYU,other,other,572,21,31,0.023506108005757892,background,,False
C44,C95,DMTMM,IIDQ,other,quinoline,570,21,31,-0.09187843502843247,background,,False
C44,C96,DMTMM,TOTU,other,other,541,21,31,-0.02282810797891356,background,,False
C45,C46,PyCIU,BOPCl,other,other,568,21,32,-0.02027745217377496,background,,False
C45,C47,PyCIU,EDC-HCl,other,carbodiimide,566,21,32,0.017339407743947294,background,,False
C45,C48,PyCIU,TFFH,other,haloformamidinium,570,21,31,0.018098200665158354,background,,False
C45,C49,PyCIU,BTFFH,other,haloformamidinium,535,21,31,0.06438228099270074,background,,False
C45,C5,PyCIU,COMU,other,other,557,21,32,0.025216981072099173,background,,False
C45,C50,PyCIU,DCMT,other,other,571,21,32,-0.01109228686855955,background,,False
C45,C51,PyCIU,EDC-HCl,other,carbodiimide,547,21,32,0.06150218135090428,background,,False
C45,C52,PyCIU,EDC-HCl,other,carbodiimide,568,21,32,0.029880144576407974,background,,False
C45,C53,PyCIU,EDC-HCl,other,carbodiimide,563,21,32,0.04917370416156569,background,,False
C45,C54,PyCIU,EDC-HCl,other,carbodiimide,563,21,32,0.0035877548455306926,background,,False
C45,C55,PyCIU,DCC,other,carbodiimide,546,21,31,0.009768088277488901,background,,False
C45,C56,PyCIU,DCC,other,carbodiimide,568,21,32,0.05179835116448063,background,,False
C45,C57,PyCIU,DCC,other,carbodiimide,563,21,32,0.06278730917341453,background,,False
C45,C58,PyCIU,DCC,other,carbodiimide,567,21,31,0.01894858591312494,background,,False
C45,C59,PyCIU,CITU,other,other,558,21,32,0.018813015398713273,background,,False
C45,C6,PyCIU,TBTU,other,other,555,21,32,-0.04165723984565045,background,,False
C45,C60,PyCIU,EDC-HCl,other,carbodiimide,570,21,32,-0.03807284827616775,background,,False
C45,C61,PyCIU,PyAOP,other,other,569,21,32,-0.011108699147731882,background,,False
C45,C62,PyCIU,TFFH,other,haloformamidinium,569,21,32,-0.0030025277106627,background,,False
C45,C63,PyCIU,CDI,other,other,562,21,32,0.05668678537073886,background,,False
C45,C64,PyCIU,CDMT,other,other,554,21,32,-0.12902924956480788,background,,False
C45,C65,PyCIU,CIP,other,other,528,21,31,0.023836463872491817,background,,False
C45,C66,PyCIU,DIC,other,carbodiimide,568,21,32,-0.09117889757481051,background,,False
C45,C67,PyCIU,EDC-HCl,other,carbodiimide,566,21,32,0.017738027515155075,background,,False
C45,C68,PyCIU,EDC-HCl,other,carbodiimide,570,21,32,0.05202433643393865,background,,False
C45,C69,PyCIU,EDC-HCl,other,carbodiimide,562,21,32,0.01803216950751861,background,,False
C45,C7,PyCIU,HDMC,other,other,554,21,32,-0.06813899340698931,background,,False
C45,C70,PyCIU,DCC,other,carbodiimide,563,21,32,0.10973650933899803,background,,False
C45,C71,PyCIU,DCC,other,carbodiimide,565,21,32,0.03821625867876455,background,,False
C45,C72,PyCIU,IBCF,other,other,544,21,32,-0.022411426730824663,background,,False
C45,C73,PyCIU,DCC,other,carbodiimide,547,21,32,0.016439682157726995,background,,False
C45,C74,PyCIU,EDC-HCl,other,carbodiimide,568,21,32,-0.06141243243943467,background,,False
C45,C76,PyCIU,TCFH,other,haloformamidinium,567,21,32,0.005997369401342573,background,,False
C45,C77,PyCIU,DCC,other,carbodiimide,571,21,32,0.0066038181705571145,background,,False
C45,C78,PyCIU,DCC,other,carbodiimide,569,21,32,-0.09527161443880477,background,,False
C45,C79,PyCIU,DCC,other,carbodiimide,566,21,32,-0.015194679798068378,background,,False
C45,C8,PyCIU,TCTU,other,other,550,21,32,-0.05745102857894285,background,,False
C45,C80,PyCIU,DCC,other,carbodiimide,555,21,32,-0.05924973685056978,background,,False
C45,C81,PyCIU,DCC,other,carbodiimide,536,20,31,-0.042496204728492276,background,,False
C45,C82,PyCIU,DCC,other,carbodiimide,561,21,32,0.015219504137046369,background,,False
C45,C83,PyCIU,DIC,other,carbodiimide,561,21,31,-0.0750041796848877,background,,False
C45,C84,PyCIU,DIC,other,carbodiimide,569,21,32,-0.01736894993911764,background,,False
C45,C85,PyCIU,DIC,other,carbodiimide,567,21,32,-0.03694012099104518,background,,False
C45,C86,PyCIU,DIC,other,carbodiimide,570,21,32,-0.041989051578244174,background,,False
C45,C87,PyCIU,EDC-HCl,other,carbodiimide,568,21,32,0.04257610333318171,background,,False
C45,C88,PyCIU,EDC-HCl,other,carbodiimide,557,21,32,-0.07944251930562979,background,,False
C45,C89,PyCIU,EDC-HCl,other,carbodiimide,548,20,32,-0.02710701133241289,background,,False
C45,C9,PyCIU,TDBTU,other,other,536,21,31,-0.02505269971487084,background,,False
C45,C90,PyCIU,EDC-HCl,other,carbodiimide,564,21,32,-0.040351751878906494,background,,False
C45,C91,PyCIU,EDC-HCl,other,carbodiimide,566,21,32,-0.04719214353400919,background,,False
C45,C92,PyCIU,HATU,other,other,571,21,32,0.020286594637016868,background,,False
C45,C93,PyCIU,TPTU,other,other,565,21,32,0.01914440708082321,background,,False
C45,C94,PyCIU,HBPYU,other,other,571,21,31,0.022201559655867995,background,,False
C45,C95,PyCIU,IIDQ,other,quinoline,569,21,31,-0.09321303414644778,background,,False
C45,C96,PyCIU,TOTU,other,other,542,21,32,-0.027375089916798018,background,,False
C46,C47,BOPCl,EDC-HCl,other,carbodiimide,563,21,32,0.03705889432871863,background,,False
C46,C48,BOPCl,TFFH,other,haloformamidinium,567,21,31,0.02430295104544901,background,,False
C46,C49,BOPCl,BTFFH,other,haloformamidinium,532,21,31,0.07796737020502797,background,,False
C46,C5,BOPCl,COMU,other,other,554,21,32,0.048862634305724156,background,,False
C46,C50,BOPCl,DCMT,other,other,568,21,32,0.0066596491164263305,background,,False
C46,C51,BOPCl,EDC-HCl,other,carbodiimide,545,21,32,0.08679036173722002,background,,False
C46,C52,BOPCl,EDC-HCl,other,carbodiimide,565,21,32,0.048373450044951055,background,,False
C46,C53,BOPCl,EDC-HCl,other,carbodiimide,560,21,32,0.06914946719380652,background,,False
C46,C54,BOPCl,EDC-HCl,other,carbodiimide,560,21,32,0.02240263225502235,background,,False
C46,C55,BOPCl,DCC,other,carbodiimide,544,21,31,0.0359790273339417,background,,False
C46,C56,BOPCl,DCC,other,carbodiimide,565,21,32,0.07051412398228975,background,,False
C46,C57,BOPCl,DCC,other,carbodiimide,560,21,32,0.08299758021762016,background,,False
C46,C58,BOPCl,DCC,other,carbodiimide,564,21,31,0.04065018516282698,background,,False
C46,C59,BOPCl,CITU,other,other,555,21,32,0.04109125301277455,background,,False
C46,C6,BOPCl,TBTU,other,other,552,21,32,-0.02048661779760874,background,,False
C46,C60,BOPCl,EDC-HCl,other,carbodiimide,566,21,32,-0.018093252991804143,background,,False
C46,C61,BOPCl,PyAOP,other,other,566,21,32,0.008156015382460469,background,,False
C46,C62,BOPCl,TFFH,other,haloformamidinium,566,21,32,0.01305765129794291,background,,False
C46,C63,BOPCl,CDI,other,other,560,21,32,0.07488574683622329,background,,False
C46,C64,BOPCl,CDMT,other,other,552,21,32,-0.10659351068973019,background,,False
C46,C65,BOPCl,CIP,other,other,523,21,31,0.03979095271788025,background,,False
C46,C66,BOPCl,DIC,other,carbodiimide,566,21,32,-0.06622713289633719,background,,False
C46,C67,BOPCl,EDC-HCl,other,carbodiimide,563,21,32,0.037534098033477126,background,,False
C46,C68,BOPCl,EDC-HCl,other,carbodiimide,566,21,32,0.07190883366791305,background,,False
C46,C69,BOPCl,EDC-HCl,other,carbodiimide,560,21,32,0.03644308154465126,background,,False
C46,C7,BOPCl,HDMC,other,other,551,21,32,-0.04828249577842236,background,,False
C46,C70,BOPCl,DCC,other,carbodiimide,560,21,32,0.12677728785301884,background,,False
C46,C71,BOPCl,DCC,other,carbodiimide,562,21,32,0.05212796852611082,background,,False
C46,C72,BOPCl,IBCF,other,other,541,21,32,-0.0023486010494680187,background,,False
C46,C73,BOPCl,DCC,other,carbodiimide,544,21,32,0.03716853475400915,background,,False
C46,C74,BOPCl,EDC-HCl,other,carbodiimide,567,21,32,-0.04022188203706406,background,,False
C46,C76,BOPCl,TCFH,other,haloformamidinium,565,21,32,0.025880380080482497,background,,False
C46,C77,BOPCl,DCC,other,carbodiimide,568,21,32,0.02496238242341442,background,,False
C46,C78,BOPCl,DCC,other,carbodiimide,565,21,32,-0.08154753411065219,background,,False
C46,C79,BOPCl,DCC,other,carbodiimide,563,21,32,0.006701608010741045,background,,False
C46,C8,BOPCl,TCTU,other,other,547,21,32,-0.03469268710626994,background,,False
C46,C80,BOPCl,DCC,other,carbodiimide,551,21,32,-0.044174858303148656,background,,False
C46,C81,BOPCl,DCC,other,carbodiimide,533,20,31,-0.03436934867484298,background,,False
C46,C82,BOPCl,DCC,other,carbodiimide,557,21,32,0.0344436319452841,background,,False
C46,C83,BOPCl,DIC,other,carbodiimide,558,21,31,-0.05241512444464569,background,,False
C46,C84,BOPCl,DIC,other,carbodiimide,566,21,32,0.004237080325145026,background,,False
C46,C85,BOPCl,DIC,other,carbodiimide,564,21,32,-0.016852039065608365,background,,False
C46,C86,BOPCl,DIC,other,carbodiimide,567,21,32,-0.02107829982098053,background,,False
C46,C87,BOPCl,EDC-HCl,other,carbodiimide,565,21,32,0.06156195947849191,background,,False
C46,C88,BOPCl,EDC-HCl,other,carbodiimide,554,21,32,-0.060276474078509445,background,,False
C46,C89,BOPCl,EDC-HCl,other,carbodiimide,545,20,32,-0.007731553724396101,background,,False
C46,C9,BOPCl,TDBTU,other,other,533,21,31,-0.002343885403843504,background,,False
C46,C90,BOPCl,EDC-HCl,other,carbodiimide,560,21,32,-0.021563227946858776,background,,False
C46,C91,BOPCl,EDC-HCl,other,carbodiimide,563,21,32,-0.025600647482533823,background,,False
C46,C92,BOPCl,HATU,other,other,568,21,32,0.040976559529930776,background,,False
C46,C93,BOPCl,TPTU,other,other,562,21,32,0.03966908465485902,background,,False
C46,C94,BOPCl,HBPYU,other,other,568,21,31,0.028072422362338062,background,,False
C46,C95,BOPCl,IIDQ,other,quinoline,566,21,31,-0.08727881180576297,background,,False
C46,C96,BOPCl,TOTU,other,other,539,21,32,-0.010575377095259,background,,False
C47,C48,EDC-HCl,TFFH,carbodiimide,haloformamidinium,566,21,31,-0.005522841825399423,background,,False
C47,C49,EDC-HCl,BTFFH,carbodiimide,haloformamidinium,531,21,31,0.048356469926378536,background,,False
C47,C5,EDC-HCl,COMU,carbodiimide,other,553,21,32,0.01009776344019521,background,,False
C47,C50,EDC-HCl,DCMT,carbodiimide,other,568,21,32,-0.027226131331841444,background,,False
C47,C51,EDC-HCl,EDC-HCl,carbodiimide,carbodiimide,543,21,32,0.05473575766060221,background,,False
C47,C52,EDC-HCl,EDC-HCl,carbodiimide,carbodiimide,565,21,32,0.011966764965115034,background,,False
C47,C53,EDC-HCl,EDC-HCl,carbodiimide,carbodiimide,560,21,32,0.03154513182444153,background,,False
C47,C54,EDC-HCl,EDC-HCl,carbodiimide,carbodiimide,562,21,32,-0.012641642570050612,background,,False
C47,C55,EDC-HCl,DCC,carbodiimide,carbodiimide,542,21,31,0.006417718930370912,background,,False
C47,C56,EDC-HCl,DCC,carbodiimide,carbodiimide,565,21,32,0.035413276215063655,background,,False
C47,C57,EDC-HCl,DCC,carbodiimide,carbodiimide,560,21,32,0.045202809777803166,background,,False
C47,C58,EDC-HCl,DCC,carbodiimide,carbodiimide,563,21,31,0.00426143428248002,background,,False
C47,C59,EDC-HCl,CITU,carbodiimide,other,554,21,32,-3.999029918153041e-05,background,,False
C47,C6,EDC-HCl,TBTU,carbodiimide,other,551,21,32,-0.05350819660007683,background,,False
C47,C60,EDC-HCl,EDC-HCl,carbodiimide,carbodiimide,565,21,32,-0.05350489261034608,background,,False
C47,C61,EDC-HCl,PyAOP,carbodiimide,other,565,21,32,-0.026466862547200543,background,,False
C47,C62,EDC-HCl,TFFH,carbodiimide,haloformamidinium,564,21,32,-0.02195283479923075,background,,False
C47,C63,EDC-HCl,CDI,carbodiimide,other,560,21,32,0.03798964625194672,background,,False
C47,C64,EDC-HCl,CDMT,carbodiimide,other,550,21,32,-0.14166620535441982,background,,False
C47,C65,EDC-HCl,CIP,carbodiimide,other,523,21,31,0.009296956938614827,background,,False
C47,C66,EDC-HCl,DIC,carbodiimide,carbodiimide,564,21,32,-0.10340563285256515,background,,False
C47,C67,EDC-HCl,EDC-HCl,carbodiimide,carbodiimide,562,21,32,0.002652047844500016,background,,False
C47,C68,EDC-HCl,EDC-HCl,carbodiimide,carbodiimide,565,21,32,0.035983974402203744,background,,False
C47,C69,EDC-HCl,EDC-HCl,carbodiimide,carbodiimide,559,21,32,0.000640914840857959,background,,False
C47,C7,EDC-HCl,HDMC,carbodiimide,other,550,21,32,-0.08365667933927406,background,,False
C47,C70,EDC-HCl,DCC,carbodiimide,carbodiimide,559,21,32,0.09170448176303928,background,,False
C47,C71,EDC-HCl,DCC,carbodiimide,carbodiimide,562,21,32,0.018865671815065405,background,,False
C47,C72,EDC-HCl,IBCF,carbodiimide,other,541,21,32,-0.03181847556150553,background,,False
C47,C73,EDC-HCl,DCC,carbodiimide,carbodiimide,543,21,32,-0.0006680765876772299,background,,False
C47,C74,EDC-HCl,EDC-HCl,carbodiimide,carbodiimide,564,21,32,-0.0748686903163191,background,,False
C47,C76,EDC-HCl,TCFH,carbodiimide,haloformamidinium,565,21,32,-0.009996552975292675,background,,False
C47,C77,EDC-HCl,DCC,carbodiimide,carbodiimide,566,21,32,-0.009986800249951855,background,,False
C47,C78,EDC-HCl,DCC,carbodiimide,carbodiimide,564,21,32,-0.11689702799883711,background,,False
C47,C79,EDC-HCl,DCC,carbodiimide,carbodiimide,563,21,32,-0.03127614865115963,background,,False
C47,C8,EDC-HCl,TCTU,carbodiimide,other,546,21,32,-0.07261377061606272,background,,False
C47,C80,EDC-HCl,DCC,carbodiimide,carbodiimide,550,21,32,-0.07817644974174276,background,,False
C47,C81,EDC-HCl,DCC,carbodiimide,carbodiimide,533,20,31,-0.06829324645580837,background,,False
C47,C82,EDC-HCl,DCC,carbodiimide,carbodiimide,556,21,32,-0.0011446292788610812,background,,False
C47,C83,EDC-HCl,DIC,carbodiimide,carbodiimide,557,21,31,-0.08910336828702542,background,,False
C47,C84,EDC-HCl,DIC,carbodiimide,carbodiimide,566,21,32,-0.031608729141344716,background,,False
C47,C85,EDC-HCl,DIC,carbodiimide,carbodiimide,563,21,32,-0.05113042983536492,background,,False
C47,C86,EDC-HCl,DIC,carbodiimide,carbodiimide,566,21,32,-0.05680045690559876,background,,False
C47,C87,EDC-HCl,EDC-HCl,carbodiimide,carbodiimide,566,21,32,0.025755267121582076,background,,False
C47,C88,EDC-HCl,EDC-HCl,carbodiimide,carbodiimide,554,21,32,-0.09295395061897999,background,,False
C47,C89,EDC-HCl,EDC-HCl,carbodiimide,carbodiimide,545,20,32,-0.046078983132681384,background,,False
C47,C9,EDC-HCl,TDBTU,carbodiimide,other,532,21,31,-0.030119675591357975,background,,False
C47,C90,EDC-HCl,EDC-HCl,carbodiimide,carbodiimide,559,21,32,-0.05515845396926522,background,,False
C47,C91,EDC-HCl,EDC-HCl,carbodiimide,carbodiimide,562,21,32,-0.06009501527353406,background,,False
C47,C92,EDC-HCl,HATU,carbodiimide,other,567,21,32,0.006194608390683212,background,,False
C47,C93,EDC-HCl,TPTU,carbodiimide,other,562,21,32,0.003345473370201968,background,,False
C47,C94,EDC-HCl,HBPYU,carbodiimide,other,567,21,31,0.0009970077753503476,background,,False
C47,C95,EDC-HCl,IIDQ,carbodiimide,quinoline,565,21,31,-0.1146037863648903,target,0.1146037863648903,True
C47,C96,EDC-HCl,TOTU,carbodiimide,other,537,21,32,-0.04842036454611845,background,,False
C48,C49,TFFH,BTFFH,haloformamidinium,haloformamidinium,535,21,30,0.05612619471122886,background,,False
C48,C5,TFFH,COMU,haloformamidinium,other,557,21,31,0.022553471923423107,background,,False
C48,C50,TFFH,DCMT,haloformamidinium,other,571,21,31,-0.018216484953557197,background,,False
C48,C51,TFFH,EDC-HCl,haloformamidinium,carbodiimide,547,21,31,0.05797154734553523,background,,False
C48,C52,TFFH,EDC-HCl,haloformamidinium,carbodiimide,568,21,31,0.004954271132490917,background,,False
C48,C53,TFFH,EDC-HCl,haloformamidinium,carbodiimide,563,21,31,0.02910748499289814,background,,False
C48,C54,TFFH,EDC-HCl,haloformamidinium,carbodiimide,563,21,31,-0.008075468665360241,background,,False
C48,C55,TFFH,DCC,haloformamidinium,carbodiimide,546,21,30,0.022102238799010018,background,,False
C48,C56,TFFH,DCC,haloformamidinium,carbodiimide,568,21,31,0.03281952397360541,background,,False
C48,C57,TFFH,DCC,haloformamidinium,carbodiimide,564,21,31,0.040908461042728356,background,,False
C48,C58,TFFH,DCC,haloformamidinium,carbodiimide,567,21,30,0.008735084036591123,background,,False
C48,C59,TFFH,CITU,haloformamidinium,other,558,21,31,0.014289053723047541,background,,False
C48,C6,TFFH,TBTU,haloformamidinium,other,556,21,31,-0.05627354433629689,background,,False
C48,C60,TFFH,EDC-HCl,haloformamidinium,carbodiimide,569,21,31,-0.06029584100018531,background,,False
C48,C61,TFFH,PyAOP,haloformamidinium,other,569,21,31,-0.03255982523433437,background,,False
C48,C62,TFFH,TFFH,haloformamidinium,haloformamidinium,568,21,31,-0.01183972185175473,background,,False
C48,C63,TFFH,CDI,haloformamidinium,other,562,21,31,0.03560958052095538,background,,False
C48,C64,TFFH,CDMT,haloformamidinium,other,554,21,31,-0.13420915113609777,background,,False
C48,C65,TFFH,CIP,haloformamidinium,other,527,21,30,0.013499143034011236,background,,False
C48,C66,TFFH,DIC,haloformamidinium,carbodiimide,568,21,31,-0.10650313973915332,background,,False
C48,C67,TFFH,EDC-HCl,haloformamidinium,carbodiimide,566,21,31,-0.00435477377982843,background,,False
C48,C68,TFFH,EDC-HCl,haloformamidinium,carbodiimide,569,21,31,0.035541613616401235,background,,False
C48,C69,TFFH,EDC-HCl,haloformamidinium,carbodiimide,562,21,31,0.004332115935204717,background,,False
C48,C7,TFFH,HDMC,haloformamidinium,other,554,21,31,-0.0876633331475819,background,,False
C48,C70,TFFH,DCC,haloformamidinium,carbodiimide,563,21,31,0.08305212093746646,background,,False
C48,C71,TFFH,DCC,haloformamidinium,carbodiimide,565,21,31,0.017686654494684234,background,,False
C48,C72,TFFH,IBCF,haloformamidinium,other,543,21,31,-0.022140624009859843,background,,False
C48,C73,TFFH,DCC,haloformamidinium,carbodiimide,547,21,31,0.00295862920463974,background,,False
C48,C74,TFFH,EDC-HCl,haloformamidinium,carbodiimide,568,21,31,-0.08263750063368358,background,,False
C48,C76,TFFH,TCFH,haloformamidinium,haloformamidinium,567,21,31,0.00039780262899832657,background,,False
C48,C77,TFFH,DCC,haloformamidinium,carbodiimide,570,21,31,-0.0016246161408259643,background,,False
C48,C78,TFFH,DCC,haloformamidinium,carbodiimide,568,21,31,-0.11999708825372762,background,,False
C48,C79,TFFH,DCC,haloformamidinium,carbodiimide,566,21,31,-0.03232729984411836,background,,False
C48,C8,TFFH,TCTU,haloformamidinium,other,550,21,31,-0.07530191928222008,background,,False
C48,C80,TFFH,DCC,haloformamidinium,carbodiimide,555,21,31,-0.0857400809348019,background,,False
C48,C81,TFFH,DCC,haloformamidinium,carbodiimide,537,20,31,-0.06137445526540192,background,,False
C48,C82,TFFH,DCC,haloformamidinium,carbodiimide,560,21,31,0.0062913873863382,background,,False
C48,C83,TFFH,DIC,haloformamidinium,carbodiimide,561,21,30,-0.09128512053389043,background,,False
C48,C84,TFFH,DIC,haloformamidinium,carbodiimide,569,21,31,-0.030810271934654854,background,,False
C48,C85,TFFH,DIC,haloformamidinium,carbodiimide,567,21,31,-0.05365999341492278,background,,False
C48,C86,TFFH,DIC,haloformamidinium,carbodiimide,570,21,31,-0.05693046680312547,background,,False
C48,C87,TFFH,EDC-HCl,haloformamidinium,carbodiimide,568,21,31,0.022920347101881247,background,,False
C48,C88,TFFH,EDC-HCl,haloformamidinium,carbodiimide,558,21,31,-0.104410191789572,background,,False
C48,C89,TFFH,EDC-HCl,haloformamidinium,carbodiimide,548,20,31,-0.04835771978187736,background,,False
C48,C9,TFFH,TDBTU,haloformamidinium,other,536,21,30,-0.035377701897945035,background,,False
C48,C90,TFFH,EDC-HCl,haloformamidinium,carbodiimide,563,21,31,-0.05859144473793593,background,,False
C48,C91,TFFH,EDC-HCl,haloformamidinium,carbodiimide,566,21,31,-0.052730350361205935,background,,False
C48,C92,TFFH,HATU,haloformamidinium,other,571,21,31,0.004851961875001115,background,,False
C48,C93,TFFH,TPTU,haloformamidinium,other,565,21,31,-0.0006731222502700529,background,,False
C48,C94,TFFH,HBPYU,haloformamidinium,other,572,21,31,0.006797697147766152,background,,False
C48,C95,TFFH,IIDQ,haloformamidinium,quinoline,570,21,31,-0.10886666131324364,target,0.10886666131324364,True
C48,C96,TFFH,TOTU,haloformamidinium,other,543,21,31,-0.03946972706469955,background,,False
C49,C5,BTFFH,COMU,haloformamidinium,other,525,21,31,-0.033706866904690984,background,,False
C49,C50,BTFFH,DCMT,haloformamidinium,other,537,21,31,-0.07843122609751697,background,,False
C49,C51,BTFFH,EDC-HCl,haloformamidinium,carbodiimide,514,21,31,-0.00246697562730757,background,,False
C49,C52,BTFFH,EDC-HCl,haloformamidinium,carbodiimide,533,21,31,-0.03334751778232925,background,,False
C49,C53,BTFFH,EDC-HCl,haloformamidinium,carbodiimide,529,21,31,-0.03510816817482468,background,,False
C49,C54,BTFFH,EDC-HCl,haloformamidinium,carbodiimide,528,21,31,-0.06066785167328438,background,,False
C49,C55,BTFFH,DCC,haloformamidinium,carbodiimide,513,21,30,-0.06253627372851074,background,,False
C49,C56,BTFFH,DCC,haloformamidinium,carbodiimide,533,21,31,-0.012010066599984506,background,,False
C49,C57,BTFFH,DCC,haloformamidinium,carbodiimide,530,21,31,-0.014201137720408236,background,,False
C49,C58,BTFFH,DCC,haloformamidinium,carbodiimide,534,21,31,-0.04510646725235797,background,,False
C49,C59,BTFFH,CITU,haloformamidinium,other,524,21,31,-0.05338044583548168,background,,False
C49,C6,BTFFH,TBTU,haloformamidinium,other,523,21,31,-0.1103502925323358,background,,False
C49,C60,BTFFH,EDC-HCl,haloformamidinium,carbodiimide,535,21,31,-0.09707081840052531,background,,False
C49,C61,BTFFH,PyAOP,haloformamidinium,other,534,21,31,-0.06575628767500372,background,,False
C49,C62,BTFFH,TFFH,haloformamidinium,haloformamidinium,533,21,31,-0.07445423124332376,background,,False
C49,C63,BTFFH,CDI,haloformamidinium,other,527,21,31,-0.020038738548312583,background,,False
C49,C64,BTFFH,CDMT,haloformamidinium,other,518,21,31,-0.18361410659170702,background,,False
C49,C65,BTFFH,CIP,haloformamidinium,other,512,21,31,-0.03488087328867451,background,,False
C49,C66,BTFFH,DIC,haloformamidinium,carbodiimide,533,21,31,-0.13593906518202598,background,,False
C49,C67,BTFFH,EDC-HCl,haloformamidinium,carbodiimide,532,21,31,-0.04197247674873124,background,,False
C49,C68,BTFFH,EDC-HCl,haloformamidinium,carbodiimide,534,21,31,-0.02523255323104593,background,,False
C49,C69,BTFFH,EDC-HCl,haloformamidinium,carbodiimide,527,21,31,-0.0668331865735722,background,,False
C49,C7,BTFFH,HDMC,haloformamidinium,other,522,21,31,-0.1255997872354559,background,,False
C49,C70,BTFFH,DCC,haloformamidinium,carbodiimide,529,21,31,0.03707326578507156,background,,False
C49,C71,BTFFH,DCC,haloformamidinium,carbodiimide,530,21,31,-0.03097377413852824,background,,False
C49,C72,BTFFH,IBCF,haloformamidinium,other,510,21,31,-0.08692765723212265,background,,False
C49,C73,BTFFH,DCC,haloformamidinium,carbodiimide,521,21,31,-0.062090401357089806,background,,False
C49,C74,BTFFH,EDC-HCl,haloformamidinium,carbodiimide,533,21,31,-0.12750807878045928,background,,False
C49,C76,BTFFH,TCFH,haloformamidinium,haloformamidinium,532,21,31,-0.06033329967585757,background,,False
C49,C77,BTFFH,DCC,haloformamidinium,carbodiimide,535,21,31,-0.06151885695911207,background,,False
C49,C78,BTFFH,DCC,haloformamidinium,carbodiimide,533,21,31,-0.15130121059033153,background,,False
C49,C79,BTFFH,DCC,haloformamidinium,carbodiimide,531,21,31,-0.07341142530029074,background,,False
C49,C8,BTFFH,TCTU,haloformamidinium,other,519,21,31,-0.11971837880792324,background,,False
C49,C80,BTFFH,DCC,haloformamidinium,carbodiimide,520,21,31,-0.12694023011924369,background,,False
C49,C81,BTFFH,DCC,haloformamidinium,carbodiimide,513,20,30,-0.1049445607209224,background,,False
C49,C82,BTFFH,DCC,haloformamidinium,carbodiimide,529,21,31,-0.054894595367280294,background,,False
C49,C83,BTFFH,DIC,haloformamidinium,carbodiimide,528,21,31,-0.13561290748922625,background,,False
C49,C84,BTFFH,DIC,haloformamidinium,carbodiimide,534,21,31,-0.07657404941704757,background,,False
C49,C85,BTFFH,DIC,haloformamidinium,carbodiimide,533,21,31,-0.09932339406837745,background,,False
C49,C86,BTFFH,DIC,haloformamidinium,carbodiimide,535,21,31,-0.0985417131793056,background,,False
C49,C87,BTFFH,EDC-HCl,haloformamidinium,carbodiimide,533,21,31,-0.02085055668463431,background,,False
C49,C88,BTFFH,EDC-HCl,haloformamidinium,carbodiimide,522,21,31,-0.13241107167446062,background,,False
C49,C89,BTFFH,EDC-HCl,haloformamidinium,carbodiimide,517,20,31,-0.08983160319928496,background,,False
C49,C9,BTFFH,TDBTU,haloformamidinium,other,507,21,31,-0.08770427518740839,background,,False
C49,C90,BTFFH,EDC-HCl,haloformamidinium,carbodiimide,533,21,31,-0.10202939505447287,background,,False
C49,C91,BTFFH,EDC-HCl,haloformamidinium,carbodiimide,531,21,31,-0.1019580102593027,background,,False
C49,C92,BTFFH,HATU,haloformamidinium,other,536,21,31,-0.03905315836750631,background,,False
C49,C93,BTFFH,TPTU,haloformamidinium,other,530,21,31,-0.059146931418128657,background,,False
C49,C94,BTFFH,HBPYU,haloformamidinium,other,536,21,30,-0.043851418920828236,background,,False
C49,C95,BTFFH,IIDQ,haloformamidinium,quinoline,535,21,30,-0.16295661300111403,target,0.16295661300111403,True
C49,C96,BTFFH,TOTU,haloformamidinium,other,506,21,31,-0.09381803523500097,background,,False
C5,C50,COMU,DCMT,other,other,558,21,32,-0.03977335243526389,background,,False
C5,C51,COMU,EDC-HCl,other,carbodiimide,535,21,32,0.03155353311550273,background,,False
C5,C52,COMU,EDC-HCl,other,carbodiimide,555,21,32,0.010643690292879315,background,,False
C5,C53,COMU,EDC-HCl,other,carbodiimide,550,21,32,0.02236937791023637,background,,False
C5,C54,COMU,EDC-HCl,other,carbodiimide,550,21,32,-0.01958234154218449,background,,False
C5,C55,COMU,DCC,other,carbodiimide,535,21,31,-0.02337406765740352,background,,False
C5,C56,COMU,DCC,other,carbodiimide,555,21,32,0.029533742283134136,background,,False
C5,C57,COMU,DCC,other,carbodiimide,551,21,32,0.040965132425360214,background,,False
C5,C58,COMU,DCC,other,carbodiimide,554,21,31,5.188115047344982e-05,background,,False
C5,C59,COMU,CITU,other,other,545,21,32,-0.016637819271766108,background,,False
C5,C6,COMU,TBTU,other,other,549,21,32,-0.05928456315139102,background,,False
C5,C60,COMU,EDC-HCl,other,carbodiimide,557,21,32,-0.05658120552271054,background,,False
C5,C61,COMU,PyAOP,other,other,556,21,32,-0.030659752660248618,background,,False
C5,C62,COMU,TFFH,other,haloformamidinium,555,21,32,-0.04101078783952691,background,,False
C5,C63,COMU,CDI,other,other,551,21,32,0.03060245255411692,background,,False
C5,C64,COMU,CDMT,other,other,540,21,32,-0.14387994667605264,background,,False
C5,C65,COMU,CIP,other,other,514,21,31,-0.0001383195091143874,background,,False
C5,C66,COMU,DIC,other,carbodiimide,555,21,32,-0.09905217731372454,background,,False
C5,C67,COMU,EDC-HCl,other,carbodiimide,553,21,32,-0.0008114994172317563,background,,False
C5,C68,COMU,EDC-HCl,other,carbodiimide,556,21,32,0.030506085796121192,background,,False
C5,C69,COMU,EDC-HCl,other,carbodiimide,549,21,32,-0.0023777069996121164,background,,False
C5,C7,COMU,HDMC,other,other,546,21,32,-0.08800695900770775,background,,False
C5,C70,COMU,DCC,other,carbodiimide,550,21,32,0.08108455688142023,background,,False
C5,C71,COMU,DCC,other,carbodiimide,552,21,32,0.006794717512345068,background,,False
C5,C72,COMU,IBCF,other,other,531,21,31,-0.07021026943487696,background,,False
C5,C73,COMU,DCC,other,carbodiimide,536,21,32,-0.007493006860850971,background,,False
C5,C74,COMU,EDC-HCl,other,carbodiimide,555,21,32,-0.07938502445470105,background,,False
C5,C76,COMU,TCFH,other,haloformamidinium,554,21,32,-0.021536331694272187,background,,False
C5,C77,COMU,DCC,other,carbodiimide,557,21,32,-0.026053860675673612,background,,False
C5,C78,COMU,DCC,other,carbodiimide,556,21,32,-0.10817530191571567,background,,False
C5,C79,COMU,DCC,other,carbodiimide,553,21,32,-0.0344109862307761,background,,False
C5,C8,COMU,TCTU,other,other,540,21,32,-0.07193765425251783,background,,False
C5,C80,COMU,DCC,other,carbodiimide,541,21,32,-0.08262119798665246,background,,False
C5,C81,COMU,DCC,other,carbodiimide,523,20,31,-0.06130915373058754,background,,False
C5,C82,COMU,DCC,other,carbodiimide,547,21,32,-0.01448652120324155,background,,False
C5,C83,COMU,DIC,other,carbodiimide,549,21,31,-0.0906718167106404,background,,False
C5,C84,COMU,DIC,other,carbodiimide,556,21,32,-0.03226199418749609,background,,False
C5,C85,COMU,DIC,other,carbodiimide,554,21,32,-0.056846694080897556,background,,False
C5,C86,COMU,DIC,other,carbodiimide,557,21,32,-0.06231987258399167,background,,False
C5,C87,COMU,EDC-HCl,other,carbodiimide,555,21,32,0.015985039061372497,background,,False
C5,C88,COMU,EDC-HCl,other,carbodiimide,547,21,32,-0.0948897772266756,background,,False
C5,C89,COMU,EDC-HCl,other,carbodiimide,535,20,32,-0.03832880448714615,background,,False
C5,C9,COMU,TDBTU,other,other,528,21,31,-0.033710968933038765,background,,False
C5,C90,COMU,EDC-HCl,other,carbodiimide,550,21,32,-0.061335815517638725,background,,False
C5,C91,COMU,EDC-HCl,other,carbodiimide,554,21,32,-0.06812508547666213,background,,False
C5,C92,COMU,HATU,other,other,558,21,32,0.000364100460439748,background,,False
C5,C93,COMU,TPTU,other,other,552,21,32,-0.0004989117415750977,background,,False
C5,C94,COMU,HBPYU,other,other,558,21,31,-0.010109730386518457,background,,False
C5,C95,COMU,IIDQ,other,quinoline,556,21,31,-0.12825923700289846,background,,False
C5,C96,COMU,TOTU,other,other,528,21,32,-0.05668831676260386,background,,False
C50,C51,DCMT,EDC-HCl,other,carbodiimide,548,21,32,0.08176961739892463,background,,False
C50,C52,DCMT,EDC-HCl,other,carbodiimide,569,21,32,0.04045145826232113,background,,False
C50,C53,DCMT,EDC-HCl,other,carbodiimide,564,21,32,0.05905368772690994,background,,False
C50,C54,DCMT,EDC-HCl,other,carbodiimide,564,21,32,0.014138565894367794,background,,False
C50,C55,DCMT,DCC,other,carbodiimide,547,21,31,0.0343865475029607,background,,False
C50,C56,DCMT,DCC,other,carbodiimide,569,21,32,0.06163119913779813,background,,False
C50,C57,DCMT,DCC,other,carbodiimide,564,21,32,0.07360549359555779,background,,False
C50,C58,DCMT,DCC,other,carbodiimide,568,21,31,0.03456712694346567,background,,False
C50,C59,DCMT,CITU,other,other,560,21,32,0.029243299489651355,background,,False
C50,C6,DCMT,TBTU,other,other,556,21,32,-0.024636638995930327,background,,False
C50,C60,DCMT,EDC-HCl,other,carbodiimide,570,21,32,-0.025933054905836417,background,,False
C50,C61,DCMT,PyAOP,other,other,570,21,32,0.004473116634151009,background,,False
C50,C62,DCMT,TFFH,other,haloformamidinium,569,21,32,0.005573970694964396,background,,False
C50,C63,DCMT,CDI,other,other,563,21,32,0.0685625826118527,background,,False
C50,C64,DCMT,CDMT,other,other,554,21,32,-0.11659587430901863,background,,False
C50,C65,DCMT,CIP,other,other,528,21,31,0.036363967143235774,background,,False
C50,C66,DCMT,DIC,other,carbodiimide,569,21,32,-0.0768242403314277,background,,False
C50,C67,DCMT,EDC-HCl,other,carbodiimide,567,21,32,0.030066836460144353,background,,False
C50,C68,DCMT,EDC-HCl,other,carbodiimide,570,21,32,0.06428141698390546,background,,False
C50,C69,DCMT,EDC-HCl,other,carbodiimide,563,21,32,0.025930719969536248,background,,False
C50,C7,DCMT,HDMC,other,other,555,21,32,-0.054636445553916724,background,,False
C50,C70,DCMT,DCC,other,carbodiimide,564,21,32,0.11783693974716637,background,,False
C50,C71,DCMT,DCC,other,carbodiimide,566,21,32,0.04676071102281848,background,,False
C50,C72,DCMT,IBCF,other,other,545,21,32,-0.004025705815733133,background,,False
C50,C73,DCMT,DCC,other,carbodiimide,548,21,32,0.025258108413706848,background,,False
C50,C74,DCMT,EDC-HCl,other,carbodiimide,569,21,32,-0.04759916029329486,background,,False
C50,C76,DCMT,TCFH,other,haloformamidinium,569,21,32,0.01852037085908262,background,,False
C50,C77,DCMT,DCC,other,carbodiimide,571,21,32,0.016715017673065102,background,,False
C50,C78,DCMT,DCC,other,carbodiimide,569,21,32,-0.08870845444350084,background,,False
C50,C79,DCMT,DCC,other,carbodiimide,567,21,32,-0.005982289920856809,background,,False
C50,C8,DCMT,TCTU,other,other,551,21,32,-0.04337656088491609,background,,False
C50,C80,DCMT,DCC,other,carbodiimide,555,21,32,-0.05573022216170831,background,,False
C50,C81,DCMT,DCC,other,carbodiimide,537,20,31,-0.04616202976414219,background,,False
C50,C82,DCMT,DCC,other,carbodiimide,561,21,32,0.024788427295094784,background,,False
C50,C83,DCMT,DIC,other,carbodiimide,562,21,31,-0.05956232742432055,background,,False
C50,C84,DCMT,DIC,other,carbodiimide,571,21,32,-0.004758871288095601,background,,False
C50,C85,DCMT,DIC,other,carbodiimide,568,21,32,-0.025657258852408993,background,,False
C50,C86,DCMT,DIC,other,carbodiimide,571,21,32,-0.029914776604173854,background,,False
C50,C87,DCMT,EDC-HCl,other,carbodiimide,569,21,32,0.05297715537669252,background,,False
C50,C88,DCMT,EDC-HCl,other,carbodiimide,558,21,32,-0.0685562871109931,background,,False
C50,C89,DCMT,EDC-HCl,other,carbodiimide,550,20,32,-0.02083823818143632,background,,False
C50,C9,DCMT,TDBTU,other,other,537,21,31,-0.002134194332446604,background,,False
C50,C90,DCMT,EDC-HCl,other,carbodiimide,564,21,32,-0.029427080682154938,background,,False
C50,C91,DCMT,EDC-HCl,other,carbodiimide,567,21,32,-0.034679262682881185,background,,False
C50,C92,DCMT,HATU,other,other,572,21,32,0.032172822116477845,background,,False
C50,C93,DCMT,TPTU,other,other,566,21,32,0.031003925659768727,background,,False
C50,C94,DCMT,HBPYU,other,other,572,21,31,0.0229703892103153,background,,False
C50,C95,DCMT,IIDQ,other,quinoline,570,21,31,-0.0904672217033989,background,,False
C50,C96,DCMT,TOTU,other,other,542,21,32,-0.01842071039768972,background,,False
C51,C52,EDC-HCl,EDC-HCl,carbodiimide,carbodiimide,545,21,32,-0.045246529258847173,background,,False
C51,C53,EDC-HCl,EDC-HCl,carbodiimide,carbodiimide,540,21,32,-0.027375763034274414,background,,False
C51,C54,EDC-HCl,EDC-HCl,carbodiimide,carbodiimide,540,21,32,-0.07255131610009637,background,,False
C51,C55,EDC-HCl,DCC,carbodiimide,carbodiimide,544,21,31,-0.05383361657483116,background,,False
C51,C56,EDC-HCl,DCC,carbodiimide,carbodiimide,545,21,32,-0.023831203594939315,background,,False
C51,C57,EDC-HCl,DCC,carbodiimide,carbodiimide,540,21,32,-0.016127736868532513,background,,False
C51,C58,EDC-HCl,DCC,carbodiimide,carbodiimide,544,21,31,-0.054786503830413946,background,,False
C51,C59,EDC-HCl,CITU,carbodiimide,other,536,21,32,-0.049945605659013265,background,,False
C51,C6,EDC-HCl,TBTU,carbodiimide,other,533,21,32,-0.10592554426069001,background,,False
C51,C60,EDC-HCl,EDC-HCl,carbodiimide,carbodiimide,546,21,32,-0.10598052134731781,background,,False
C51,C61,EDC-HCl,PyAOP,carbodiimide,other,546,21,32,-0.07121184504347194,background,,False
C51,C62,EDC-HCl,TFFH,carbodiimide,haloformamidinium,545,21,32,-0.08106090345096176,background,,False
C51,C63,EDC-HCl,CDI,carbodiimide,other,540,21,32,-0.021850244113187027,background,,False
C51,C64,EDC-HCl,CDMT,carbodiimide,other,530,21,32,-0.18360764829051499,background,,False
C51,C65,EDC-HCl,CIP,carbodiimide,other,507,21,31,-0.039466350894935026,background,,False
C51,C66,EDC-HCl,DIC,carbodiimide,carbodiimide,547,21,32,-0.14266158876272828,background,,False
C51,C67,EDC-HCl,EDC-HCl,carbodiimide,carbodiimide,544,21,32,-0.05724614093776845,background,,False
C51,C68,EDC-HCl,EDC-HCl,carbodiimide,carbodiimide,546,21,32,-0.026804102951496572,background,,False
C51,C69,EDC-HCl,EDC-HCl,carbodiimide,carbodiimide,540,21,32,-0.06121080942229532,background,,False
C51,C7,EDC-HCl,HDMC,carbodiimide,other,532,21,32,-0.12859738272491106,background,,False
C51,C70,EDC-HCl,DCC,carbodiimide,carbodiimide,541,21,32,0.030802968614184183,background,,False
C51,C71,EDC-HCl,DCC,carbodiimide,carbodiimide,543,21,32,-0.03914922935689366,background,,False
C51,C72,EDC-HCl,IBCF,carbodiimide,other,540,21,32,-0.08868689026954552,background,,False
C51,C73,EDC-HCl,DCC,carbodiimide,carbodiimide,526,21,32,-0.05800924142187554,background,,False
C51,C74,EDC-HCl,EDC-HCl,carbodiimide,carbodiimide,545,21,32,-0.12932713051767092,background,,False
C51,C76,EDC-HCl,TCFH,carbodiimide,haloformamidinium,545,21,32,-0.06361520710792509,background,,False
C51,C77,EDC-HCl,DCC,carbodiimide,carbodiimide,547,21,32,-0.06696074126466856,background,,False
C51,C78,EDC-HCl,DCC,carbodiimide,carbodiimide,546,21,31,-0.15183254243464217,background,,False
C51,C79,EDC-HCl,DCC,carbodiimide,carbodiimide,543,21,32,-0.07478852833512634,background,,False
C51,C8,EDC-HCl,TCTU,carbodiimide,other,530,21,32,-0.10760125754865596,background,,False
C51,C80,EDC-HCl,DCC,carbodiimide,carbodiimide,531,21,32,-0.12845501859265296,background,,False
C51,C81,EDC-HCl,DCC,carbodiimide,carbodiimide,516,20,31,-0.10743004643426879,background,,False
C51,C82,EDC-HCl,DCC,carbodiimide,carbodiimide,538,21,32,-0.05914928926610057,background,,False
C51,C83,EDC-HCl,DIC,carbodiimide,carbodiimide,540,21,31,-0.12644150133786705,background,,False
C51,C84,EDC-HCl,DIC,carbodiimide,carbodiimide,546,21,32,-0.08068250995197157,background,,False
C51,C85,EDC-HCl,DIC,carbodiimide,carbodiimide,544,21,32,-0.10704314613795568,background,,False
C51,C86,EDC-HCl,DIC,carbodiimide,carbodiimide,547,21,32,-0.10323008078141577,background,,False
C51,C87,EDC-HCl,EDC-HCl,carbodiimide,carbodiimide,545,21,32,-0.026249181576486244,background,,False
C51,C88,EDC-HCl,EDC-HCl,carbodiimide,carbodiimide,534,21,32,-0.12755182762381576,background,,False
C51,C89,EDC-HCl,EDC-HCl,carbodiimide,carbodiimide,526,20,32,-0.09341091092955428,background,,False
C51,C9,EDC-HCl,TDBTU,carbodiimide,other,516,21,31,-0.0719541982757651,background,,False
C51,C90,EDC-HCl,EDC-HCl,carbodiimide,carbodiimide,540,21,32,-0.11030495580636218,background,,False
C51,C91,EDC-HCl,EDC-HCl,carbodiimide,carbodiimide,543,21,32,-0.10565313825134609,background,,False
C51,C92,EDC-HCl,HATU,carbodiimide,other,548,21,32,-0.05187393252393155,background,,False
C51,C93,EDC-HCl,TPTU,carbodiimide,other,542,21,32,-0.058471336892177206,background,,False
C51,C94,EDC-HCl,HBPYU,carbodiimide,other,548,21,31,-0.054229847252838186,background,,False
C51,C95,EDC-HCl,IIDQ,carbodiimide,quinoline,546,21,31,-0.16599386178507858,target,0.16599386178507858,True
C51,C96,EDC-HCl,TOTU,carbodiimide,other,518,21,32,-0.10077090280278733,background,,False
C52,C53,EDC-HCl,EDC-HCl,carbodiimide,carbodiimide,561,21,32,0.014011368111157135,background,,False
C52,C54,EDC-HCl,EDC-HCl,carbodiimide,carbodiimide,561,21,32,-0.02925931045990704,background,,False
C52,C55,EDC-HCl,DCC,carbodiimide,carbodiimide,544,21,31,-0.012670210306486296,background,,False
C52,C56,EDC-HCl,DCC,carbodiimide,carbodiimide,567,21,32,0.029583232318499453,background,,False
C52,C57,EDC-HCl,DCC,carbodiimide,carbodiimide,561,21,32,0.028043680035033505,background,,False
C52,C58,EDC-HCl,DCC,carbodiimide,carbodiimide,565,21,31,-0.016971395027813932,background,,False
C52,C59,EDC-HCl,CITU,carbodiimide,other,556,21,32,-0.015404801906464455,background,,False
C52,C6,EDC-HCl,TBTU,carbodiimide,other,553,21,32,-0.059477406481193665,background,,False
C52,C60,EDC-HCl,EDC-HCl,carbodiimide,carbodiimide,567,21,32,-0.058881272582221894,background,,False
C52,C61,EDC-HCl,PyAOP,carbodiimide,other,567,21,32,-0.03643456435574058,background,,False
C52,C62,EDC-HCl,TFFH,carbodiimide,haloformamidinium,566,21,32,-0.04883934810628132,background,,False
C52,C63,EDC-HCl,CDI,carbodiimide,other,560,21,32,0.023946962230339902,background,,False
C52,C64,EDC-HCl,CDMT,carbodiimide,other,552,21,32,-0.1413585155257526,background,,False
C52,C65,EDC-HCl,CIP,carbodiimide,other,524,21,31,-0.012903178757404127,background,,False
C52,C66,EDC-HCl,DIC,carbodiimide,carbodiimide,566,21,32,-0.12199764967481622,background,,False
C52,C67,EDC-HCl,EDC-HCl,carbodiimide,carbodiimide,565,21,32,-0.006088289824502321,background,,False
C52,C68,EDC-HCl,EDC-HCl,carbodiimide,carbodiimide,567,21,32,0.01656199136257938,background,,False
C52,C69,EDC-HCl,EDC-HCl,carbodiimide,carbodiimide,560,21,32,-0.007887470133588814,background,,False
C52,C7,EDC-HCl,HDMC,carbodiimide,other,552,21,32,-0.08689935387456363,background,,False
C52,C70,EDC-HCl,DCC,carbodiimide,carbodiimide,561,21,32,0.0654800226048187,background,,False
C52,C71,EDC-HCl,DCC,carbodiimide,carbodiimide,565,21,32,0.011913504795083258,background,,False
C52,C72,EDC-HCl,IBCF,carbodiimide,other,542,21,32,-0.05671541232501309,background,,False
C52,C73,EDC-HCl,DCC,carbodiimide,carbodiimide,546,21,32,-0.01663275307458953,background,,False
C52,C74,EDC-HCl,EDC-HCl,carbodiimide,carbodiimide,566,21,32,-0.07706383467332986,background,,False
C52,C76,EDC-HCl,TCFH,carbodiimide,haloformamidinium,565,21,32,-0.021673776559732932,background,,False
C52,C77,EDC-HCl,DCC,carbodiimide,carbodiimide,568,21,32,-0.024257892760920052,background,,False
C52,C78,EDC-HCl,DCC,carbodiimide,carbodiimide,566,21,32,-0.11372828576842067,background,,False
C52,C79,EDC-HCl,DCC,carbodiimide,carbodiimide,564,21,32,-0.04344830899289745,background,,False
C52,C8,EDC-HCl,TCTU,carbodiimide,other,549,21,32,-0.07415606551248272,background,,False
C52,C80,EDC-HCl,DCC,carbodiimide,carbodiimide,552,20,32,-0.0643262488377267,background,,False
C52,C81,EDC-HCl,DCC,carbodiimide,carbodiimide,534,20,31,-0.06114667021770746,background,,False
C52,C82,EDC-HCl,DCC,carbodiimide,carbodiimide,558,21,32,-0.017118981463138838,background,,False
C52,C83,EDC-HCl,DIC,carbodiimide,carbodiimide,559,21,31,-0.11199123624499446,background,,False
C52,C84,EDC-HCl,DIC,carbodiimide,carbodiimide,567,21,32,-0.048216309216827805,background,,False
C52,C85,EDC-HCl,DIC,carbodiimide,carbodiimide,565,21,32,-0.06537741706858713,background,,False
C52,C86,EDC-HCl,DIC,carbodiimide,carbodiimide,568,21,32,-0.06909839206824,background,,False
C52,C87,EDC-HCl,EDC-HCl,carbodiimide,carbodiimide,567,21,32,0.01574162709166463,background,,False
C52,C88,EDC-HCl,EDC-HCl,carbodiimide,carbodiimide,555,21,32,-0.10271203108737556,background,,False
C52,C89,EDC-HCl,EDC-HCl,carbodiimide,carbodiimide,546,20,32,-0.05590371521494622,background,,False
C52,C9,EDC-HCl,TDBTU,carbodiimide,other,534,21,31,-0.04135831083868845,background,,False
C52,C90,EDC-HCl,EDC-HCl,carbodiimide,carbodiimide,561,21,32,-0.05838215586839936,background,,False
C52,C91,EDC-HCl,EDC-HCl,carbodiimide,carbodiimide,564,21,32,-0.07189833367927448,background,,False
C52,C92,EDC-HCl,HATU,carbodiimide,other,569,21,32,-0.0025655684052417055,background,,False
C52,C93,EDC-HCl,TPTU,carbodiimide,other,563,21,32,-0.0013219652013734817,background,,False
C52,C94,EDC-HCl,HBPYU,carbodiimide,other,569,21,31,0.0048185452937291595,background,,False
C52,C95,EDC-HCl,IIDQ,carbodiimide,quinoline,567,21,31,-0.1121994961840749,target,0.1121994961840749,True
C52,C96,EDC-HCl,TOTU,carbodiimide,other,539,21,32,-0.06576505735819854,background,,False
C53,C54,EDC-HCl,EDC-HCl,carbodiimide,carbodiimide,557,21,32,-0.047911059003112544,background,,False
C53,C55,EDC-HCl,DCC,carbodiimide,carbodiimide,539,21,31,-0.02871399024622273,background,,False
C53,C56,EDC-HCl,DCC,carbodiimide,carbodiimide,561,21,32,0.0030059676299641763,background,,False
C53,C57,EDC-HCl,DCC,carbodiimide,carbodiimide,557,21,32,0.012216017345989476,background,,False
C53,C58,EDC-HCl,DCC,carbodiimide,carbodiimide,560,21,31,-0.01722142891620535,background,,False
C53,C59,EDC-HCl,CITU,carbodiimide,other,551,21,32,-0.028270192415530318,background,,False
C53,C6,EDC-HCl,TBTU,carbodiimide,other,548,21,32,-0.08499951539601447,background,,False
C53,C60,EDC-HCl,EDC-HCl,carbodiimide,carbodiimide,562,21,32,-0.08783061058834885,background,,False
C53,C61,EDC-HCl,PyAOP,carbodiimide,other,563,21,32,-0.056214539972870015,background,,False
C53,C62,EDC-HCl,TFFH,carbodiimide,haloformamidinium,561,21,32,-0.062468887647378235,background,,False
C53,C63,EDC-HCl,CDI,carbodiimide,other,556,21,32,0.011350147759092766,background,,False
C53,C64,EDC-HCl,CDMT,carbodiimide,other,546,21,32,-0.16616592341216443,background,,False
C53,C65,EDC-HCl,CIP,carbodiimide,other,522,21,31,-0.015181394402594,background,,False
C53,C66,EDC-HCl,DIC,carbodiimide,carbodiimide,561,21,32,-0.138196965376685,background,,False
C53,C67,EDC-HCl,EDC-HCl,carbodiimide,carbodiimide,559,21,32,-0.03302896071977587,background,,False
C53,C68,EDC-HCl,EDC-HCl,carbodiimide,carbodiimide,563,21,32,0.0022109525499760616,background,,False
C53,C69,EDC-HCl,EDC-HCl,carbodiimide,carbodiimide,556,21,32,-0.02699616535318108,background,,False
C53,C7,EDC-HCl,HDMC,carbodiimide,other,547,21,32,-0.11530784227292709,background,,False
C53,C70,EDC-HCl,DCC,carbodiimide,carbodiimide,556,21,32,0.045472466963207184,background,,False
C53,C71,EDC-HCl,DCC,carbodiimide,carbodiimide,558,21,32,-0.015436260140709042,background,,False
C53,C72,EDC-HCl,IBCF,carbodiimide,other,536,21,32,-0.06858623140221579,background,,False
C53,C73,EDC-HCl,DCC,carbodiimide,carbodiimide,541,21,32,-0.03464917813456557,background,,False
C53,C74,EDC-HCl,EDC-HCl,carbodiimide,carbodiimide,561,21,32,-0.1094300270204654,background,,False
C53,C76,EDC-HCl,TCFH,carbodiimide,haloformamidinium,560,21,32,-0.040257348954020694,background,,False
C53,C77,EDC-HCl,DCC,carbodiimide,carbodiimide,563,21,32,-0.03957136138763438,background,,False
C53,C78,EDC-HCl,DCC,carbodiimide,carbodiimide,561,21,32,-0.14872086075875132,background,,False
C53,C79,EDC-HCl,DCC,carbodiimide,carbodiimide,559,21,32,-0.0735461832376019,background,,False
C53,C8,EDC-HCl,TCTU,carbodiimide,other,543,21,32,-0.10325296715813076,background,,False
C53,C80,EDC-HCl,DCC,carbodiimide,carbodiimide,547,21,32,-0.1199135277847781,background,,False
C53,C81,EDC-HCl,DCC,carbodiimide,carbodiimide,530,20,31,-0.081772600268856,background,,False
C53,C82,EDC-HCl,DCC,carbodiimide,carbodiimide,556,21,32,-0.030200873092199945,background,,False
C53,C83,EDC-HCl,DIC,carbodiimide,carbodiimide,554,21,31,-0.11271245151230927,background,,False
C53,C84,EDC-HCl,DIC,carbodiimide,carbodiimide,562,21,32,-0.06796019989873844,background,,False
C53,C85,EDC-HCl,DIC,carbodiimide,carbodiimide,560,21,32,-0.0896345447428215,background,,False
C53,C86,EDC-HCl,DIC,carbodiimide,carbodiimide,563,21,32,-0.09330001874562321,background,,False
C53,C87,EDC-HCl,EDC-HCl,carbodiimide,carbodiimide,562,21,32,-0.009109025610819603,background,,False
C53,C88,EDC-HCl,EDC-HCl,carbodiimide,carbodiimide,550,21,32,-0.12341505745438258,background,,False
C53,C89,EDC-HCl,EDC-HCl,carbodiimide,carbodiimide,542,20,32,-0.07856101868486831,background,,False
C53,C9,EDC-HCl,TDBTU,carbodiimide,other,530,21,31,-0.04237236952976714,background,,False
C53,C90,EDC-HCl,EDC-HCl,carbodiimide,carbodiimide,557,21,32,-0.08562630230633589,background,,False
C53,C91,EDC-HCl,EDC-HCl,carbodiimide,carbodiimide,560,21,32,-0.09863727662979671,background,,False
C53,C92,EDC-HCl,HATU,carbodiimide,other,564,21,32,-0.03209883946261651,background,,False
C53,C93,EDC-HCl,TPTU,carbodiimide,other,558,21,32,-0.02541708875540516,background,,False
C53,C94,EDC-HCl,HBPYU,carbodiimide,other,564,21,31,-0.027799238485413467,background,,False
C53,C95,EDC-HCl,IIDQ,carbodiimide,quinoline,562,21,31,-0.13837219024406155,target,0.13837219024406155,True
C53,C96,EDC-HCl,TOTU,carbodiimide,other,534,21,32,-0.08835844861642093,background,,False
C54,C55,EDC-HCl,DCC,carbodiimide,carbodiimide,540,21,31,0.021135350993043922,background,,False
C54,C56,EDC-HCl,DCC,carbodiimide,carbodiimide,561,21,32,0.04630738791059058,background,,False
C54,C57,EDC-HCl,DCC,carbodiimide,carbodiimide,556,21,32,0.05853926879446818,background,,False
C54,C58,EDC-HCl,DCC,carbodiimide,carbodiimide,560,21,31,0.01808309410933039,background,,False
C54,C59,EDC-HCl,CITU,carbodiimide,other,551,21,32,0.01193084676281543,background,,False
C54,C6,EDC-HCl,TBTU,carbodiimide,other,548,21,32,-0.04166790946507712,background,,False
C54,C60,EDC-HCl,EDC-HCl,carbodiimide,carbodiimide,562,21,32,-0.04493737106661014,background,,False
C54,C61,EDC-HCl,PyAOP,carbodiimide,other,564,21,32,-0.013511903543734022,background,,False
C54,C62,EDC-HCl,TFFH,carbodiimide,haloformamidinium,561,21,32,-0.015611968269659562,background,,False
C54,C63,EDC-HCl,CDI,carbodiimide,other,558,21,32,0.04719793609042632,background,,False
C54,C64,EDC-HCl,CDMT,carbodiimide,other,547,21,32,-0.12502513659321746,background,,False
C54,C65,EDC-HCl,CIP,carbodiimide,other,519,21,31,0.017921410520751482,background,,False
C54,C66,EDC-HCl,DIC,carbodiimide,carbodiimide,561,21,32,-0.09095818286063057,background,,False
C54,C67,EDC-HCl,EDC-HCl,carbodiimide,carbodiimide,559,21,32,0.012316742111525461,background,,False
C54,C68,EDC-HCl,EDC-HCl,carbodiimide,carbodiimide,562,21,32,0.048401496327374796,background,,False
C54,C69,EDC-HCl,EDC-HCl,carbodiimide,carbodiimide,558,21,32,0.014740195100043544,background,,False
C54,C7,EDC-HCl,HDMC,carbodiimide,other,547,21,32,-0.0736739625301785,background,,False
C54,C70,EDC-HCl,DCC,carbodiimide,carbodiimide,557,21,32,0.09543923252026598,background,,False
C54,C71,EDC-HCl,DCC,carbodiimide,carbodiimide,558,21,32,0.028693586256608825,background,,False
C54,C72,EDC-HCl,IBCF,carbodiimide,other,537,21,32,-0.020652933464004236,background,,False
C54,C73,EDC-HCl,DCC,carbodiimide,carbodiimide,540,21,32,0.011426747934080848,background,,False
C54,C74,EDC-HCl,EDC-HCl,carbodiimide,carbodiimide,561,21,32,-0.06528909009177147,background,,False
C54,C76,EDC-HCl,TCFH,carbodiimide,haloformamidinium,561,21,32,0.004380827981484134,background,,False
C54,C77,EDC-HCl,DCC,carbodiimide,carbodiimide,563,21,32,0.003934375322498282,background,,False
C54,C78,EDC-HCl,DCC,carbodiimide,carbodiimide,561,21,32,-0.1005766141606339,background,,False
C54,C79,EDC-HCl,DCC,carbodiimide,carbodiimide,559,21,32,-0.027057597796184996,background,,False
C54,C8,EDC-HCl,TCTU,carbodiimide,other,544,21,32,-0.05711458523600532,background,,False
C54,C80,EDC-HCl,DCC,carbodiimide,carbodiimide,549,21,32,-0.0702564420839692,background,,False
C54,C81,EDC-HCl,DCC,carbodiimide,carbodiimide,530,20,31,-0.0454480864363285,background,,False
C54,C82,EDC-HCl,DCC,carbodiimide,carbodiimide,553,21,32,0.012680957884178473,background,,False
C54,C83,EDC-HCl,DIC,carbodiimide,carbodiimide,554,21,31,-0.07615618549086653,background,,False
C54,C84,EDC-HCl,DIC,carbodiimide,carbodiimide,562,21,32,-0.02102849012076033,background,,False
C54,C85,EDC-HCl,DIC,carbodiimide,carbodiimide,560,21,32,-0.041817630238681014,background,,False
C54,C86,EDC-HCl,DIC,carbodiimide,carbodiimide,564,21,32,-0.046973405816626346,background,,False
C54,C87,EDC-HCl,EDC-HCl,carbodiimide,carbodiimide,562,21,32,0.03859429034875397,background,,False
C54,C88,EDC-HCl,EDC-HCl,carbodiimide,carbodiimide,550,21,32,-0.07999786751662197,background,,False
C54,C89,EDC-HCl,EDC-HCl,carbodiimide,carbodiimide,541,20,32,-0.03166142562867408,background,,False
C54,C9,EDC-HCl,TDBTU,carbodiimide,other,529,21,31,-0.014267738083651144,background,,False
C54,C90,EDC-HCl,EDC-HCl,carbodiimide,carbodiimide,556,21,32,-0.0401561572210162,background,,False
C54,C91,EDC-HCl,EDC-HCl,carbodiimide,carbodiimide,559,21,32,-0.0500880984674443,background,,False
C54,C92,EDC-HCl,HATU,carbodiimide,other,564,21,32,0.018119027076741477,background,,False
C54,C93,EDC-HCl,TPTU,carbodiimide,other,559,21,32,0.013696306220216004,background,,False
C54,C94,EDC-HCl,HBPYU,carbodiimide,other,564,21,31,0.013408939660949077,background,,False
C54,C95,EDC-HCl,IIDQ,carbodiimide,quinoline,562,21,31,-0.10197061646659812,target,0.10197061646659812,True
C54,C96,EDC-HCl,TOTU,carbodiimide,other,534,21,32,-0.04111310228885103,background,,False
C55,C56,DCC,DCC,carbodiimide,carbodiimide,544,21,31,0.03411030802596343,background,,False
C55,C57,DCC,DCC,carbodiimide,carbodiimide,539,21,31,0.04218692907081087,background,,False
C55,C58,DCC,DCC,carbodiimide,carbodiimide,543,21,30,0.012197633581166878,background,,False
C55,C59,DCC,CITU,carbodiimide,other,536,21,31,0.0036756943433993786,background,,False
C55,C6,DCC,TBTU,carbodiimide,other,532,21,31,-0.03963081436815846,background,,False
C55,C60,DCC,EDC-HCl,carbodiimide,carbodiimide,545,21,31,-0.04262094449754389,background,,False
C55,C61,DCC,PyAOP,carbodiimide,other,545,21,31,-0.006273599743726765,background,,False
C55,C62,DCC,TFFH,carbodiimide,haloformamidinium,545,21,31,-0.03423600184173059,background,,False
C55,C63,DCC,CDI,carbodiimide,other,540,21,31,0.02896244225897554,background,,False
C55,C64,DCC,CDMT,carbodiimide,other,529,21,31,-0.12744312866472168,background,,False
C55,C65,DCC,CIP,carbodiimide,other,506,21,30,0.016069604476940818,background,,False
C55,C66,DCC,DIC,carbodiimide,carbodiimide,545,21,31,-0.07891495612062338,background,,False
C55,C67,DCC,EDC-HCl,carbodiimide,carbodiimide,543,21,31,0.0021325020293582464,background,,False
C55,C68,DCC,EDC-HCl,carbodiimide,carbodiimide,545,21,31,0.03227522623890383,background,,False
C55,C69,DCC,EDC-HCl,carbodiimide,carbodiimide,538,21,31,-0.006299471612727953,background,,False
C55,C7,DCC,HDMC,carbodiimide,other,531,21,31,-0.06423068716643449,background,,False
C55,C70,DCC,DCC,carbodiimide,carbodiimide,544,21,31,0.08577547595896157,background,,False
C55,C71,DCC,DCC,carbodiimide,carbodiimide,541,21,31,0.01789855000664703,background,,False
C55,C72,DCC,IBCF,carbodiimide,other,540,21,31,-0.042539403371581665,background,,False
C55,C73,DCC,DCC,carbodiimide,carbodiimide,523,21,31,-0.006624103610570531,background,,False
C55,C74,DCC,EDC-HCl,carbodiimide,carbodiimide,544,21,31,-0.06530607762931318,background,,False
C55,C76,DCC,TCFH,carbodiimide,haloformamidinium,545,21,31,-0.015634836072812703,background,,False
C55,C77,DCC,DCC,carbodiimide,carbodiimide,546,21,31,-0.019198292437012075,background,,False
C55,C78,DCC,DCC,carbodiimide,carbodiimide,545,21,30,-0.0858889171231289,background,,False
C55,C79,DCC,DCC,carbodiimide,carbodiimide,542,21,31,-0.010085510589717406,background,,False
C55,C8,DCC,TCTU,carbodiimide,other,529,21,31,-0.044704452584852505,background,,False
C55,C80,DCC,DCC,carbodiimide,carbodiimide,530,21,31,-0.06744773729285902,background,,False
C55,C81,DCC,DCC,carbodiimide,carbodiimide,513,20,30,-0.061353613820855024,background,,False
C55,C82,DCC,DCC,carbodiimide,carbodiimide,536,21,31,-0.013334098716357302,background,,False
C55,C83,DCC,DIC,carbodiimide,carbodiimide,539,21,30,-0.05377077533355418,background,,False
C55,C84,DCC,DIC,carbodiimide,carbodiimide,545,21,31,-0.016611258766703718,background,,False
C55,C85,DCC,DIC,carbodiimide,carbodiimide,543,21,31,-0.04369814179031173,background,,False
C55,C86,DCC,DIC,carbodiimide,carbodiimide,546,21,31,-0.04161229923488108,background,,False
C55,C87,DCC,EDC-HCl,carbodiimide,carbodiimide,544,21,31,0.024365339778667117,background,,False
C55,C88,DCC,EDC-HCl,carbodiimide,carbodiimide,533,21,31,-0.06709485024711903,background,,False
C55,C89,DCC,EDC-HCl,carbodiimide,carbodiimide,525,20,31,-0.031528448643390494,background,,False
C55,C9,DCC,TDBTU,carbodiimide,other,516,21,30,-0.001551383363039227,background,,False
C55,C90,DCC,EDC-HCl,carbodiimide,carbodiimide,539,21,31,-0.05085975936010739,background,,False
C55,C91,DCC,EDC-HCl,carbodiimide,carbodiimide,542,21,31,-0.04384898748396493,background,,False
C55,C92,DCC,HATU,carbodiimide,other,547,21,31,0.003439953712708943,background,,False
C55,C93,DCC,TPTU,carbodiimide,other,541,21,31,0.005093079488761976,background,,False
C55,C94,DCC,HBPYU,carbodiimide,other,547,21,30,-0.008702627363767118,background,,False
C55,C95,DCC,IIDQ,carbodiimide,quinoline,545,21,30,-0.12703709038852432,target,0.12703709038852432,True
C55,C96,DCC,TOTU,carbodiimide,other,518,21,31,-0.04967649320118578,background,,False
C56,C57,DCC,DCC,carbodiimide,carbodiimide,562,21,32,0.010610258044848317,background,,False
C56,C58,DCC,DCC,carbodiimide,carbodiimide,565,21,31,-0.02777022618964607,background,,False
C56,C59,DCC,CITU,carbodiimide,other,556,21,32,-0.03792155475550249,background,,False
C56,C6,DCC,TBTU,carbodiimide,other,553,21,32,-0.09203286682661907,background,,False
C56,C60,DCC,EDC-HCl,carbodiimide,carbodiimide,567,21,32,-0.09081871786895696,background,,False
C56,C61,DCC,PyAOP,carbodiimide,other,567,21,32,-0.060217276800419606,background,,False
C56,C62,DCC,TFFH,carbodiimide,haloformamidinium,566,21,32,-0.06135887599006509,background,,False
C56,C63,DCC,CDI,carbodiimide,other,560,21,32,0.00602774690545714,background,,False
C56,C64,DCC,CDMT,carbodiimide,other,553,21,32,-0.16564799577369496,background,,False
C56,C65,DCC,CIP,carbodiimide,other,526,21,31,-0.02702681691699038,background,,False
C56,C66,DCC,DIC,carbodiimide,carbodiimide,566,21,32,-0.13663269082248938,background,,False
C56,C67,DCC,EDC-HCl,carbodiimide,carbodiimide,565,21,32,-0.03708013670486014,background,,False
C56,C68,DCC,EDC-HCl,carbodiimide,carbodiimide,567,21,32,0.00017791462548096687,background,,False
C56,C69,DCC,EDC-HCl,carbodiimide,carbodiimide,560,21,32,-0.026039176391336218,background,,False
C56,C7,DCC,HDMC,carbodiimide,other,552,21,32,-0.11766629296195713,background,,False
C56,C70,DCC,DCC,carbodiimide,carbodiimide,561,21,32,0.05184162274430834,background,,False
C56,C71,DCC,DCC,carbodiimide,carbodiimide,565,21,32,-0.017429662143869373,background,,False
C56,C72,DCC,IBCF,carbodiimide,other,541,21,32,-0.0712628474577173,background,,False
C56,C73,DCC,DCC,carbodiimide,carbodiimide,545,21,32,-0.03537024673834599,background,,False
C56,C74,DCC,EDC-HCl,carbodiimide,carbodiimide,566,21,32,-0.11216288932926267,background,,False
C56,C76,DCC,TCFH,carbodiimide,haloformamidinium,565,21,32,-0.04197127327366304,background,,False
C56,C77,DCC,DCC,carbodiimide,carbodiimide,568,21,32,-0.045846181217997994,background,,False
C56,C78,DCC,DCC,carbodiimide,carbodiimide,566,21,32,-0.14722770478700653,background,,False
C56,C79,DCC,DCC,carbodiimide,carbodiimide,564,21,32,-0.06764294380850139,background,,False
C56,C8,DCC,TCTU,carbodiimide,other,549,21,32,-0.10460378394928874,background,,False
C56,C80,DCC,DCC,carbodiimide,carbodiimide,553,21,32,-0.09843194962840673,background,,False
C56,C81,DCC,DCC,carbodiimide,carbodiimide,535,20,31,-0.09315932586821346,background,,False
C56,C82,DCC,DCC,carbodiimide,carbodiimide,558,21,32,-0.037552652750547505,background,,False
C56,C83,DCC,DIC,carbodiimide,carbodiimide,559,21,31,-0.12044962711028523,background,,False
C56,C84,DCC,DIC,carbodiimide,carbodiimide,567,21,32,-0.06599702407456758,background,,False
C56,C85,DCC,DIC,carbodiimide,carbodiimide,565,21,32,-0.0870245305081065,background,,False
C56,C86,DCC,DIC,carbodiimide,carbodiimide,569,21,32,-0.09022203990896989,background,,False
C56,C87,DCC,EDC-HCl,carbodiimide,carbodiimide,566,21,32,-0.011934464441131942,background,,False
C56,C88,DCC,EDC-HCl,carbodiimide,carbodiimide,557,21,32,-0.12502059925509904,background,,False
C56,C89,DCC,EDC-HCl,carbodiimide,carbodiimide,546,20,32,-0.08577688357251811,background,,False
C56,C9,DCC,TDBTU,carbodiimide,other,534,21,31,-0.0662834320956194,background,,False
C56,C90,DCC,EDC-HCl,carbodiimide,carbodiimide,561,21,32,-0.08802264049528784,background,,False
C56,C91,DCC,EDC-HCl,carbodiimide,carbodiimide,564,21,32,-0.0965518949456697,background,,False
C56,C92,DCC,HATU,carbodiimide,other,569,21,32,-0.029951652832782803,background,,False
C56,C93,DCC,TPTU,carbodiimide,other,563,21,32,-0.03179485948548036,background,,False
C56,C94,DCC,HBPYU,carbodiimide,other,570,21,31,-0.026931655959274783,background,,False
C56,C95,DCC,IIDQ,carbodiimide,quinoline,567,21,31,-0.14276306449477913,target,0.14276306449477913,True
C56,C96,DCC,TOTU,carbodiimide,other,540,21,32,-0.08760164184232652,background,,False
C57,C58,DCC,DCC,carbodiimide,carbodiimide,561,21,31,-0.028070412640593352,background,,False
C57,C59,DCC,CITU,carbodiimide,other,551,21,32,-0.04614811394152919,background,,False
C57,C6,DCC,TBTU,carbodiimide,other,550,21,32,-0.09918230897427874,background,,False
C57,C60,DCC,EDC-HCl,carbodiimide,carbodiimide,562,21,32,-0.1028695964432474,background,,False
C57,C61,DCC,PyAOP,carbodiimide,other,562,21,32,-0.07071018867957515,background,,False
C57,C62,DCC,TFFH,carbodiimide,haloformamidinium,561,21,32,-0.0763117190689121,background,,False
C57,C63,DCC,CDI,carbodiimide,other,555,21,32,-0.004731724454311206,background,,False
C57,C64,DCC,CDMT,carbodiimide,other,547,21,32,-0.1802140312460474,background,,False
C57,C65,DCC,CIP,carbodiimide,other,522,21,31,-0.03047942227022421,background,,False
C57,C66,DCC,DIC,carbodiimide,carbodiimide,562,21,32,-0.14996648562805753,background,,False
C57,C67,DCC,EDC-HCl,carbodiimide,carbodiimide,559,21,32,-0.0475050866535935,background,,False
C57,C68,DCC,EDC-HCl,carbodiimide,carbodiimide,563,21,32,-0.011780449504484435,background,,False
C57,C69,DCC,EDC-HCl,carbodiimide,carbodiimide,555,21,32,-0.037281428734670906,background,,False
C57,C7,DCC,HDMC,carbodiimide,other,548,21,32,-0.13194723731293517,background,,False
C57,C70,DCC,DCC,carbodiimide,carbodiimide,556,21,32,0.03745458978243496,background,,False
C57,C71,DCC,DCC,carbodiimide,carbodiimide,558,21,32,-0.031156999073666168,background,,False
C57,C72,DCC,IBCF,carbodiimide,other,536,21,32,-0.08065360838596358,background,,False
C57,C73,DCC,DCC,carbodiimide,carbodiimide,542,21,32,-0.04702019903843943,background,,False
C57,C74,DCC,EDC-HCl,carbodiimide,carbodiimide,561,21,32,-0.12485134639761503,background,,False
C57,C76,DCC,TCFH,carbodiimide,haloformamidinium,560,21,32,-0.054834756915271954,background,,False
C57,C77,DCC,DCC,carbodiimide,carbodiimide,563,21,32,-0.05595554669873119,background,,False
C57,C78,DCC,DCC,carbodiimide,carbodiimide,561,21,32,-0.15831199346476704,background,,False
C57,C79,DCC,DCC,carbodiimide,carbodiimide,559,21,32,-0.0811567144863784,background,,False
C57,C8,DCC,TCTU,carbodiimide,other,544,21,32,-0.11600331893032473,background,,False
C57,C80,DCC,DCC,carbodiimide,carbodiimide,548,21,32,-0.13081250042833903,background,,False
C57,C81,DCC,DCC,carbodiimide,carbodiimide,531,20,31,-0.0903517855048125,background,,False
C57,C82,DCC,DCC,carbodiimide,carbodiimide,553,21,32,-0.04895850503594386,background,,False
C57,C83,DCC,DIC,carbodiimide,carbodiimide,555,21,31,-0.12423447053424916,background,,False
C57,C84,DCC,DIC,carbodiimide,carbodiimide,562,21,32,-0.07901821616585505,background,,False
C57,C85,DCC,DIC,carbodiimide,carbodiimide,560,21,32,-0.0993435552300187,background,,False
C57,C86,DCC,DIC,carbodiimide,carbodiimide,563,21,32,-0.10260615498643155,background,,False
C57,C87,DCC,EDC-HCl,carbodiimide,carbodiimide,561,21,32,-0.019851326697297042,background,,False
C57,C88,DCC,EDC-HCl,carbodiimide,carbodiimide,551,21,32,-0.13767146210134562,background,,False
C57,C89,DCC,EDC-HCl,carbodiimide,carbodiimide,541,20,32,-0.08913608724479635,background,,False
C57,C9,DCC,TDBTU,carbodiimide,other,530,21,31,-0.0535321800264246,background,,False
C57,C90,DCC,EDC-HCl,carbodiimide,carbodiimide,556,21,32,-0.09797116051739399,background,,False
C57,C91,DCC,EDC-HCl,carbodiimide,carbodiimide,559,21,32,-0.11030808403575654,background,,False
C57,C92,DCC,HATU,carbodiimide,other,564,21,32,-0.04384320940267397,background,,False
C57,C93,DCC,TPTU,carbodiimide,other,558,21,32,-0.04055198398159654,background,,False
C57,C94,DCC,HBPYU,carbodiimide,other,564,21,31,-0.03755946478077464,background,,False
C57,C95,DCC,IIDQ,carbodiimide,quinoline,562,21,31,-0.1533592466031813,target,0.1533592466031813,True
C57,C96,DCC,TOTU,carbodiimide,other,535,21,32,-0.1018629430082981,background,,False
C58,C59,DCC,CITU,carbodiimide,other,556,21,31,-0.012407380071897123,background,,False
C58,C6,DCC,TBTU,carbodiimide,other,552,21,31,-0.05774527625059361,background,,False
C58,C60,DCC,EDC-HCl,carbodiimide,carbodiimide,567,21,31,-0.05348572778631627,background,,False
C58,C61,DCC,PyAOP,carbodiimide,other,566,21,31,-0.02910541934667582,background,,False
C58,C62,DCC,TFFH,carbodiimide,haloformamidinium,566,21,31,-0.03571030849571019,background,,False
C58,C63,DCC,CDI,carbodiimide,other,560,21,31,0.028707131546301085,background,,False
C58,C64,DCC,CDMT,carbodiimide,other,551,21,31,-0.13600943904654095,background,,False
C58,C65,DCC,CIP,carbodiimide,other,526,21,31,0.00010958437669475463,background,,False
C58,C66,DCC,DIC,carbodiimide,carbodiimide,567,21,31,-0.09925035210754476,background,,False
C58,C67,DCC,EDC-HCl,carbodiimide,carbodiimide,564,21,31,0.0006137994271407377,background,,False
C58,C68,DCC,EDC-HCl,carbodiimide,carbodiimide,567,21,31,0.018627183273421135,background,,False
C58,C69,DCC,EDC-HCl,carbodiimide,carbodiimide,560,21,31,-0.01390849785365576,background,,False
C58,C7,DCC,HDMC,carbodiimide,other,551,21,31,-0.08510083913670075,background,,False
C58,C70,DCC,DCC,carbodiimide,carbodiimide,560,21,31,0.07116724302694544,background,,False
C58,C71,DCC,DCC,carbodiimide,carbodiimide,562,21,31,0.010652718402963154,background,,False
C58,C72,DCC,IBCF,carbodiimide,other,540,21,31,-0.04131734663207348,background,,False
C58,C73,DCC,DCC,carbodiimide,carbodiimide,545,21,31,-0.02072114385023,background,,False
C58,C74,DCC,EDC-HCl,carbodiimide,carbodiimide,565,21,31,-0.0737730404327207,background,,False
C58,C76,DCC,TCFH,carbodiimide,haloformamidinium,564,21,31,-0.014325882481383084,background,,False
C58,C77,DCC,DCC,carbodiimide,carbodiimide,567,21,31,-0.018479282845439315,background,,False
C58,C78,DCC,DCC,carbodiimide,carbodiimide,565,21,31,-0.1084018632660316,background,,False
C58,C79,DCC,DCC,carbodiimide,carbodiimide,563,21,31,-0.03608021389487029,background,,False
C58,C8,DCC,TCTU,carbodiimide,other,550,21,31,-0.07187341443983197,background,,False
C58,C80,DCC,DCC,carbodiimide,carbodiimide,552,21,31,-0.08215322841562486,background,,False
C58,C81,DCC,DCC,carbodiimide,carbodiimide,535,20,30,-0.06559151076742323,background,,False
C58,C82,DCC,DCC,carbodiimide,carbodiimide,558,21,31,-0.010434264450533887,background,,False
C58,C83,DCC,DIC,carbodiimide,carbodiimide,560,21,31,-0.09403569311563248,background,,False
C58,C84,DCC,DIC,carbodiimide,carbodiimide,566,21,31,-0.03322999467574181,background,,False
C58,C85,DCC,DIC,carbodiimide,carbodiimide,564,21,31,-0.0541099835802686,background,,False
C58,C86,DCC,DIC,carbodiimide,carbodiimide,567,21,31,-0.05722557681043801,background,,False
C58,C87,DCC,EDC-HCl,carbodiimide,carbodiimide,565,21,31,0.019108224101546594,background,,False
C58,C88,DCC,EDC-HCl,carbodiimide,carbodiimide,555,21,31,-0.08867942502448276,background,,False
C58,C89,DCC,EDC-HCl,carbodiimide,carbodiimide,545,20,31,-0.05592332557072849,background,,False
C58,C9,DCC,TDBTU,carbodiimide,other,535,21,31,-0.02855810251317173,background,,False
C58,C90,DCC,EDC-HCl,carbodiimide,carbodiimide,561,21,31,-0.05220880033691641,background,,False
C58,C91,DCC,EDC-HCl,carbodiimide,carbodiimide,563,21,31,-0.06149005181267875,background,,False
C58,C92,DCC,HATU,carbodiimide,other,568,21,31,0.004073388651624774,background,,False
C58,C93,DCC,TPTU,carbodiimide,other,562,21,31,-0.003887308981208759,background,,False
C58,C94,DCC,HBPYU,carbodiimide,other,568,21,30,3.4361713130846155e-05,background,,False
C58,C95,DCC,IIDQ,carbodiimide,quinoline,566,21,30,-0.12045585283216965,target,0.12045585283216965,True
C58,C96,DCC,TOTU,carbodiimide,other,538,21,31,-0.05997924770780452,background,,False
C59,C6,CITU,TBTU,other,other,543,21,32,-0.041356678117278,background,,False
C59,C60,CITU,EDC-HCl,other,carbodiimide,558,21,32,-0.044930794064776625,background,,False
C59,C61,CITU,PyAOP,other,other,557,21,32,-0.013589579434168442,background,,False
C59,C62,CITU,TFFH,other,haloformamidinium,558,21,32,-0.028375551993333525,background,,False
C59,C63,CITU,CDI,other,other,550,21,32,0.041172268447076804,background,,False
C59,C64,CITU,CDMT,other,other,541,21,32,-0.13265416098185634,background,,False
C59,C65,CITU,CIP,other,other,518,21,31,0.01048820585760044,background,,False
C59,C66,CITU,DIC,other,carbodiimide,556,21,32,-0.09611928795512903,background,,False
C59,C67,CITU,EDC-HCl,other,carbodiimide,555,21,32,0.004382901157110847,background,,False
C59,C68,CITU,EDC-HCl,other,carbodiimide,558,21,32,0.03793419538788764,background,,False
C59,C69,CITU,EDC-HCl,other,carbodiimide,552,21,32,0.0027425901380403878,background,,False
C59,C7,CITU,HDMC,other,other,542,21,32,-0.07412779758435267,background,,False
C59,C70,CITU,DCC,other,carbodiimide,553,21,32,0.09177329874807343,background,,False
C59,C71,CITU,DCC,other,carbodiimide,553,21,32,0.02331831982224808,background,,False
C59,C72,CITU,IBCF,other,other,533,21,32,-0.039008023943448,background,,False
C59,C73,CITU,DCC,other,carbodiimide,537,21,32,-0.0045802736560729,background,,False
C59,C74,CITU,EDC-HCl,other,carbodiimide,556,21,32,-0.06933699928587023,background,,False
C59,C76,CITU,TCFH,other,haloformamidinium,556,21,32,-0.01224990885597451,background,,False
C59,C77,CITU,DCC,other,carbodiimide,559,21,32,-0.012035113025495947,background,,False
C59,C78,CITU,DCC,other,carbodiimide,556,21,32,-0.10809176683904353,background,,False
C59,C79,CITU,DCC,other,carbodiimide,555,21,32,-0.02281475105681202,background,,False
C59,C8,CITU,TCTU,other,other,538,21,32,-0.060406614935934855,background,,False
C59,C80,CITU,DCC,other,carbodiimide,542,21,32,-0.07362242433920219,background,,False
C59,C81,CITU,DCC,other,carbodiimide,525,20,31,-0.07024328731924961,background,,False
C59,C82,CITU,DCC,other,carbodiimide,549,21,32,-0.0013696655310129376,background,,False
C59,C83,CITU,DIC,other,carbodiimide,549,21,31,-0.07531003118203422,background,,False
C59,C84,CITU,DIC,other,carbodiimide,557,21,32,-0.0243574052826922,background,,False
C59,C85,CITU,DIC,other,carbodiimide,555,21,32,-0.04836938113660394,background,,False
C59,C86,CITU,DIC,other,carbodiimide,558,21,32,-0.0552067290143573,background,,False
C59,C87,CITU,EDC-HCl,other,carbodiimide,556,21,32,0.02791988080232785,background,,False
C59,C88,CITU,EDC-HCl,other,carbodiimide,545,21,32,-0.08994022301548366,background,,False
C59,C89,CITU,EDC-HCl,other,carbodiimide,536,20,32,-0.0354125239291842,background,,False
C59,C9,CITU,TDBTU,other,other,526,21,31,-0.014641173412954622,background,,False
C59,C90,CITU,EDC-HCl,other,carbodiimide,551,21,32,-0.044258545452989184,background,,False
C59,C91,CITU,EDC-HCl,other,carbodiimide,555,21,32,-0.059741900615502,background,,False
C59,C92,CITU,HATU,other,other,559,21,32,0.005832004711984931,background,,False
C59,C93,CITU,TPTU,other,other,553,21,32,0.010510292191714343,background,,False
C59,C94,CITU,HBPYU,other,other,559,21,31,-0.005784089393627637,background,,False
C59,C95,CITU,IIDQ,other,quinoline,557,21,31,-0.11785634595708508,background,,False
C59,C96,CITU,TOTU,other,other,531,21,32,-0.04406401690252238,background,,False
C6,C60,TBTU,EDC-HCl,other,carbodiimide,554,21,32,0.007704714221449513,background,,False
C6,C61,TBTU,PyAOP,other,other,555,21,32,0.03208444253627238,background,,False
C6,C62,TBTU,TFFH,other,haloformamidinium,553,21,32,0.02243179547958074,background,,False
C6,C63,TBTU,CDI,other,other,547,21,32,0.09035844772685006,background,,False
C6,C64,TBTU,CDMT,other,other,539,21,32,-0.061750501087008886,background,,False
C6,C65,TBTU,CIP,other,other,511,21,31,0.06334868830784957,background,,False
C6,C66,TBTU,DIC,other,carbodiimide,553,21,32,-0.03656016743317582,background,,False
C6,C67,TBTU,EDC-HCl,other,carbodiimide,552,21,32,0.055084436254203145,background,,False
C6,C68,TBTU,EDC-HCl,other,carbodiimide,554,21,32,0.0888915568743126,background,,False
C6,C69,TBTU,EDC-HCl,other,carbodiimide,547,21,32,0.061933624739835796,background,,False
C6,C7,TBTU,HDMC,other,other,548,21,32,-0.022719052540968742,background,,False
C6,C70,TBTU,DCC,other,carbodiimide,548,21,32,0.13458045019971138,background,,False
C6,C71,TBTU,DCC,other,carbodiimide,552,21,32,0.07054103168242729,background,,False
C6,C72,TBTU,IBCF,other,other,530,21,31,-0.00709377170874631,background,,False
C6,C73,TBTU,DCC,other,carbodiimide,534,21,32,0.06744570390938615,background,,False
C6,C74,TBTU,EDC-HCl,other,carbodiimide,553,21,32,-0.018246880696769788,background,,False
C6,C76,TBTU,TCFH,other,haloformamidinium,552,21,32,0.042869796076461686,background,,False
C6,C77,TBTU,DCC,other,carbodiimide,555,21,32,0.03943411041464545,background,,False
C6,C78,TBTU,DCC,other,carbodiimide,553,21,32,-0.05286077734287181,background,,False
C6,C79,TBTU,DCC,other,carbodiimide,552,21,32,0.029735898362334853,background,,False
C6,C8,TBTU,TCTU,other,other,539,21,32,-0.007901168932412106,background,,False
C6,C80,TBTU,DCC,other,carbodiimide,540,21,32,3.431643762952935e-05,background,,False
C6,C81,TBTU,DCC,other,carbodiimide,522,20,31,0.0068228489505836876,background,,False
C6,C82,TBTU,DCC,other,carbodiimide,545,21,32,0.05349493748152262,background,,False
C6,C83,TBTU,DIC,other,carbodiimide,546,21,31,-0.0330917055966273,background,,False
C6,C84,TBTU,DIC,other,carbodiimide,554,21,32,0.028671177477061244,background,,False
C6,C85,TBTU,DIC,other,carbodiimide,552,21,32,0.006179429602821085,background,,False
C6,C86,TBTU,DIC,other,carbodiimide,555,21,32,-0.0008503558982249776,background,,False
C6,C87,TBTU,EDC-HCl,other,carbodiimide,553,21,32,0.07968525378631514,background,,False
C6,C88,TBTU,EDC-HCl,other,carbodiimide,542,21,32,-0.03061692967253011,background,,False
C6,C89,TBTU,EDC-HCl,other,carbodiimide,533,20,32,0.013130527257506349,background,,False
C6,C9,TBTU,TDBTU,other,other,525,21,31,0.025956798425571394,background,,False
C6,C90,TBTU,EDC-HCl,other,carbodiimide,549,21,32,0.0009592998335239064,background,,False
C6,C91,TBTU,EDC-HCl,other,carbodiimide,551,21,32,-0.004934357983661167,background,,False
C6,C92,TBTU,HATU,other,other,556,21,32,0.054061944668352485,background,,False
C6,C93,TBTU,TPTU,other,other,550,21,32,0.0536789885279683,background,,False
C6,C94,TBTU,HBPYU,other,other,556,21,31,0.06471762560159794,background,,False
C6,C95,TBTU,IIDQ,other,quinoline,554,21,31,-0.0532247095074293,background,,False
C6,C96,TBTU,TOTU,other,other,527,21,32,0.00017477103756591283,background,,False
C60,C61,EDC-HCl,PyAOP,carbodiimide,other,568,21,32,0.02134419486126421,background,,False
C60,C62,EDC-HCl,TFFH,carbodiimide,haloformamidinium,568,21,32,0.024710777298504905,background,,False
C60,C63,EDC-HCl,CDI,carbodiimide,other,561,21,32,0.09387339971949024,background,,False
C60,C64,EDC-HCl,CDMT,carbodiimide,other,552,21,32,-0.07217193638836861,background,,False
C60,C65,EDC-HCl,CIP,carbodiimide,other,527,21,31,0.053173312989279575,background,,False
C60,C66,EDC-HCl,DIC,carbodiimide,carbodiimide,567,21,32,-0.05163549455516283,background,,False
C60,C67,EDC-HCl,EDC-HCl,carbodiimide,carbodiimide,566,21,32,0.051014800832566085,background,,False
C60,C68,EDC-HCl,EDC-HCl,carbodiimide,carbodiimide,570,21,32,0.09031353476057477,background,,False
C60,C69,EDC-HCl,EDC-HCl,carbodiimide,carbodiimide,562,21,32,0.061649929943635606,background,,False
C60,C7,EDC-HCl,HDMC,carbodiimide,other,553,21,32,-0.029789870878344844,background,,False
C60,C70,EDC-HCl,DCC,carbodiimide,carbodiimide,562,21,32,0.1363604914666791,background,,False
C60,C71,EDC-HCl,DCC,carbodiimide,carbodiimide,564,21,32,0.06907346037656964,background,,False
C60,C72,EDC-HCl,IBCF,carbodiimide,other,542,21,32,0.008798050736199325,background,,False
C60,C73,EDC-HCl,DCC,carbodiimide,carbodiimide,547,21,32,0.05477500411536931,background,,False
C60,C74,EDC-HCl,EDC-HCl,carbodiimide,carbodiimide,567,21,32,-0.025133502228481572,background,,False
C60,C76,EDC-HCl,TCFH,carbodiimide,haloformamidinium,566,21,32,0.04478972418249855,background,,False
C60,C77,EDC-HCl,DCC,carbodiimide,carbodiimide,569,21,32,0.04318344804284263,background,,False
C60,C78,EDC-HCl,DCC,carbodiimide,carbodiimide,568,21,32,-0.06446000728673512,background,,False
C60,C79,EDC-HCl,DCC,carbodiimide,carbodiimide,565,21,32,0.016210624966761084,background,,False
C60,C8,EDC-HCl,TCTU,carbodiimide,other,549,21,32,-0.017906396189303862,background,,False
C60,C80,EDC-HCl,DCC,carbodiimide,carbodiimide,553,21,32,-0.011462245074699989,background,,False
C60,C81,EDC-HCl,DCC,carbodiimide,carbodiimide,536,20,31,0.001023568815893129,background,,False
C60,C82,EDC-HCl,DCC,carbodiimide,carbodiimide,561,21,32,0.05263558967257109,background,,False
C60,C83,EDC-HCl,DIC,carbodiimide,carbodiimide,560,21,31,-0.045614353617489195,background,,False
C60,C84,EDC-HCl,DIC,carbodiimide,carbodiimide,568,21,32,0.018720697292967874,background,,False
C60,C85,EDC-HCl,DIC,carbodiimide,carbodiimide,566,21,32,0.003561712687195219,background,,False
C60,C86,EDC-HCl,DIC,carbodiimide,carbodiimide,569,21,32,-0.005132751631024571,background,,False
C60,C87,EDC-HCl,EDC-HCl,carbodiimide,carbodiimide,567,21,32,0.07989263616430911,background,,False
C60,C88,EDC-HCl,EDC-HCl,carbodiimide,carbodiimide,556,21,32,-0.04034777784450695,background,,False
C60,C89,EDC-HCl,EDC-HCl,carbodiimide,carbodiimide,548,20,32,0.0062162198734351665,background,,False
C60,C9,EDC-HCl,TDBTU,carbodiimide,other,536,21,31,0.017789147452497725,background,,False
C60,C90,EDC-HCl,EDC-HCl,carbodiimide,carbodiimide,563,21,32,-0.0055124769382959085,background,,False
C60,C91,EDC-HCl,EDC-HCl,carbodiimide,carbodiimide,566,21,32,-0.008448183795841668,background,,False
C60,C92,EDC-HCl,HATU,carbodiimide,other,570,21,32,0.049937402248157514,background,,False
C60,C93,EDC-HCl,TPTU,carbodiimide,other,564,21,32,0.05098531497147557,background,,False
C60,C94,EDC-HCl,HBPYU,carbodiimide,other,570,21,31,0.06600481323500682,background,,False
C60,C95,EDC-HCl,IIDQ,carbodiimide,quinoline,568,21,31,-0.04932919286663273,target,0.04932919286663273,True
C60,C96,EDC-HCl,TOTU,carbodiimide,other,541,21,32,0.0011472030634273045,background,,False
C61,C62,PyAOP,TFFH,other,haloformamidinium,567,21,32,-0.0011713521072310162,background,,False
C61,C63,PyAOP,CDI,other,other,561,21,32,0.06683406996893493,background,,False
C61,C64,PyAOP,CDMT,other,other,553,21,32,-0.10251950079395208,background,,False
C61,C65,PyAOP,CIP,other,other,525,21,31,0.03451354450974908,background,,False
C61,C66,PyAOP,DIC,other,carbodiimide,567,21,32,-0.07392023222569648,background,,False
C61,C67,PyAOP,EDC-HCl,other,carbodiimide,565,21,32,0.02564669866670638,background,,False
C61,C68,PyAOP,EDC-HCl,other,carbodiimide,568,21,32,0.06203629378722603,background,,False
C61,C69,PyAOP,EDC-HCl,other,carbodiimide,561,21,32,0.035429136333139655,background,,False
C61,C7,PyAOP,HDMC,other,other,553,21,32,-0.05150041783572191,background,,False
C61,C70,PyAOP,DCC,other,carbodiimide,562,21,32,0.11339373271352432,background,,False
C61,C71,PyAOP,DCC,other,carbodiimide,565,21,32,0.04342669172265326,background,,False
C61,C72,PyAOP,IBCF,other,other,542,21,32,-0.023536693527421215,background,,False
C61,C73,PyAOP,DCC,other,carbodiimide,546,21,32,0.027097278089957322,background,,False
C61,C74,PyAOP,EDC-HCl,other,carbodiimide,567,21,32,-0.05122613840240402,background,,False
C61,C76,PyAOP,TCFH,other,haloformamidinium,566,21,32,0.014555704893019161,background,,False
C61,C77,PyAOP,DCC,other,carbodiimide,569,21,32,0.011602849211591215,background,,False
C61,C78,PyAOP,DCC,other,carbodiimide,567,21,32,-0.08092562431858183,background,,False
C61,C79,PyAOP,DCC,other,carbodiimide,565,21,32,-0.007059085630057731,background,,False
C61,C8,PyAOP,TCTU,other,other,549,21,32,-0.03920997933290035,background,,False
C61,C80,PyAOP,DCC,other,carbodiimide,555,21,32,-0.04079674456153586,background,,False
C61,C81,PyAOP,DCC,other,carbodiimide,536,20,31,-0.020719115605089114,background,,False
C61,C82,PyAOP,DCC,other,carbodiimide,560,21,32,0.027843643013990227,background,,False
C61,C83,PyAOP,DIC,other,carbodiimide,560,21,31,-0.06098438307118624,background,,False
C61,C84,PyAOP,DIC,other,carbodiimide,568,21,32,-0.0052381741364671205,background,,False
C61,C85,PyAOP,DIC,other,carbodiimide,566,21,32,-0.02445907257325909,background,,False
C61,C86,PyAOP,DIC,other,carbodiimide,570,21,32,-0.02852329037639923,background,,False
C61,C87,PyAOP,EDC-HCl,other,carbodiimide,567,21,32,0.05240269280928539,background,,False
C61,C88,PyAOP,EDC-HCl,other,carbodiimide,556,21,32,-0.06343920983687928,background,,False
C61,C89,PyAOP,EDC-HCl,other,carbodiimide,547,20,32,-0.0237386675130377,background,,False
C61,C9,PyAOP,TDBTU,other,other,537,21,31,-0.004483889123047154,background,,False
C61,C90,PyAOP,EDC-HCl,other,carbodiimide,563,21,32,-0.025689648134224315,background,,False
C61,C91,PyAOP,EDC-HCl,other,carbodiimide,565,21,32,-0.03351476150241442,background,,False
C61,C92,PyAOP,HATU,other,other,570,21,32,0.02562115937340992,background,,False
C61,C93,PyAOP,TPTU,other,other,564,21,32,0.03332046252663249,background,,False
C61,C94,PyAOP,HBPYU,other,other,570,21,31,0.03916697090843385,background,,False
C61,C95,PyAOP,IIDQ,other,quinoline,568,21,31,-0.07930867162494154,background,,False
C61,C96,PyAOP,TOTU,other,other,540,21,32,-0.018212869048178315,background,,False
C62,C63,TFFH,CDI,haloformamidinium,other,560,21,32,0.06600680770563079,background,,False
C62,C64,TFFH,CDMT,haloformamidinium,other,551,21,32,-0.11674613258019256,background,,False
C62,C65,TFFH,CIP,haloformamidinium,other,526,21,31,0.03113134508707674,background,,False
C62,C66,TFFH,DIC,haloformamidinium,carbodiimide,566,21,32,-0.07405392516702364,background,,False
C62,C67,TFFH,EDC-HCl,haloformamidinium,carbodiimide,565,21,32,0.029706629659999373,background,,False
C62,C68,TFFH,EDC-HCl,haloformamidinium,carbodiimide,568,21,32,0.06782983665539805,background,,False
C62,C69,TFFH,EDC-HCl,haloformamidinium,carbodiimide,562,21,32,0.027047106296046702,background,,False
C62,C7,TFFH,HDMC,haloformamidinium,other,552,21,32,-0.05571724608075301,background,,False
C62,C70,TFFH,DCC,haloformamidinium,carbodiimide,563,21,32,0.11581866086349173,background,,False
C62,C71,TFFH,DCC,haloformamidinium,carbodiimide,564,21,32,0.04358168311050761,background,,False
C62,C72,TFFH,IBCF,haloformamidinium,other,544,21,32,-0.009217969420700071,background,,False
C62,C73,TFFH,DCC,haloformamidinium,carbodiimide,545,21,32,0.029524271987328266,background,,False
C62,C74,TFFH,EDC-HCl,haloformamidinium,carbodiimide,566,21,32,-0.050388615840948725,background,,False
C62,C76,TFFH,TCFH,haloformamidinium,haloformamidinium,566,21,32,0.011712089097891596,background,,False
C62,C77,TFFH,DCC,haloformamidinium,carbodiimide,568,21,32,0.01499960657141039,background,,False
C62,C78,TFFH,DCC,haloformamidinium,carbodiimide,566,21,32,-0.0936291469256727,background,,False
C62,C79,TFFH,DCC,haloformamidinium,carbodiimide,565,21,32,-0.009843750921401162,background,,False
C62,C8,TFFH,TCTU,haloformamidinium,other,548,21,32,-0.044087536655974535,background,,False
C62,C80,TFFH,DCC,haloformamidinium,carbodiimide,553,21,32,-0.05714933860087967,background,,False
C62,C81,TFFH,DCC,haloformamidinium,carbodiimide,534,20,31,-0.044982918090456236,background,,False
C62,C82,TFFH,DCC,haloformamidinium,carbodiimide,558,21,32,0.0234691883710791,background,,False
C62,C83,TFFH,DIC,haloformamidinium,carbodiimide,559,21,31,-0.057112293732269614,background,,False
C62,C84,TFFH,DIC,haloformamidinium,carbodiimide,567,21,32,-0.004132657428255415,background,,False
C62,C85,TFFH,DIC,haloformamidinium,carbodiimide,566,21,32,-0.022045227048517413,background,,False
C62,C86,TFFH,DIC,haloformamidinium,carbodiimide,568,21,32,-0.030116830129969907,background,,False
C62,C87,TFFH,EDC-HCl,haloformamidinium,carbodiimide,566,21,32,0.047116299102350365,background,,False
C62,C88,TFFH,EDC-HCl,haloformamidinium,carbodiimide,555,21,32,-0.06948561811261994,background,,False
C62,C89,TFFH,EDC-HCl,haloformamidinium,carbodiimide,546,20,32,-0.022935293707928406,background,,False
C62,C9,TFFH,TDBTU,haloformamidinium,other,534,21,31,0.0003940206485836262,background,,False
C62,C90,TFFH,EDC-HCl,haloformamidinium,carbodiimide,561,21,32,-0.025685566805956905,background,,False
C62,C91,TFFH,EDC-HCl,haloformamidinium,carbodiimide,564,21,32,-0.03618766014344671,background,,False
C62,C92,TFFH,HATU,haloformamidinium,other,569,21,32,0.025295509517528403,background,,False
C62,C93,TFFH,TPTU,haloformamidinium,other,563,21,32,0.03191140912279,background,,False
C62,C94,TFFH,HBPYU,haloformamidinium,other,569,21,31,0.01651177333719514,background,,False
C62,C95,TFFH,IIDQ,haloformamidinium,quinoline,567,21,31,-0.09676729639355504,target,0.09676729639355504,True
C62,C96,TFFH,TOTU,haloformamidinium,other,540,21,32,-0.025055447953271054,background,,False
C63,C64,CDI,CDMT,other,other,546,21,32,-0.1731434981821391,background,,False
C63,C65,CDI,CIP,other,other,518,21,31,-0.026928352921940138,background,,False
C63,C66,CDI,DIC,other,carbodiimide,560,21,32,-0.14179541852481614,background,,False
C63,C67,CDI,EDC-HCl,other,carbodiimide,558,21,32,-0.04047855285067052,background,,False
C63,C68,CDI,EDC-HCl,other,carbodiimide,561,21,32,-0.007870492038678747,background,,False
C63,C69,CDI,EDC-HCl,other,carbodiimide,557,21,32,-0.03779857227488341,background,,False
C63,C7,CDI,HDMC,other,other,546,21,32,-0.120318646533768,background,,False
C63,C70,CDI,DCC,other,carbodiimide,555,21,32,0.049828208913055116,background,,False
C63,C71,CDI,DCC,other,carbodiimide,557,21,32,-0.024791681744687294,background,,False
C63,C72,CDI,IBCF,other,other,536,21,32,-0.07240044719074852,background,,False
C63,C73,CDI,DCC,other,carbodiimide,540,21,32,-0.04037342056650293,background,,False
C63,C74,CDI,EDC-HCl,other,carbodiimide,561,21,32,-0.11581088543479862,background,,False
C63,C76,CDI,TCFH,other,haloformamidinium,560,21,32,-0.049326111298286804,background,,False
C63,C77,CDI,DCC,other,carbodiimide,562,21,32,-0.0479238542035105,background,,False
C63,C78,CDI,DCC,other,carbodiimide,560,21,32,-0.15129655575762402,background,,False
C63,C79,CDI,DCC,other,carbodiimide,558,21,32,-0.07448086691709449,background,,False
C63,C8,CDI,TCTU,other,other,542,21,32,-0.10798713613353733,background,,False
C63,C80,CDI,DCC,other,carbodiimide,546,21,32,-0.12176561249717952,background,,False
C63,C81,CDI,DCC,other,carbodiimide,528,20,31,-0.09185106879899513,background,,False
C63,C82,CDI,DCC,other,carbodiimide,552,21,32,-0.03849860292663435,background,,False
C63,C83,CDI,DIC,other,carbodiimide,553,21,31,-0.12057068018977829,background,,False
C63,C84,CDI,DIC,other,carbodiimide,561,21,32,-0.0724389147585448,background,,False
C63,C85,CDI,DIC,other,carbodiimide,559,21,32,-0.09230349785547143,background,,False
C63,C86,CDI,DIC,other,carbodiimide,562,21,32,-0.09734101651654947,background,,False
C63,C87,CDI,EDC-HCl,other,carbodiimide,561,21,32,-0.010882348311053214,background,,False
C63,C88,CDI,EDC-HCl,other,carbodiimide,549,21,32,-0.1316196312023336,background,,False
C63,C89,CDI,EDC-HCl,other,carbodiimide,540,20,32,-0.08601495369964335,background,,False
C63,C9,CDI,TDBTU,other,other,529,21,31,-0.051037608075516855,background,,False
C63,C90,CDI,EDC-HCl,other,carbodiimide,555,21,32,-0.09224989801896893,background,,False
C63,C91,CDI,EDC-HCl,other,carbodiimide,558,21,32,-0.1008295434830424,background,,False
C63,C92,CDI,HATU,other,other,563,21,32,-0.03405180055986063,background,,False
C63,C93,CDI,TPTU,other,other,559,21,32,-0.03360272342680895,background,,False
C63,C94,CDI,HBPYU,other,other,563,21,31,-0.030051654401484933,background,,False
C63,C95,CDI,IIDQ,other,quinoline,561,21,31,-0.14482936031923582,background,,False
C63,C96,CDI,TOTU,other,other,533,21,32,-0.0854158126106076,background,,False
C64,C65,CDMT,CIP,other,other,511,21,31,0.14726582944781794,background,,False
C64,C66,CDMT,DIC,other,carbodiimide,552,21,32,0.03897557975941682,background,,False
C64,C67,CDMT,EDC-HCl,other,carbodiimide,549,21,32,0.1300570775310443,background,,False
C64,C68,CDMT,EDC-HCl,other,carbodiimide,552,21,32,0.17125571524571248,background,,False
C64,C69,CDMT,EDC-HCl,other,carbodiimide,546,21,32,0.14189677600533057,background,,False
C64,C7,CDMT,HDMC,other,other,538,21,32,0.04788698338589734,background,,False
C64,C70,CDMT,DCC,other,carbodiimide,546,21,32,0.22799605409342466,background,,False
C64,C71,CDMT,DCC,other,carbodiimide,550,21,32,0.13691699851712272,background,,False
C64,C72,CDMT,IBCF,other,other,527,21,32,0.09282749087508058,background,,False
C64,C73,CDMT,DCC,other,carbodiimide,531,21,32,0.13529874207991868,background,,False
C64,C74,CDMT,EDC-HCl,other,carbodiimide,552,21,32,0.048393661351925674,background,,False
C64,C76,CDMT,TCFH,other,haloformamidinium,550,21,32,0.13623899083948987,background,,False
C64,C77,CDMT,DCC,other,carbodiimide,554,21,32,0.13123395636442245,background,,False
C64,C78,CDMT,DCC,other,carbodiimide,551,21,32,0.016551428653820484,background,,False
C64,C79,CDMT,DCC,other,carbodiimide,549,21,32,0.09302147145987685,background,,False
C64,C8,CDMT,TCTU,other,other,534,21,32,0.05815195762974354,background,,False
C64,C80,CDMT,DCC,other,carbodiimide,540,21,32,0.057138993620965736,background,,False
C64,C81,CDMT,DCC,other,carbodiimide,520,20,31,0.06462400233646812,background,,False
C64,C82,CDMT,DCC,other,carbodiimide,543,21,32,0.13977449510820497,background,,False
C64,C83,CDMT,DIC,other,carbodiimide,545,21,31,0.045394704552499325,background,,False
C64,C84,CDMT,DIC,other,carbodiimide,552,21,32,0.10309862551474053,background,,False
C64,C85,CDMT,DIC,other,carbodiimide,550,21,32,0.08213289172590912,background,,False
C64,C86,CDMT,DIC,other,carbodiimide,553,21,32,0.08063310919315968,background,,False
C64,C87,CDMT,EDC-HCl,other,carbodiimide,554,21,32,0.15910673849680862,background,,False
C64,C88,CDMT,EDC-HCl,other,carbodiimide,542,21,32,0.045880252666935184,background,,False
C64,C89,CDMT,EDC-HCl,other,carbodiimide,531,20,32,0.08440310095686981,background,,False
C64,C9,CDMT,TDBTU,other,other,520,21,31,0.07660511622369591,background,,False
C64,C90,CDMT,EDC-HCl,other,carbodiimide,546,21,32,0.06984671658756589,background,,False
C64,C91,CDMT,EDC-HCl,other,carbodiimide,549,21,32,0.07235462506382004,background,,False
C64,C92,CDMT,HATU,other,other,554,21,32,0.14324415893551876,background,,False
C64,C93,CDMT,TPTU,other,other,548,21,32,0.12883112516500034,background,,False
C64,C94,CDMT,HBPYU,other,other,554,21,31,0.13764434341545326,background,,False
C64,C95,CDMT,IIDQ,other,quinoline,552,21,31,0.022180805521633457,background,,False
C64,C96,CDMT,TOTU,other,other,528,21,32,0.0893063225544905,background,,False
C65,C66,CIP,DIC,other,carbodiimide,525,21,31,-0.10016456814075664,background,,False
C65,C67,CIP,EDC-HCl,other,carbodiimide,522,21,31,0.000755416916144086,background,,False
C65,C68,CIP,EDC-HCl,other,carbodiimide,527,21,31,0.020353254764183287,background,,False
C65,C69,CIP,EDC-HCl,other,carbodiimide,519,21,31,-0.02355306591308233,background,,False
C65,C7,CIP,HDMC,other,other,511,21,31,-0.08660884249860445,background,,False
C65,C70,CIP,DCC,other,carbodiimide,520,21,31,0.08537920134017213,background,,False
C65,C71,CIP,DCC,other,carbodiimide,523,21,31,0.010678475662747683,background,,False
C65,C72,CIP,IBCF,other,other,504,21,31,-0.042168310874615866,background,,False
C65,C73,CIP,DCC,other,carbodiimide,513,21,31,-0.021865307997072717,background,,False
C65,C74,CIP,EDC-HCl,other,carbodiimide,524,21,31,-0.079613285057413,background,,False
C65,C76,CIP,TCFH,other,haloformamidinium,524,21,31,-0.016791395520134467,background,,False
C65,C77,CIP,DCC,other,carbodiimide,526,21,31,-0.025510158258009816,background,,False
C65,C78,CIP,DCC,other,carbodiimide,525,21,31,-0.11317051740172551,background,,False
C65,C79,CIP,DCC,other,carbodiimide,523,21,31,-0.03461414946382413,background,,False
C65,C8,CIP,TCTU,other,other,511,21,31,-0.07612864735914832,background,,False
C65,C80,CIP,DCC,other,carbodiimide,512,21,31,-0.08150661563918454,background,,False
C65,C81,CIP,DCC,other,carbodiimide,508,20,30,-0.06309738329646208,background,,False
C65,C82,CIP,DCC,other,carbodiimide,525,21,31,-0.01645400046421068,background,,False
C65,C83,CIP,DIC,other,carbodiimide,520,21,31,-0.09778515421063816,background,,False
C65,C84,CIP,DIC,other,carbodiimide,526,21,31,-0.03962032968305912,background,,False
C65,C85,CIP,DIC,other,carbodiimide,524,21,31,-0.05631374339616704,background,,False
C65,C86,CIP,DIC,other,carbodiimide,526,21,31,-0.06342045056277157,background,,False
C65,C87,CIP,EDC-HCl,other,carbodiimide,524,21,31,0.017389440573199424,background,,False
C65,C88,CIP,EDC-HCl,other,carbodiimide,514,21,31,-0.09148629267815672,background,,False
C65,C89,CIP,EDC-HCl,other,carbodiimide,509,20,31,-0.04843112128484789,background,,False
C65,C9,CIP,TDBTU,other,other,500,21,31,-0.04423499466409514,background,,False
C65,C90,CIP,EDC-HCl,other,carbodiimide,526,21,31,-0.05393952570164334,background,,False
C65,C91,CIP,EDC-HCl,other,carbodiimide,525,21,31,-0.06158172802041645,background,,False
C65,C92,CIP,HATU,other,other,527,21,31,0.002995258413684934,background,,False
C65,C93,CIP,TPTU,other,other,521,21,31,-0.011275692695475459,background,,False
C65,C94,CIP,HBPYU,other,other,527,21,30,-0.0031767320468960997,background,,False
C65,C95,CIP,IIDQ,other,quinoline,525,21,30,-0.1262921088594991,background,,False
C65,C96,CIP,TOTU,other,other,499,21,31,-0.049449097847201216,background,,False
C66,C67,DIC,EDC-HCl,carbodiimide,carbodiimide,565,21,32,0.10100754356013161,background,,False
C66,C68,DIC,EDC-HCl,carbodiimide,carbodiimide,568,21,32,0.1393692691479847,background,,False
C66,C69,DIC,EDC-HCl,carbodiimide,carbodiimide,561,21,32,0.1100029386031176,background,,False
C66,C7,DIC,HDMC,carbodiimide,other,552,21,32,0.014656410741240633,background,,False
C66,C70,DIC,DCC,carbodiimide,carbodiimide,562,21,32,0.18226729665885338,background,,False
C66,C71,DIC,DCC,carbodiimide,carbodiimide,563,21,32,0.11412555104038728,background,,False
C66,C72,DIC,IBCF,carbodiimide,other,542,21,32,0.04607159196617755,background,,False
C66,C73,DIC,DCC,carbodiimide,carbodiimide,545,21,32,0.10011215470528781,background,,False
C66,C74,DIC,EDC-HCl,carbodiimide,carbodiimide,566,21,32,0.02625873583856238,background,,False
C66,C76,DIC,TCFH,carbodiimide,haloformamidinium,566,21,32,0.09320666290194535,background,,False
C66,C77,DIC,DCC,carbodiimide,carbodiimide,568,21,32,0.0912651435190498,background,,False
C66,C78,DIC,DCC,carbodiimide,carbodiimide,566,21,32,-0.01238255565394044,background,,False
C66,C79,DIC,DCC,carbodiimide,carbodiimide,564,21,32,0.06379897390525606,background,,False
C66,C8,DIC,TCTU,carbodiimide,other,550,21,32,0.029122623466390427,background,,False
C66,C80,DIC,DCC,carbodiimide,carbodiimide,553,21,32,0.006373867348194843,background,,False
C66,C81,DIC,DCC,carbodiimide,carbodiimide,535,20,31,0.051289107508522266,background,,False
C66,C82,DIC,DCC,carbodiimide,carbodiimide,558,21,32,0.10285485188308752,background,,False
C66,C83,DIC,DIC,carbodiimide,carbodiimide,560,21,31,0.00268854555137241,background,,False
C66,C84,DIC,DIC,carbodiimide,carbodiimide,567,21,32,0.06955000588997096,background,,False
C66,C85,DIC,DIC,carbodiimide,carbodiimide,565,21,32,0.054269323391548455,background,,False
C66,C86,DIC,DIC,carbodiimide,carbodiimide,568,21,32,0.04522192286989131,background,,False
C66,C87,DIC,EDC-HCl,carbodiimide,carbodiimide,566,21,32,0.1309433769017806,background,,False
C66,C88,DIC,EDC-HCl,carbodiimide,carbodiimide,556,21,32,0.00988936419349903,background,,False
C66,C89,DIC,EDC-HCl,carbodiimide,carbodiimide,546,20,32,0.06009473192337247,background,,False
C66,C9,DIC,TDBTU,carbodiimide,other,535,21,31,0.047643146968702976,background,,False
C66,C90,DIC,EDC-HCl,carbodiimide,carbodiimide,561,21,32,0.04352104306461957,background,,False
C66,C91,DIC,EDC-HCl,carbodiimide,carbodiimide,564,21,32,0.03987298021378572,background,,False
C66,C92,DIC,HATU,carbodiimide,other,569,21,32,0.10485415698949951,background,,False
C66,C93,DIC,TPTU,carbodiimide,other,563,21,32,0.10415552187886701,background,,False
C66,C94,DIC,HBPYU,carbodiimide,other,569,21,31,0.11103976790480494,background,,False
C66,C95,DIC,IIDQ,carbodiimide,quinoline,567,21,31,-0.008237939923564669,target,0.008237939923564669,True
C66,C96,DIC,TOTU,carbodiimide,other,539,21,32,0.0420531303413334,background,,False
C67,C68,EDC-HCl,EDC-HCl,carbodiimide,carbodiimide,567,21,32,0.03664118453083027,background,,False
C67,C69,EDC-HCl,EDC-HCl,carbodiimide,carbodiimide,560,21,32,0.008092048748070207,background,,False
C67,C7,EDC-HCl,HDMC,carbodiimide,other,551,21,32,-0.07768613576983874,background,,False
C67,C70,EDC-HCl,DCC,carbodiimide,carbodiimide,560,21,32,0.08495473726187897,background,,False
C67,C71,EDC-HCl,DCC,carbodiimide,carbodiimide,562,21,32,0.018824286179310548,background,,False
C67,C72,EDC-HCl,IBCF,carbodiimide,other,540,21,32,-0.039225142514075884,background,,False
C67,C73,EDC-HCl,DCC,carbodiimide,carbodiimide,543,21,32,0.0004374486052853427,background,,False
C67,C74,EDC-HCl,EDC-HCl,carbodiimide,carbodiimide,564,21,32,-0.07318855856566303,background,,False
C67,C76,EDC-HCl,TCFH,carbodiimide,haloformamidinium,564,21,32,-0.01022132827497485,background,,False
C67,C77,EDC-HCl,DCC,carbodiimide,carbodiimide,566,21,32,-0.01241669561584724,background,,False
C67,C78,EDC-HCl,DCC,carbodiimide,carbodiimide,564,21,32,-0.11303355124627461,background,,False
C67,C79,EDC-HCl,DCC,carbodiimide,carbodiimide,562,21,32,-0.031052231474424236,background,,False
C67,C8,EDC-HCl,TCTU,carbodiimide,other,546,21,32,-0.06721873396352396,background,,False
C67,C80,EDC-HCl,DCC,carbodiimide,carbodiimide,550,21,32,-0.06016817371535904,background,,False
C67,C81,EDC-HCl,DCC,carbodiimide,carbodiimide,532,20,31,-0.04787825488677763,background,,False
C67,C82,EDC-HCl,DCC,carbodiimide,carbodiimide,556,21,32,-0.003613085762510987,background,,False
C67,C83,EDC-HCl,DIC,carbodiimide,carbodiimide,558,21,31,-0.09405339767165966,background,,False
C67,C84,EDC-HCl,DIC,carbodiimide,carbodiimide,565,21,32,-0.03177938235084547,background,,False
C67,C85,EDC-HCl,DIC,carbodiimide,carbodiimide,563,21,32,-0.05027624128714115,background,,False
C67,C86,EDC-HCl,DIC,carbodiimide,carbodiimide,566,21,32,-0.05507107742812135,background,,False
C67,C87,EDC-HCl,EDC-HCl,carbodiimide,carbodiimide,564,21,32,0.02308732937911398,background,,False
C67,C88,EDC-HCl,EDC-HCl,carbodiimide,carbodiimide,553,21,32,-0.09223872478555242,background,,False
C67,C89,EDC-HCl,EDC-HCl,carbodiimide,carbodiimide,544,20,32,-0.047117613762004185,background,,False
C67,C9,EDC-HCl,TDBTU,carbodiimide,other,532,21,31,-0.03168783274500955,background,,False
C67,C90,EDC-HCl,EDC-HCl,carbodiimide,carbodiimide,559,21,32,-0.050560879592333796,background,,False
C67,C91,EDC-HCl,EDC-HCl,carbodiimide,carbodiimide,562,21,32,-0.05950272406676016,background,,False
C67,C92,EDC-HCl,HATU,carbodiimide,other,567,21,32,0.004313889610180269,background,,False
C67,C93,EDC-HCl,TPTU,carbodiimide,other,561,21,32,0.006913950142335978,background,,False
C67,C94,EDC-HCl,HBPYU,carbodiimide,other,567,21,31,0.011386150109687382,background,,False
C67,C95,EDC-HCl,IIDQ,carbodiimide,quinoline,565,21,31,-0.10343609800343852,target,0.10343609800343852,True
C67,C96,EDC-HCl,TOTU,carbodiimide,other,537,21,32,-0.05951566626985766,background,,False
C68,C69,EDC-HCl,EDC-HCl,carbodiimide,carbodiimide,563,21,32,-0.02665913146227893,background,,False
C68,C7,EDC-HCl,HDMC,carbodiimide,other,553,21,32,-0.12062496431471631,background,,False
C68,C70,EDC-HCl,DCC,carbodiimide,carbodiimide,563,21,32,0.046594304126690536,background,,False
C68,C71,EDC-HCl,DCC,carbodiimide,carbodiimide,564,21,32,-0.020764044510422366,background,,False
C68,C72,EDC-HCl,IBCF,carbodiimide,other,542,21,32,-0.07307261734279943,background,,False
C68,C73,EDC-HCl,DCC,carbodiimide,carbodiimide,546,21,32,-0.03708825583690192,background,,False
C68,C74,EDC-HCl,EDC-HCl,carbodiimide,carbodiimide,567,21,32,-0.1123689507817946,background,,False
C68,C76,EDC-HCl,TCFH,carbodiimide,haloformamidinium,566,21,32,-0.04517546729691879,background,,False
C68,C77,EDC-HCl,DCC,carbodiimide,carbodiimide,569,21,32,-0.04690163930175692,background,,False
C68,C78,EDC-HCl,DCC,carbodiimide,carbodiimide,568,21,32,-0.15130235509746567,background,,False
C68,C79,EDC-HCl,DCC,carbodiimide,carbodiimide,565,21,32,-0.07639876609924715,background,,False
C68,C8,EDC-HCl,TCTU,carbodiimide,other,549,21,32,-0.10669091373648254,background,,False
C68,C80,EDC-HCl,DCC,carbodiimide,carbodiimide,553,21,32,-0.12111848945329379,background,,False
C68,C81,EDC-HCl,DCC,carbodiimide,carbodiimide,535,20,31,-0.08907455673321778,background,,False
C68,C82,EDC-HCl,DCC,carbodiimide,carbodiimide,560,21,32,-0.03806415061140983,background,,False
C68,C83,EDC-HCl,DIC,carbodiimide,carbodiimide,560,21,31,-0.11643955237240042,background,,False
C68,C84,EDC-HCl,DIC,carbodiimide,carbodiimide,568,21,32,-0.07012979903155772,background,,False
C68,C85,EDC-HCl,DIC,carbodiimide,carbodiimide,566,21,32,-0.09025108423642164,background,,False
C68,C86,EDC-HCl,DIC,carbodiimide,carbodiimide,569,21,32,-0.09383359111655606,background,,False
C68,C87,EDC-HCl,EDC-HCl,carbodiimide,carbodiimide,567,21,32,-0.010753615932990665,background,,False
C68,C88,EDC-HCl,EDC-HCl,carbodiimide,carbodiimide,556,21,32,-0.13044227974391706,background,,False
C68,C89,EDC-HCl,EDC-HCl,carbodiimide,carbodiimide,547,20,32,-0.0863833838599356,background,,False
C68,C9,EDC-HCl,TDBTU,carbodiimide,other,535,21,31,-0.04673557569955997,background,,False
C68,C90,EDC-HCl,EDC-HCl,carbodiimide,carbodiimide,563,21,32,-0.08935756327170985,background,,False
C68,C91,EDC-HCl,EDC-HCl,carbodiimide,carbodiimide,565,21,32,-0.10084304245194908,background,,False
C68,C92,EDC-HCl,HATU,carbodiimide,other,570,21,32,-0.03326571898073676,background,,False
C68,C93,EDC-HCl,TPTU,carbodiimide,other,564,21,32,-0.029744952779353018,background,,False
C68,C94,EDC-HCl,HBPYU,carbodiimide,other,570,21,31,-0.030574279059426772,background,,False
C68,C95,EDC-HCl,IIDQ,carbodiimide,quinoline,568,21,31,-0.1464605718044429,target,0.1464605718044429,True
C68,C96,EDC-HCl,TOTU,carbodiimide,other,540,21,32,-0.09173463146813805,background,,False
C69,C7,EDC-HCl,HDMC,carbodiimide,other,546,21,32,-0.0944242824839012,background,,False
C69,C70,EDC-HCl,DCC,carbodiimide,carbodiimide,556,21,32,0.08537906367321474,background,,False
C69,C71,EDC-HCl,DCC,carbodiimide,carbodiimide,558,21,32,0.011695044286122405,background,,False
C69,C72,EDC-HCl,IBCF,carbodiimide,other,535,21,32,-0.03261948548193169,background,,False
C69,C73,EDC-HCl,DCC,carbodiimide,carbodiimide,540,21,32,-0.0032723584529714394,background,,False
C69,C74,EDC-HCl,EDC-HCl,carbodiimide,carbodiimide,560,21,32,-0.08363862599584729,background,,False
C69,C76,EDC-HCl,TCFH,carbodiimide,haloformamidinium,561,21,32,-0.010829185059725577,background,,False
C69,C77,EDC-HCl,DCC,carbodiimide,carbodiimide,562,21,32,-0.010058116503549056,background,,False
C69,C78,EDC-HCl,DCC,carbodiimide,carbodiimide,560,21,32,-0.11822472860847555,background,,False
C69,C79,EDC-HCl,DCC,carbodiimide,carbodiimide,559,21,32,-0.04558208172800801,background,,False
C69,C8,EDC-HCl,TCTU,carbodiimide,other,542,21,32,-0.07909948715706366,background,,False
C69,C80,EDC-HCl,DCC,carbodiimide,carbodiimide,546,21,32,-0.08662676705305525,background,,False
C69,C81,EDC-HCl,DCC,carbodiimide,carbodiimide,529,20,31,-0.07644060097010255,background,,False
C69,C82,EDC-HCl,DCC,carbodiimide,carbodiimide,553,21,32,-0.00017598911452179622,background,,False
C69,C83,EDC-HCl,DIC,carbodiimide,carbodiimide,553,21,31,-0.08210519893533078,background,,False
C69,C84,EDC-HCl,DIC,carbodiimide,carbodiimide,561,21,32,-0.0404945940083232,background,,False
C69,C85,EDC-HCl,DIC,carbodiimide,carbodiimide,559,21,32,-0.06200819750104286,background,,False
C69,C86,EDC-HCl,DIC,carbodiimide,carbodiimide,562,21,32,-0.06668044781645127,background,,False
C69,C87,EDC-HCl,EDC-HCl,carbodiimide,carbodiimide,560,21,32,0.02494252017370878,background,,False
C69,C88,EDC-HCl,EDC-HCl,carbodiimide,carbodiimide,549,21,32,-0.10066289841656251,background,,False
C69,C89,EDC-HCl,EDC-HCl,carbodiimide,carbodiimide,540,20,32,-0.06826542203495398,background,,False
C69,C9,EDC-HCl,TDBTU,carbodiimide,other,529,21,31,-0.008595310248379617,background,,False
C69,C90,EDC-HCl,EDC-HCl,carbodiimide,carbodiimide,555,21,32,-0.05996855398571474,background,,False
C69,C91,EDC-HCl,EDC-HCl,carbodiimide,carbodiimide,558,21,32,-0.06835170785952685,background,,False
C69,C92,EDC-HCl,HATU,carbodiimide,other,563,21,32,-0.0007456902608017554,background,,False
C69,C93,EDC-HCl,TPTU,carbodiimide,other,559,21,32,-0.004533555580767817,background,,False
C69,C94,EDC-HCl,HBPYU,carbodiimide,other,563,21,31,-0.0039707995529062075,background,,False
C69,C95,EDC-HCl,IIDQ,carbodiimide,quinoline,561,21,31,-0.11548615736709003,target,0.11548615736709003,True
C69,C96,EDC-HCl,TOTU,carbodiimide,other,535,21,32,-0.05732178256881888,background,,False
C7,C70,HDMC,DCC,other,carbodiimide,547,21,32,0.16901042679092998,background,,False
C7,C71,HDMC,DCC,other,carbodiimide,550,21,32,0.09539191928884921,background,,False
C7,C72,HDMC,IBCF,other,other,529,21,31,0.017238990748254246,background,,False
C7,C73,HDMC,DCC,other,carbodiimide,532,21,32,0.09191317976938462,background,,False
C7,C74,HDMC,EDC-HCl,other,carbodiimide,553,21,32,0.004187515375831813,background,,False
C7,C76,HDMC,TCFH,other,haloformamidinium,551,21,32,0.07319957104974306,background,,False
C7,C77,HDMC,DCC,other,carbodiimide,554,21,32,0.06855268261392827,background,,False
C7,C78,HDMC,DCC,other,carbodiimide,552,21,32,-0.023189971801592872,background,,False
C7,C79,HDMC,DCC,other,carbodiimide,551,21,32,0.05220251732353892,background,,False
C7,C8,HDMC,TCTU,other,other,541,21,32,0.014671133200404442,background,,False
C7,C80,HDMC,DCC,other,carbodiimide,538,21,32,0.012533722319085006,background,,False
C7,C81,HDMC,DCC,other,carbodiimide,520,20,31,0.03473494157847244,background,,False
C7,C82,HDMC,DCC,other,carbodiimide,544,21,32,0.08282247873566217,background,,False
C7,C83,HDMC,DIC,other,carbodiimide,545,21,31,-0.011151419230479347,background,,False
C7,C84,HDMC,DIC,other,carbodiimide,553,21,32,0.051450521023082355,background,,False
C7,C85,HDMC,DIC,other,carbodiimide,551,21,32,0.03541583553785284,background,,False
C7,C86,HDMC,DIC,other,carbodiimide,555,21,32,0.025247616035423623,background,,False
C7,C87,HDMC,EDC-HCl,other,carbodiimide,554,21,32,0.10715634068950064,background,,False
C7,C88,HDMC,EDC-HCl,other,carbodiimide,542,21,32,-0.006736935233659085,background,,False
C7,C89,HDMC,EDC-HCl,other,carbodiimide,532,20,32,0.035519133761153024,background,,False
C7,C9,HDMC,TDBTU,other,other,523,21,31,0.0423185082163939,background,,False
C7,C90,HDMC,EDC-HCl,other,carbodiimide,547,21,32,0.029554552256469385,background,,False
C7,C91,HDMC,EDC-HCl,other,carbodiimide,550,21,32,0.021381212686384918,background,,False
C7,C92,HDMC,HATU,other,other,555,21,32,0.08667728815295095,background,,False
C7,C93,HDMC,TPTU,other,other,549,21,32,0.0878154089134116,background,,False
C7,C94,HDMC,HBPYU,other,other,555,21,31,0.09675826145001845,background,,False
C7,C95,HDMC,IIDQ,other,quinoline,553,21,31,-0.02455602242163285,background,,False
C7,C96,HDMC,TOTU,other,other,525,21,32,0.026070948088495915,background,,False
C70,C71,DCC,DCC,carbodiimide,carbodiimide,559,21,32,-0.0693536432912932,background,,False
C70,C72,DCC,IBCF,carbodiimide,other,538,21,32,-0.12480965889853822,background,,False
C70,C73,DCC,DCC,carbodiimide,carbodiimide,540,21,32,-0.08921025807518511,background,,False
C70,C74,DCC,EDC-HCl,carbodiimide,carbodiimide,561,21,32,-0.16218087760435784,background,,False
C70,C76,DCC,TCFH,carbodiimide,haloformamidinium,561,21,32,-0.10330851900227142,background,,False
C70,C77,DCC,DCC,carbodiimide,carbodiimide,563,21,32,-0.09915873288678209,background,,False
C70,C78,DCC,DCC,carbodiimide,carbodiimide,561,21,32,-0.20412741356163872,background,,False
C70,C79,DCC,DCC,carbodiimide,carbodiimide,560,21,32,-0.11827380968311849,background,,False
C70,C8,DCC,TCTU,carbodiimide,other,543,21,32,-0.15635866358567319,background,,False
C70,C80,DCC,DCC,carbodiimide,carbodiimide,548,21,32,-0.16916610244184788,background,,False
C70,C81,DCC,DCC,carbodiimide,carbodiimide,529,20,31,-0.13003364315109228,background,,False
C70,C82,DCC,DCC,carbodiimide,carbodiimide,553,21,32,-0.08982031591618615,background,,False
C70,C83,DCC,DIC,carbodiimide,carbodiimide,554,21,31,-0.1623354558526493,background,,False
C70,C84,DCC,DIC,carbodiimide,carbodiimide,562,21,32,-0.11426836365663978,background,,False
C70,C85,DCC,DIC,carbodiimide,carbodiimide,560,21,32,-0.13367850037563986,background,,False
C70,C86,DCC,DIC,carbodiimide,carbodiimide,563,21,32,-0.1422433735994647,background,,False
C70,C87,DCC,EDC-HCl,carbodiimide,carbodiimide,561,21,32,-0.06756219361261077,background,,False
C70,C88,DCC,EDC-HCl,carbodiimide,carbodiimide,550,21,32,-0.18241215331568017,background,,False
C70,C89,DCC,EDC-HCl,carbodiimide,carbodiimide,541,20,32,-0.1316938069517906,background,,False
C70,C9,DCC,TDBTU,carbodiimide,other,530,21,31,-0.10795876538806018,background,,False
C70,C90,DCC,EDC-HCl,carbodiimide,carbodiimide,556,21,32,-0.13837208463994977,background,,False
C70,C91,DCC,EDC-HCl,carbodiimide,carbodiimide,559,21,32,-0.14680432251192005,background,,False
C70,C92,DCC,HATU,carbodiimide,other,564,21,32,-0.08554904214417108,background,,False
C70,C93,DCC,TPTU,carbodiimide,other,558,21,32,-0.07969564647977118,background,,False
C70,C94,DCC,HBPYU,carbodiimide,other,564,21,31,-0.07822996708155922,background,,False
C70,C95,DCC,IIDQ,carbodiimide,quinoline,562,21,31,-0.1898020669884773,target,0.1898020669884773,True
C70,C96,DCC,TOTU,carbodiimide,other,535,21,32,-0.14232053476202394,background,,False
C71,C72,DCC,IBCF,carbodiimide,other,541,21,32,-0.051427627646897234,background,,False
C71,C73,DCC,DCC,carbodiimide,carbodiimide,543,21,32,-0.012261266017117453,background,,False
C71,C74,DCC,EDC-HCl,carbodiimide,carbodiimide,563,21,32,-0.09497254307672542,background,,False
C71,C76,DCC,TCFH,carbodiimide,haloformamidinium,562,21,32,-0.0295659729297153,background,,False
C71,C77,DCC,DCC,carbodiimide,carbodiimide,565,21,32,-0.02998819700140662,background,,False
C71,C78,DCC,DCC,carbodiimide,carbodiimide,563,21,32,-0.13378457802074437,background,,False
C71,C79,DCC,DCC,carbodiimide,carbodiimide,563,21,32,-0.04954831418452807,background,,False
C71,C8,DCC,TCTU,carbodiimide,other,545,21,32,-0.08197398631439534,background,,False
C71,C80,DCC,DCC,carbodiimide,carbodiimide,550,21,32,-0.07944118317715976,background,,False
C71,C81,DCC,DCC,carbodiimide,carbodiimide,532,20,31,-0.06688118203741165,background,,False
C71,C82,DCC,DCC,carbodiimide,carbodiimide,557,21,32,-0.01890977347371775,background,,False
C71,C83,DCC,DIC,carbodiimide,carbodiimide,556,21,31,-0.10181705254143367,background,,False
C71,C84,DCC,DIC,carbodiimide,carbodiimide,565,21,32,-0.04612744868210579,background,,False
C71,C85,DCC,DIC,carbodiimide,carbodiimide,563,21,32,-0.06501073985735262,background,,False
C71,C86,DCC,DIC,carbodiimide,carbodiimide,565,21,32,-0.07143778911578388,background,,False
C71,C87,DCC,EDC-HCl,carbodiimide,carbodiimide,564,21,32,0.0037752889211025015,background,,False
C71,C88,DCC,EDC-HCl,carbodiimide,carbodiimide,553,21,32,-0.10533296789528307,background,,False
C71,C89,DCC,EDC-HCl,carbodiimide,carbodiimide,543,20,32,-0.06519714135201402,background,,False
C71,C9,DCC,TDBTU,carbodiimide,other,533,21,31,-0.04763949733268695,background,,False
C71,C90,DCC,EDC-HCl,carbodiimide,carbodiimide,559,21,32,-0.06735768339325986,background,,False
C71,C91,DCC,EDC-HCl,carbodiimide,carbodiimide,561,21,32,-0.07568553756425134,background,,False
C71,C92,DCC,HATU,carbodiimide,other,566,21,32,-0.01786872182330375,background,,False
C71,C93,DCC,TPTU,carbodiimide,other,560,21,32,-0.009552954153202314,background,,False
C71,C94,DCC,HBPYU,carbodiimide,other,566,21,31,-0.015518788498849315,background,,False
C71,C95,DCC,IIDQ,carbodiimide,quinoline,564,21,31,-0.12658744701936722,target,0.12658744701936722,True
C71,C96,DCC,TOTU,carbodiimide,other,536,21,32,-0.07424591757001685,background,,False
C72,C73,IBCF,DCC,other,carbodiimide,520,21,32,0.034293440535126174,background,,False
C72,C74,IBCF,EDC-HCl,other,carbodiimide,541,21,32,-0.03624062135924805,background,,False
C72,C76,IBCF,TCFH,other,haloformamidinium,543,21,32,0.023646768315534212,background,,False
C72,C77,IBCF,DCC,other,carbodiimide,543,21,32,0.022236271916262103,background,,False
C72,C78,IBCF,DCC,other,carbodiimide,542,21,31,-0.062878819323544,background,,False
C72,C79,IBCF,DCC,other,carbodiimide,541,21,32,0.013126498044340129,background,,False
C72,C8,IBCF,TCTU,other,other,526,21,31,-0.0020215467846166346,background,,False
C72,C80,IBCF,DCC,other,carbodiimide,529,21,32,-0.0387063780605052,background,,False
C72,C81,IBCF,DCC,other,carbodiimide,510,20,31,-0.028335056339460873,background,,False
C72,C82,IBCF,DCC,other,carbodiimide,533,21,32,0.032466398272703555,background,,False
C72,C83,IBCF,DIC,other,carbodiimide,536,21,31,-0.03593324845797774,background,,False
C72,C84,IBCF,DIC,other,carbodiimide,543,21,32,0.012483011974046221,background,,False
C72,C85,IBCF,DIC,other,carbodiimide,540,21,32,-0.007103367972256469,background,,False
C72,C86,IBCF,DIC,other,carbodiimide,543,21,32,-0.009122103888030975,background,,False
C72,C87,IBCF,EDC-HCl,other,carbodiimide,542,21,32,0.05825902156871629,background,,False
C72,C88,IBCF,EDC-HCl,other,carbodiimide,530,21,32,-0.03835524946891922,background,,False
C72,C89,IBCF,EDC-HCl,other,carbodiimide,523,20,32,-0.005623499590605541,background,,False
C72,C9,IBCF,TDBTU,other,other,513,21,31,0.019514393719797907,background,,False
C72,C90,IBCF,EDC-HCl,other,carbodiimide,536,21,32,-0.010600241773534691,background,,False
C72,C91,IBCF,EDC-HCl,other,carbodiimide,539,21,32,-0.014660617786143304,background,,False
C72,C92,IBCF,HATU,other,other,544,21,32,0.03688072801474018,background,,False
C72,C93,IBCF,TPTU,other,other,538,21,32,0.037407328708709775,background,,False
C72,C94,IBCF,HBPYU,other,other,544,21,31,0.02700134381044028,background,,False
C72,C95,IBCF,IIDQ,other,quinoline,542,21,31,-0.08511672021795079,background,,False
C72,C96,IBCF,TOTU,other,other,515,21,32,-0.008596504803841457,background,,False
C73,C74,DCC,EDC-HCl,carbodiimide,carbodiimide,546,21,32,-0.0832146725279432,background,,False
C73,C76,DCC,TCFH,carbodiimide,haloformamidinium,544,21,32,-0.008554704582546202,background,,False
C73,C77,DCC,DCC,carbodiimide,carbodiimide,547,21,32,-0.007784885136423517,background,,False
C73,C78,DCC,DCC,carbodiimide,carbodiimide,545,21,32,-0.11394171671578002,background,,False
C73,C79,DCC,DCC,carbodiimide,carbodiimide,543,21,32,-0.040759995579412456,background,,False
C73,C8,DCC,TCTU,carbodiimide,other,528,21,32,-0.07827094307730706,background,,False
C73,C80,DCC,DCC,carbodiimide,carbodiimide,533,21,32,-0.08722882681740879,background,,False
C73,C81,DCC,DCC,carbodiimide,carbodiimide,529,20,31,-0.06574724666018644,background,,False
C73,C82,DCC,DCC,carbodiimide,carbodiimide,543,21,32,-0.0013999385863436575,background,,False
C73,C83,DCC,DIC,carbodiimide,carbodiimide,540,21,31,-0.0726848689867563,background,,False
C73,C84,DCC,DIC,carbodiimide,carbodiimide,546,21,32,-0.03450259783148593,background,,False
C73,C85,DCC,DIC,carbodiimide,carbodiimide,544,21,32,-0.05715000203020311,background,,False
C73,C86,DCC,DIC,carbodiimide,carbodiimide,547,21,32,-0.06075321167587247,background,,False
C73,C87,DCC,EDC-HCl,carbodiimide,carbodiimide,546,21,32,0.027649886290996087,background,,False
C73,C88,DCC,EDC-HCl,carbodiimide,carbodiimide,534,21,32,-0.09335077140210563,background,,False
C73,C89,DCC,EDC-HCl,carbodiimide,carbodiimide,530,20,32,-0.05565632230394524,background,,False
C73,C9,DCC,TDBTU,carbodiimide,other,514,21,31,-0.014110553423689526,background,,False
C73,C90,DCC,EDC-HCl,carbodiimide,carbodiimide,544,21,32,-0.05235035261795498,background,,False
C73,C91,DCC,EDC-HCl,carbodiimide,carbodiimide,545,21,32,-0.060517327112865865,background,,False
C73,C92,DCC,HATU,carbodiimide,other,548,21,32,0.006299362751940905,background,,False
C73,C93,DCC,TPTU,carbodiimide,other,542,21,32,0.004861389768314628,background,,False
C73,C94,DCC,HBPYU,carbodiimide,other,548,21,31,0.0010279459789184,background,,False
C73,C95,DCC,IIDQ,carbodiimide,quinoline,546,21,31,-0.11194818570768127,target,0.11194818570768127,True
C73,C96,DCC,TOTU,carbodiimide,other,519,21,32,-0.0521055864864132,background,,False
C74,C76,EDC-HCl,TCFH,carbodiimide,haloformamidinium,565,21,32,0.06651999705829748,background,,False
C74,C77,EDC-HCl,DCC,carbodiimide,carbodiimide,568,21,32,0.06509926669928484,background,,False
C74,C78,EDC-HCl,DCC,carbodiimide,carbodiimide,566,21,32,-0.03901073899567718,background,,False
C74,C79,EDC-HCl,DCC,carbodiimide,carbodiimide,564,21,32,0.047049479979707334,background,,False
C74,C8,EDC-HCl,TCTU,carbodiimide,other,548,21,32,0.006898289542623753,background,,False
C74,C80,EDC-HCl,DCC,carbodiimide,carbodiimide,552,21,32,0.023102284753963816,background,,False
C74,C81,EDC-HCl,DCC,carbodiimide,carbodiimide,534,20,31,0.028614518063641535,background,,False
C74,C82,EDC-HCl,DCC,carbodiimide,carbodiimide,558,21,32,0.07857696544068377,background,,False
C74,C83,EDC-HCl,DIC,carbodiimide,carbodiimide,560,21,31,-0.020463464504747612,background,,False
C74,C84,EDC-HCl,DIC,carbodiimide,carbodiimide,567,21,32,0.045555300470692686,background,,False
C74,C85,EDC-HCl,DIC,carbodiimide,carbodiimide,565,21,32,0.028962305790239347,background,,False
C74,C86,EDC-HCl,DIC,carbodiimide,carbodiimide,568,21,32,0.019945160055003956,background,,False
C74,C87,EDC-HCl,EDC-HCl,carbodiimide,carbodiimide,566,21,32,0.10207232506783051,background,,False
C74,C88,EDC-HCl,EDC-HCl,carbodiimide,carbodiimide,555,21,32,-0.01874897138746977,background,,False
C74,C89,EDC-HCl,EDC-HCl,carbodiimide,carbodiimide,546,20,32,0.029570237147704823,background,,False
C74,C9,EDC-HCl,TDBTU,carbodiimide,other,534,21,31,0.040833254184178984,background,,False
C74,C90,EDC-HCl,EDC-HCl,carbodiimide,carbodiimide,561,21,32,0.02274823404561789,background,,False
C74,C91,EDC-HCl,EDC-HCl,carbodiimide,carbodiimide,564,21,32,0.015011874481618349,background,,False
C74,C92,EDC-HCl,HATU,carbodiimide,other,570,21,32,0.08042302686344402,background,,False
C74,C93,EDC-HCl,TPTU,carbodiimide,other,563,21,32,0.08170917989078294,background,,False
C74,C94,EDC-HCl,HBPYU,carbodiimide,other,569,21,31,0.08760776721898386,background,,False
C74,C95,EDC-HCl,IIDQ,carbodiimide,quinoline,567,21,31,-0.03051248801009135,target,0.03051248801009135,True
C74,C96,EDC-HCl,TOTU,carbodiimide,other,539,21,32,0.020614335342511836,background,,False
C76,C77,TCFH,DCC,haloformamidinium,carbodiimide,567,21,32,-0.000624326167281343,background,,False
C76,C78,TCFH,DCC,haloformamidinium,carbodiimide,565,21,32,-0.10517160636176731,background,,False
C76,C79,TCFH,DCC,haloformamidinium,carbodiimide,563,21,32,-0.021744831497737316,background,,False
C76,C8,TCFH,TCTU,haloformamidinium,other,547,21,32,-0.06315443202627785,background,,False
C76,C80,TCFH,DCC,haloformamidinium,carbodiimide,551,21,32,-0.0717827799457359,background,,False
C76,C81,TCFH,DCC,haloformamidinium,carbodiimide,533,20,31,-0.06377813413419126,background,,False
C76,C82,TCFH,DCC,haloformamidinium,carbodiimide,557,21,32,0.006648545077294281,background,,False
C76,C83,TCFH,DIC,haloformamidinium,carbodiimide,558,21,31,-0.07979380126241492,background,,False
C76,C84,TCFH,DIC,haloformamidinium,carbodiimide,567,21,32,-0.021611568363294587,background,,False
C76,C85,TCFH,DIC,haloformamidinium,carbodiimide,564,21,32,-0.04323057171491329,background,,False
C76,C86,TCFH,DIC,haloformamidinium,carbodiimide,567,21,32,-0.047571735873015,background,,False
C76,C87,TCFH,EDC-HCl,haloformamidinium,carbodiimide,565,21,32,0.03558685773111718,background,,False
C76,C88,TCFH,EDC-HCl,haloformamidinium,carbodiimide,554,21,32,-0.08599822415398023,background,,False
C76,C89,TCFH,EDC-HCl,haloformamidinium,carbodiimide,546,20,32,-0.037731288730856016,background,,False
C76,C9,TCFH,TDBTU,haloformamidinium,other,533,21,31,-0.02075404634191469,background,,False
C76,C90,TCFH,EDC-HCl,haloformamidinium,carbodiimide,560,21,32,-0.04708857785123405,background,,False
C76,C91,TCFH,EDC-HCl,haloformamidinium,carbodiimide,563,21,32,-0.0517875047043827,background,,False
C76,C92,TCFH,HATU,haloformamidinium,other,568,21,32,0.014680379334530841,background,,False
C76,C93,TCFH,TPTU,haloformamidinium,other,563,21,32,0.012174522123696685,background,,False
C76,C94,TCFH,HBPYU,haloformamidinium,other,568,21,31,0.0034307012025256434,background,,False
C76,C95,TCFH,IIDQ,haloformamidinium,quinoline,566,21,31,-0.11049592588712559,target,0.11049592588712559,True
C76,C96,TCFH,TOTU,haloformamidinium,other,539,21,32,-0.03491471793259386,background,,False
C77,C78,DCC,DCC,carbodiimide,carbodiimide,568,21,32,-0.10461706483316063,background,,False
C77,C79,DCC,DCC,carbodiimide,carbodiimide,566,21,32,-0.02039195530232668,background,,False
C77,C8,DCC,TCTU,carbodiimide,other,550,21,32,-0.059429105038825925,background,,False
C77,C80,DCC,DCC,carbodiimide,carbodiimide,554,21,32,-0.07208701002461376,background,,False
C77,C81,DCC,DCC,carbodiimide,carbodiimide,536,20,31,-0.06824442242513318,background,,False
C77,C82,DCC,DCC,carbodiimide,carbodiimide,561,21,32,0.009569525594512136,background,,False
C77,C83,DCC,DIC,carbodiimide,carbodiimide,561,21,31,-0.07237228944790852,background,,False
C77,C84,DCC,DIC,carbodiimide,carbodiimide,569,21,32,-0.016321113526493347,background,,False
C77,C85,DCC,DIC,carbodiimide,carbodiimide,567,21,32,-0.03984585154790393,background,,False
C77,C86,DCC,DIC,carbodiimide,carbodiimide,570,21,32,-0.04456279980516292,background,,False
C77,C87,DCC,EDC-HCl,carbodiimide,carbodiimide,568,21,32,0.037794491816123134,background,,False
C77,C88,DCC,EDC-HCl,carbodiimide,carbodiimide,557,21,32,-0.08299709436192404,background,,False
C77,C89,DCC,EDC-HCl,carbodiimide,carbodiimide,548,20,32,-0.03937108335358336,background,,False
C77,C9,DCC,TDBTU,carbodiimide,other,536,21,31,-0.015724024905794387,background,,False
C77,C90,DCC,EDC-HCl,carbodiimide,carbodiimide,563,21,32,-0.04447688371055064,background,,False
C77,C91,DCC,EDC-HCl,carbodiimide,carbodiimide,566,21,32,-0.05112169085988477,background,,False
C77,C92,DCC,HATU,carbodiimide,other,571,21,32,0.013906878024744801,background,,False
C77,C93,DCC,TPTU,carbodiimide,other,565,21,32,0.01358561385786805,background,,False
C77,C94,DCC,HBPYU,carbodiimide,other,571,21,31,0.007412306515138772,background,,False
C77,C95,DCC,IIDQ,carbodiimide,quinoline,569,21,31,-0.10736652994988989,target,0.10736652994988989,True
C77,C96,DCC,TOTU,carbodiimide,other,542,21,32,-0.035474694110169264,background,,False
C78,C79,DCC,DCC,carbodiimide,carbodiimide,565,21,32,0.07755594003458577,background,,False
C78,C8,DCC,TCTU,carbodiimide,other,548,21,32,0.030669248405199852,background,,False
C78,C80,DCC,DCC,carbodiimide,carbodiimide,553,21,32,0.05467944982696341,background,,False
C78,C81,DCC,DCC,carbodiimide,carbodiimide,534,20,31,0.06387399636795127,background,,False
C78,C82,DCC,DCC,carbodiimide,carbodiimide,559,21,32,0.11879393897115703,background,,False
C78,C83,DCC,DIC,carbodiimide,carbodiimide,561,21,31,0.012115245202246445,background,,False
C78,C84,DCC,DIC,carbodiimide,carbodiimide,567,21,32,0.08291861972435319,background,,False
C78,C85,DCC,DIC,carbodiimide,carbodiimide,565,21,32,0.06682366201412952,background,,False
C78,C86,DCC,DIC,carbodiimide,carbodiimide,568,21,32,0.05217890297690542,background,,False
C78,C87,DCC,EDC-HCl,carbodiimide,carbodiimide,566,21,32,0.14321996906663087,background,,False
C78,C88,DCC,EDC-HCl,carbodiimide,carbodiimide,556,21,32,0.014018243074599306,background,,False
C78,C89,DCC,EDC-HCl,carbodiimide,carbodiimide,546,20,32,0.07121399015933698,background,,False
C78,C9,DCC,TDBTU,carbodiimide,other,535,21,31,0.05593482883866779,background,,False
C78,C90,DCC,EDC-HCl,carbodiimide,carbodiimide,562,21,32,0.0561579615605953,background,,False
C78,C91,DCC,EDC-HCl,carbodiimide,carbodiimide,564,21,32,0.047606493590982873,background,,False
C78,C92,DCC,HATU,carbodiimide,other,570,21,32,0.11584631378416493,background,,False
C78,C93,DCC,TPTU,carbodiimide,other,563,21,32,0.1183380394366773,background,,False
C78,C94,DCC,HBPYU,carbodiimide,other,569,21,31,0.12459746908504246,background,,False
C78,C95,DCC,IIDQ,carbodiimide,quinoline,567,21,31,0.005327977003869888,target,-0.005327977003869888,True
C78,C96,DCC,TOTU,carbodiimide,other,539,21,32,0.05715377219657125,background,,False
C79,C8,DCC,TCTU,carbodiimide,other,546,21,32,-0.04243259822069463,background,,False
C79,C80,DCC,DCC,carbodiimide,carbodiimide,552,21,32,-0.040539001358383224,background,,False
C79,C81,DCC,DCC,carbodiimide,carbodiimide,532,20,31,-0.014979774282535517,background,,False
C79,C82,DCC,DCC,carbodiimide,carbodiimide,556,21,32,0.038466839130770036,background,,False
C79,C83,DCC,DIC,carbodiimide,carbodiimide,557,21,31,-0.05661561787455524,background,,False
C79,C84,DCC,DIC,carbodiimide,carbodiimide,565,21,32,0.002461095957499892,background,,False
C79,C85,DCC,DIC,carbodiimide,carbodiimide,563,21,32,-0.0076258171843896355,background,,False
C79,C86,DCC,DIC,carbodiimide,carbodiimide,566,21,32,-0.023553219239794122,background,,False
C79,C87,DCC,EDC-HCl,carbodiimide,carbodiimide,564,21,32,0.05826230220292411,background,,False
C79,C88,DCC,EDC-HCl,carbodiimide,carbodiimide,553,21,32,-0.055197250329852496,background,,False
C79,C89,DCC,EDC-HCl,carbodiimide,carbodiimide,544,20,32,-0.012479225824903673,background,,False
C79,C9,DCC,TDBTU,carbodiimide,other,535,21,31,-0.011986297791884086,background,,False
C79,C90,DCC,EDC-HCl,carbodiimide,carbodiimide,559,21,32,-0.02155440541418996,background,,False
C79,C91,DCC,EDC-HCl,carbodiimide,carbodiimide,562,21,32,-0.029099090691135063,background,,False
C79,C92,DCC,HATU,carbodiimide,other,568,21,32,0.031203512352675267,background,,False
C79,C93,DCC,TPTU,carbodiimide,other,561,21,32,0.04121888404309462,background,,False
C79,C94,DCC,HBPYU,carbodiimide,other,567,21,31,0.03736042668784881,background,,False
C79,C95,DCC,IIDQ,carbodiimide,quinoline,565,21,31,-0.07883766812994897,target,0.07883766812994897,True
C79,C96,DCC,TOTU,carbodiimide,other,538,21,32,-0.024329279539364146,background,,False
C8,C80,TCTU,DCC,other,carbodiimide,537,21,32,0.002687143468943179,background,,False
C8,C81,TCTU,DCC,other,carbodiimide,518,20,31,0.021697266542766526,background,,False
C8,C82,TCTU,DCC,other,carbodiimide,540,21,32,0.07124714094421647,background,,False
C8,C83,TCTU,DIC,other,carbodiimide,542,21,31,-0.021175279444328392,background,,False
C8,C84,TCTU,DIC,other,carbodiimide,549,21,32,0.040570831471017935,background,,False
C8,C85,TCTU,DIC,other,carbodiimide,547,21,32,0.024924684340275616,background,,False
C8,C86,TCTU,DIC,other,carbodiimide,551,21,32,0.013033633398466124,background,,False
C8,C87,TCTU,EDC-HCl,other,carbodiimide,549,21,32,0.09805409419491512,background,,False
C8,C88,TCTU,EDC-HCl,other,carbodiimide,540,21,32,-0.02123542600017885,background,,False
C8,C89,TCTU,EDC-HCl,other,carbodiimide,529,20,32,0.024844810741381874,background,,False
C8,C9,TCTU,TDBTU,other,other,520,21,31,0.03711811683548677,background,,False
C8,C90,TCTU,EDC-HCl,other,carbodiimide,543,21,32,0.01671529887619358,background,,False
C8,C91,TCTU,EDC-HCl,other,carbodiimide,546,21,32,0.008872447923901128,background,,False
C8,C92,TCTU,HATU,other,other,551,21,32,0.07396794293852127,background,,False
C8,C93,TCTU,TPTU,other,other,545,21,32,0.07393927302867896,background,,False
C8,C94,TCTU,HBPYU,other,other,552,21,31,0.08256208895955583,background,,False
C8,C95,TCTU,IIDQ,other,quinoline,549,21,31,-0.03524925822182057,background,,False
C8,C96,TCTU,TOTU,other,other,523,21,32,0.016964376066235964,background,,False
C80,C81,DCC,DCC,carbodiimide,carbodiimide,523,20,31,0.04037321306396509,background,,False
C80,C82,DCC,DCC,carbodiimide,carbodiimide,544,21,32,0.08459327569691483,background,,False
C80,C83,DCC,DIC,carbodiimide,carbodiimide,546,21,31,0.0027049395391055215,background,,False
C80,C84,DCC,DIC,carbodiimide,carbodiimide,553,21,32,0.05554520452441709,background,,False
C80,C85,DCC,DIC,carbodiimide,carbodiimide,552,21,32,0.03711630271956676,background,,False
C80,C86,DCC,DIC,carbodiimide,carbodiimide,556,21,32,0.02924855896613094,background,,False
C80,C87,DCC,EDC-HCl,carbodiimide,carbodiimide,552,21,32,0.1010700314493927,background,,False
C80,C88,DCC,EDC-HCl,carbodiimide,carbodiimide,544,21,32,-0.008924022165755878,background,,False
C80,C89,DCC,EDC-HCl,carbodiimide,carbodiimide,532,20,32,0.042191799788331256,background,,False
C80,C9,DCC,TDBTU,carbodiimide,other,520,21,31,0.032262763691374846,background,,False
C80,C90,DCC,EDC-HCl,carbodiimide,carbodiimide,547,21,32,0.012240654752712868,background,,False
C80,C91,DCC,EDC-HCl,carbodiimide,carbodiimide,550,21,32,0.01552811827971845,background,,False
C80,C92,DCC,HATU,carbodiimide,other,556,21,32,0.07080252779315188,background,,False
C80,C93,DCC,TPTU,carbodiimide,other,549,21,32,0.0653755188633327,background,,False
C80,C94,DCC,HBPYU,carbodiimide,other,556,21,31,0.08004791881187762,background,,False
C80,C95,DCC,IIDQ,carbodiimide,quinoline,553,21,31,-0.024113061888847015,target,0.024113061888847015,True
C80,C96,DCC,TOTU,carbodiimide,other,527,21,32,0.02703107355052753,background,,False
C81,C82,DCC,DCC,carbodiimide,carbodiimide,532,20,31,0.06542485117352609,background,,False
C81,C83,DCC,DIC,carbodiimide,carbodiimide,528,20,30,-0.04980305445568224,background,,False
C81,C84,DCC,DIC,carbodiimide,carbodiimide,535,20,31,0.015165309559637494,background,,False
C81,C85,DCC,DIC,carbodiimide,carbodiimide,533,20,31,-0.0006284864869394655,background,,False
C81,C86,DCC,DIC,carbodiimide,carbodiimide,537,20,31,-0.001172596227569711,background,,False
C81,C87,DCC,EDC-HCl,carbodiimide,carbodiimide,534,20,31,0.08501941176171343,background,,False
C81,C88,DCC,EDC-HCl,carbodiimide,carbodiimide,523,20,31,-0.05064690081257858,background,,False
C81,C89,DCC,EDC-HCl,carbodiimide,carbodiimide,524,20,31,0.006070091217781189,background,,False
C81,C9,DCC,TDBTU,carbodiimide,other,505,20,30,0.015448471109362549,background,,False
C81,C90,DCC,EDC-HCl,carbodiimide,carbodiimide,534,20,31,0.00445368641309675,background,,False
C81,C91,DCC,EDC-HCl,carbodiimide,carbodiimide,534,20,31,0.004713770510719639,background,,False
C81,C92,DCC,HATU,carbodiimide,other,537,20,31,0.056682049542439106,background,,False
C81,C93,DCC,TPTU,carbodiimide,other,531,20,31,0.06256443184995303,background,,False
C81,C94,DCC,HBPYU,carbodiimide,other,538,20,31,0.05705086645978327,background,,False
C81,C95,DCC,IIDQ,carbodiimide,quinoline,536,20,31,-0.05957497197112144,target,0.05957497197112144,True
C81,C96,DCC,TOTU,carbodiimide,other,508,20,31,0.007098821304797109,background,,False
C82,C83,DCC,DIC,carbodiimide,carbodiimide,552,21,31,-0.08638453201403434,background,,False
C82,C84,DCC,DIC,carbodiimide,carbodiimide,560,21,32,-0.03157656072954146,background,,False
C82,C85,DCC,DIC,carbodiimide,carbodiimide,558,21,32,-0.052571260300121436,background,,False
C82,C86,DCC,DIC,carbodiimide,carbodiimide,560,21,32,-0.0578766378889046,background,,False
C82,C87,DCC,EDC-HCl,carbodiimide,carbodiimide,558,21,32,0.02728692693948255,background,,False
C82,C88,DCC,EDC-HCl,carbodiimide,carbodiimide,547,21,32,-0.09481708595732263,background,,False
C82,C89,DCC,EDC-HCl,carbodiimide,carbodiimide,541,20,32,-0.047459435890121804,background,,False
C82,C9,DCC,TDBTU,carbodiimide,other,527,21,31,-0.028179352858258178,background,,False
C82,C90,DCC,EDC-HCl,carbodiimide,carbodiimide,559,21,32,-0.056064081711726665,background,,False
C82,C91,DCC,EDC-HCl,carbodiimide,carbodiimide,557,21,32,-0.059809798842437534,background,,False
C82,C92,DCC,HATU,carbodiimide,other,561,21,32,0.004735222159864758,background,,False
C82,C93,DCC,TPTU,carbodiimide,other,555,21,32,0.004389608821419311,background,,False
C82,C94,DCC,HBPYU,carbodiimide,other,561,21,31,-0.0022368965593243667,background,,False
C82,C95,DCC,IIDQ,carbodiimide,quinoline,559,21,31,-0.11575409813000911,target,0.11575409813000911,True
C82,C96,DCC,TOTU,carbodiimide,other,531,21,32,-0.04563986346716513,background,,False
C83,C84,DIC,DIC,carbodiimide,carbodiimide,560,21,31,0.06293534560483036,background,,False
C83,C85,DIC,DIC,carbodiimide,carbodiimide,558,21,31,0.0437990748065802,background,,False
C83,C86,DIC,DIC,carbodiimide,carbodiimide,561,21,31,0.038315193477408756,background,,False
C83,C87,DIC,EDC-HCl,carbodiimide,carbodiimide,559,21,31,0.11597395516762848,background,,False
C83,C88,DIC,EDC-HCl,carbodiimide,carbodiimide,550,21,31,0.006240191063451279,background,,False
C83,C89,DIC,EDC-HCl,carbodiimide,carbodiimide,540,20,31,0.06682731052667203,background,,False
C83,C9,DIC,TDBTU,carbodiimide,other,529,21,31,0.05156538280007945,background,,False
C83,C90,DIC,EDC-HCl,carbodiimide,carbodiimide,555,21,31,0.0392139728731613,background,,False
C83,C91,DIC,EDC-HCl,carbodiimide,carbodiimide,559,21,31,0.03263924751061763,background,,False
C83,C92,DIC,HATU,carbodiimide,other,563,21,31,0.09301820910008735,background,,False
C83,C93,DIC,TPTU,carbodiimide,other,556,21,31,0.08487556327033816,background,,False
C83,C94,DIC,HBPYU,carbodiimide,other,562,21,30,0.10143215981888928,background,,False
C83,C95,DIC,IIDQ,carbodiimide,quinoline,560,21,30,-0.024446074350059077,target,0.024446074350059077,True
C83,C96,DIC,TOTU,carbodiimide,other,532,21,31,0.032781123037676996,background,,False
C84,C85,DIC,DIC,carbodiimide,carbodiimide,567,21,32,-0.016124381062289795,background,,False
C84,C86,DIC,DIC,carbodiimide,carbodiimide,569,21,32,-0.02430640759172268,background,,False
C84,C87,DIC,EDC-HCl,carbodiimide,carbodiimide,567,21,32,0.05884677243433312,background,,False
C84,C88,DIC,EDC-HCl,carbodiimide,carbodiimide,557,21,32,-0.06332686468472075,background,,False
C84,C89,DIC,EDC-HCl,carbodiimide,carbodiimide,548,20,32,-0.002708773634069808,background,,False
C84,C9,DIC,TDBTU,carbodiimide,other,535,21,31,-0.004363731552333088,background,,False
C84,C90,DIC,EDC-HCl,carbodiimide,carbodiimide,562,21,32,-0.02375298711036005,background,,False
C84,C91,DIC,EDC-HCl,carbodiimide,carbodiimide,565,21,32,-0.031067771788717575,background,,False
C84,C92,DIC,HATU,carbodiimide,other,570,21,32,0.030141134737986075,background,,False
C84,C93,DIC,TPTU,carbodiimide,other,564,21,32,0.029611842111458113,background,,False
C84,C94,DIC,HBPYU,carbodiimide,other,570,21,31,0.03786724431442623,background,,False
C84,C95,DIC,IIDQ,carbodiimide,quinoline,568,21,31,-0.08236212169643986,target,0.08236212169643986,True
C84,C96,DIC,TOTU,carbodiimide,other,540,21,32,-0.021348931114967662,background,,False
C85,C86,DIC,DIC,carbodiimide,carbodiimide,568,21,32,-0.007134494855259089,background,,False
C85,C87,DIC,EDC-HCl,carbodiimide,carbodiimide,565,21,32,0.07838953292563555,background,,False
C85,C88,DIC,EDC-HCl,carbodiimide,carbodiimide,554,21,32,-0.044185315335816586,background,,False
C85,C89,DIC,EDC-HCl,carbodiimide,carbodiimide,547,20,32,0.009604892268264165,background,,False
C85,C9,DIC,TDBTU,carbodiimide,other,533,21,31,0.019815272635861303,background,,False
C85,C90,DIC,EDC-HCl,carbodiimide,carbodiimide,561,21,32,-0.00625772248850158,background,,False
C85,C91,DIC,EDC-HCl,carbodiimide,carbodiimide,563,21,32,-0.013771630716045348,background,,False
C85,C92,DIC,HATU,carbodiimide,other,568,21,32,0.049142643483166576,background,,False
C85,C93,DIC,TPTU,carbodiimide,other,563,21,32,0.04826532276849378,background,,False
C85,C94,DIC,HBPYU,carbodiimide,other,568,21,31,0.05796465651387164,background,,False
C85,C95,DIC,IIDQ,carbodiimide,quinoline,566,21,31,-0.060772217527332695,target,0.060772217527332695,True
C85,C96,DIC,TOTU,carbodiimide,other,538,21,32,-0.0023720618162373364,background,,False
C86,C87,DIC,EDC-HCl,carbodiimide,carbodiimide,568,21,32,0.0845596408406667,background,,False
C86,C88,DIC,EDC-HCl,carbodiimide,carbodiimide,558,21,32,-0.03651515803042035,background,,False
C86,C89,DIC,EDC-HCl,carbodiimide,carbodiimide,549,20,32,0.017062562848097526,background,,False
C86,C9,DIC,TDBTU,carbodiimide,other,536,21,31,0.013886686417895165,background,,False
C86,C90,DIC,EDC-HCl,carbodiimide,carbodiimide,563,21,32,0.0004078819584646502,background,,False
C86,C91,DIC,EDC-HCl,carbodiimide,carbodiimide,566,21,32,-0.006165091598186893,background,,False
C86,C92,DIC,HATU,carbodiimide,other,571,21,32,0.05793047821820682,background,,False
C86,C93,DIC,TPTU,carbodiimide,other,565,21,32,0.05913845069246472,background,,False
C86,C94,DIC,HBPYU,carbodiimide,other,572,21,31,0.06146582141965354,background,,False
C86,C95,DIC,IIDQ,carbodiimide,quinoline,569,21,31,-0.05427751670446618,target,0.05427751670446618,True
C86,C96,DIC,TOTU,carbodiimide,other,542,21,32,0.003031510965839812,background,,False
C87,C88,EDC-HCl,EDC-HCl,carbodiimide,carbodiimide,556,21,32,-0.12205391529184834,background,,False
C87,C89,EDC-HCl,EDC-HCl,carbodiimide,carbodiimide,547,20,32,-0.07223231464160568,background,,False
C87,C9,EDC-HCl,TDBTU,carbodiimide,other,534,21,31,-0.05603100606015418,background,,False
C87,C90,EDC-HCl,EDC-HCl,carbodiimide,carbodiimide,561,21,32,-0.08083313973295078,background,,False
C87,C91,EDC-HCl,EDC-HCl,carbodiimide,carbodiimide,564,21,32,-0.08935917308968544,background,,False
C87,C92,EDC-HCl,HATU,carbodiimide,other,569,21,32,-0.022110778939760944,background,,False
C87,C93,EDC-HCl,TPTU,carbodiimide,other,563,21,32,-0.023108216713821295,background,,False
C87,C94,EDC-HCl,HBPYU,carbodiimide,other,569,21,31,-0.017642160977656363,background,,False
C87,C95,EDC-HCl,IIDQ,carbodiimide,quinoline,567,21,31,-0.13467194095301827,target,0.13467194095301827,True
C87,C96,EDC-HCl,TOTU,carbodiimide,other,539,21,32,-0.07551727757079212,background,,False
C88,C89,EDC-HCl,EDC-HCl,carbodiimide,carbodiimide,536,20,32,0.05974593032240496,background,,False
C88,C9,EDC-HCl,TDBTU,carbodiimide,other,523,21,31,0.046226067007238573,background,,False
C88,C90,EDC-HCl,EDC-HCl,carbodiimide,carbodiimide,550,21,32,0.0370460872065997,background,,False
C88,C91,EDC-HCl,EDC-HCl,carbodiimide,carbodiimide,553,21,32,0.03179835987180611,background,,False
C88,C92,EDC-HCl,HATU,carbodiimide,other,558,21,32,0.0929675435764378,background,,False
C88,C93,EDC-HCl,TPTU,carbodiimide,other,552,21,32,0.09863872583005166,background,,False
C88,C94,EDC-HCl,HBPYU,carbodiimide,other,559,21,31,0.10660051663047657,background,,False
C88,C95,EDC-HCl,IIDQ,carbodiimide,quinoline,556,21,31,-0.005971062790756931,target,0.005971062790756931,True
C88,C96,EDC-HCl,TOTU,carbodiimide,other,531,21,32,0.04275447663497883,background,,False
C89,C9,EDC-HCl,TDBTU,carbodiimide,other,515,20,31,0.002938458617896461,background,,False
C89,C90,EDC-HCl,EDC-HCl,carbodiimide,carbodiimide,545,20,32,-0.0019818477660985545,background,,False
C89,C91,EDC-HCl,EDC-HCl,carbodiimide,carbodiimide,547,20,32,-0.027621856650030065,background,,False
C89,C92,EDC-HCl,HATU,carbodiimide,other,549,20,32,0.05117713237232624,background,,False
C89,C93,EDC-HCl,TPTU,carbodiimide,other,543,20,32,0.05274298075424265,background,,False
C89,C94,EDC-HCl,HBPYU,carbodiimide,other,549,20,31,0.048935555829375116,background,,False
C89,C95,EDC-HCl,IIDQ,carbodiimide,quinoline,547,20,31,-0.0749723566895075,target,0.0749723566895075,True
C89,C96,EDC-HCl,TOTU,carbodiimide,other,521,20,32,-0.009180635649413127,background,,False
C9,C90,TDBTU,EDC-HCl,other,carbodiimide,530,21,31,-0.02055027892271192,background,,False
C9,C91,TDBTU,EDC-HCl,other,carbodiimide,535,21,31,-0.015600275458069378,background,,False
C9,C92,TDBTU,HATU,other,other,537,21,31,0.03375989349286221,background,,False
C9,C93,TDBTU,TPTU,other,other,531,21,31,0.017752283224259577,background,,False
C9,C94,TDBTU,HBPYU,other,other,537,21,30,0.03948871852128849,background,,False
C9,C95,TDBTU,IIDQ,other,quinoline,535,21,30,-0.08615047875567461,background,,False
C9,C96,TDBTU,TOTU,other,other,511,21,31,-0.02530453626723289,background,,False
C90,C91,EDC-HCl,EDC-HCl,carbodiimide,carbodiimide,560,21,32,-0.003009539091132763,background,,False
C90,C92,EDC-HCl,HATU,carbodiimide,other,564,21,32,0.05826858007963215,background,,False
C90,C93,EDC-HCl,TPTU,carbodiimide,other,558,21,32,0.06279882248313849,background,,False
C90,C94,EDC-HCl,HBPYU,carbodiimide,other,564,21,31,0.060308478410958766,background,,False
C90,C95,EDC-HCl,IIDQ,carbodiimide,quinoline,562,21,31,-0.056418562093515534,target,0.056418562093515534,True
C90,C96,EDC-HCl,TOTU,carbodiimide,other,535,21,32,-0.004841502142497456,background,,False
C91,C92,EDC-HCl,HATU,carbodiimide,other,567,21,32,0.0619593921079592,background,,False
C91,C93,EDC-HCl,TPTU,carbodiimide,other,561,21,32,0.06243615699184829,background,,False
C91,C94,EDC-HCl,HBPYU,carbodiimide,other,567,21,31,0.05896231662964069,background,,False
C91,C95,EDC-HCl,IIDQ,carbodiimide,quinoline,565,21,31,-0.05943760472906526,target,0.05943760472906526,True
C91,C96,EDC-HCl,TOTU,carbodiimide,other,537,21,32,0.0063305653322477395,background,,False
C92,C93,HATU,TPTU,other,other,567,21,32,0.0014002804481864917,background,,False
C92,C94,HATU,HBPYU,other,other,572,21,31,0.0013786252671985945,background,,False
C92,C95,HATU,IIDQ,other,quinoline,570,21,31,-0.11696354844459048,background,,False
C92,C96,HATU,TOTU,other,other,542,21,32,-0.059304951875374795,background,,False
C93,C94,TPTU,HBPYU,other,other,566,21,31,0.004644584923815143,background,,False
C93,C95,TPTU,IIDQ,other,quinoline,564,21,31,-0.10752227477251083,background,,False
C93,C96,TPTU,TOTU,other,other,536,21,32,-0.05780255494279429,background,,False
C94,C95,HBPYU,IIDQ,other,quinoline,571,21,31,-0.11864679984210746,background,,False
C94,C96,HBPYU,TOTU,other,other,543,21,31,-0.05554700018865849,background,,False
C95,C96,IIDQ,TOTU,quinoline,other,542,21,31,0.06736640435461559,background,,False
